<metadata xml:lang="pt"><Esri><CreaDate>20201208</CreaDate><CreaTime>18345900</CreaTime><ArcGISFormat>1.0</ArcGISFormat><SyncOnce>FALSE</SyncOnce><DataProperties><itemProps><itemLocation><linkage Sync="TRUE">file://\\VSVR-AGSPRD\E$\arcgisserver\directories\arcgisjobs\sma\downloadwebmapepe_gpserver\j65de182cd95041299e0f2fc9fd13bd7e\scratch\zipfolder\Linhas_de_Transmissão___Base_Existente.shp</linkage><protocol Sync="TRUE">Local Area Network</protocol></itemLocation><itemName Sync="TRUE">Linhas_de_Transmissão___Base_Existente</itemName><nativeExtBox><westBL Sync="TRUE">-67.729793</westBL><eastBL Sync="TRUE">-34.890528</eastBL><southBL Sync="TRUE">-33.474352</southBL><northBL Sync="TRUE">4.530678</northBL><exTypeCode Sync="TRUE">1</exTypeCode></nativeExtBox><itemSize Sync="TRUE">0.000</itemSize><imsContentType Sync="TRUE">002</imsContentType></itemProps><copyHistory><copy source="Z:\DEA\SMA\05 Pastas Pessoais\64 Akel Saliba\Projeto união de LT\EC_Linhas_Transmissao_EPE_L" dest="\\epe.lan\Arquivos\Projetos\BASEGEO\Energia e Comunicações\EC_Linhas_Transmissao_EPE_L" date="20171130" time="12560700"/></copyHistory><coordRef><type Sync="TRUE">Geographic</type><geogcsn Sync="TRUE">GCS_SIRGAS_2000</geogcsn><csUnits Sync="TRUE">Angular Unit: Degree (0.017453)</csUnits><peXml Sync="TRUE">&lt;GeographicCoordinateSystem xsi:type='typens:GeographicCoordinateSystem' xmlns:xsi='http://www.w3.org/2001/XMLSchema-instance' xmlns:xs='http://www.w3.org/2001/XMLSchema' xmlns:typens='http://www.esri.com/schemas/ArcGIS/10.8'&gt;&lt;WKT&gt;GEOGCS[&amp;quot;GCS_SIRGAS_2000&amp;quot;,DATUM[&amp;quot;D_SIRGAS_2000&amp;quot;,SPHEROID[&amp;quot;GRS_1980&amp;quot;,6378137.0,298.257222101]],PRIMEM[&amp;quot;Greenwich&amp;quot;,0.0],UNIT[&amp;quot;Degree&amp;quot;,0.0174532925199433],AUTHORITY[&amp;quot;EPSG&amp;quot;,4674]]&lt;/WKT&gt;&lt;XOrigin&gt;-400&lt;/XOrigin&gt;&lt;YOrigin&gt;-400&lt;/YOrigin&gt;&lt;XYScale&gt;11258999068426.238&lt;/XYScale&gt;&lt;ZOrigin&gt;-100000&lt;/ZOrigin&gt;&lt;ZScale&gt;10000&lt;/ZScale&gt;&lt;MOrigin&gt;-100000&lt;/MOrigin&gt;&lt;MScale&gt;10000&lt;/MScale&gt;&lt;XYTolerance&gt;8.983152841195215e-09&lt;/XYTolerance&gt;&lt;ZTolerance&gt;0.001&lt;/ZTolerance&gt;&lt;MTolerance&gt;0.001&lt;/MTolerance&gt;&lt;HighPrecision&gt;true&lt;/HighPrecision&gt;&lt;LeftLongitude&gt;-180&lt;/LeftLongitude&gt;&lt;WKID&gt;4674&lt;/WKID&gt;&lt;LatestWKID&gt;4674&lt;/LatestWKID&gt;&lt;/GeographicCoordinateSystem&gt;</peXml></coordRef><lineage><Process ToolSource="c:\program files (x86)\arcgis\desktop10.7\ArcToolbox\Toolboxes\Conversion Tools.tbx\FeatureClassToFeatureClass" Date="20201210" Time="171307" Name="" export="">FeatureClassToFeatureClass "Z:\!COMUM-EPE\WEBMAPEPE Novo\Dados\Dados_areas\Transmissao\LTs_existentes.shp" "Database Connections\Gisuser PRD2 Connection to sqlclmixedprd - PRD2.sde\EPEGIS02.DBO.WebmapSistemaEletricoExistente" Linhas_de_Transmissao_Existentes # "Id "Id" true true false 10 Long 0 10 ,First,#,Z:\!COMUM-EPE\WEBMAPEPE Novo\Dados\Dados_areas\Transmissao\LTs_existentes.shp,Id,-1,-1;Nome "Nome" true true false 254 Text 0 0 ,First,#,Z:\!COMUM-EPE\WEBMAPEPE Novo\Dados\Dados_areas\Transmissao\LTs_existentes.shp,Nome,-1,-1;Ano_Opera "Ano_Opera" true true false 19 Double 0 0 ,First,#,Z:\!COMUM-EPE\WEBMAPEPE Novo\Dados\Dados_areas\Transmissao\LTs_existentes.shp,Ano_Opera,-1,-1;Concession "Concession" true true false 254 Text 0 0 ,First,#,Z:\!COMUM-EPE\WEBMAPEPE Novo\Dados\Dados_areas\Transmissao\LTs_existentes.shp,Concession,-1,-1;Tensao "Tensao" true true false 19 Double 0 0 ,First,#,Z:\!COMUM-EPE\WEBMAPEPE Novo\Dados\Dados_areas\Transmissao\LTs_existentes.shp,Tensao,-1,-1;Extensao "Extensao" true true false 19 Double 0 0 ,First,#,Z:\!COMUM-EPE\WEBMAPEPE Novo\Dados\Dados_areas\Transmissao\LTs_existentes.shp,Extensao,-1,-1" #</Process><Process ToolSource="c:\program files (x86)\arcgis\desktop10.7\ArcToolbox\Toolboxes\Conversion Tools.tbx\FeatureClassToFeatureClass" Date="20201216" Time="141250" Name="" export="">FeatureClassToFeatureClass "Database Connections\Gisuser PRD2 Connection to sqlclmixedprd - PRD2.sde\EPEGIS02.DBO.WebmapSistemaEletricoExistente\EPEGIS02.DBO.Linhas_de_Transmissao_Existentes" "Z:\!COMUM-EPE\WEBMAPEPE Novo\Dados\Dados_areas\SistemaEletricoExistente" LTs_ex.shp # "Id "Id" true true false 4 Long 0 10 ,First,#,Database Connections\Gisuser PRD2 Connection to sqlclmixedprd - PRD2.sde\EPEGIS02.DBO.WebmapSistemaEletricoExistente\EPEGIS02.DBO.Linhas_de_Transmissao_Existentes,Id,-1,-1;Nome "Nome" true true false 254 Text 0 0 ,First,#,Database Connections\Gisuser PRD2 Connection to sqlclmixedprd - PRD2.sde\EPEGIS02.DBO.WebmapSistemaEletricoExistente\EPEGIS02.DBO.Linhas_de_Transmissao_Existentes,Nome,-1,-1;Ano_Opera "Ano_Opera" true true false 8 Double 8 38 ,First,#,Database Connections\Gisuser PRD2 Connection to sqlclmixedprd - PRD2.sde\EPEGIS02.DBO.WebmapSistemaEletricoExistente\EPEGIS02.DBO.Linhas_de_Transmissao_Existentes,Ano_Opera,-1,-1;Concession "Concession" true true false 254 Text 0 0 ,First,#,Database Connections\Gisuser PRD2 Connection to sqlclmixedprd - PRD2.sde\EPEGIS02.DBO.WebmapSistemaEletricoExistente\EPEGIS02.DBO.Linhas_de_Transmissao_Existentes,Concession,-1,-1;Tensao "Tensao" true true false 8 Double 8 38 ,First,#,Database Connections\Gisuser PRD2 Connection to sqlclmixedprd - PRD2.sde\EPEGIS02.DBO.WebmapSistemaEletricoExistente\EPEGIS02.DBO.Linhas_de_Transmissao_Existentes,Tensao,-1,-1;Extensao "Extensao" true true false 8 Double 8 38 ,First,#,Database Connections\Gisuser PRD2 Connection to sqlclmixedprd - PRD2.sde\EPEGIS02.DBO.WebmapSistemaEletricoExistente\EPEGIS02.DBO.Linhas_de_Transmissao_Existentes,Extensao,-1,-1;created_us "created_us" false true false 255 Text 0 0 ,First,#,Database Connections\Gisuser PRD2 Connection to sqlclmixedprd - PRD2.sde\EPEGIS02.DBO.WebmapSistemaEletricoExistente\EPEGIS02.DBO.Linhas_de_Transmissao_Existentes,created_user,-1,-1;created_da "created_da" false true false 8 Date 0 0 ,First,#,Database Connections\Gisuser PRD2 Connection to sqlclmixedprd - PRD2.sde\EPEGIS02.DBO.WebmapSistemaEletricoExistente\EPEGIS02.DBO.Linhas_de_Transmissao_Existentes,created_date,-1,-1;last_edite "last_edite" false true false 255 Text 0 0 ,First,#,Database Connections\Gisuser PRD2 Connection to sqlclmixedprd - PRD2.sde\EPEGIS02.DBO.WebmapSistemaEletricoExistente\EPEGIS02.DBO.Linhas_de_Transmissao_Existentes,last_edited_user,-1,-1;last_edi_1 "last_edi_1" false true false 8 Date 0 0 ,First,#,Database Connections\Gisuser PRD2 Connection to sqlclmixedprd - PRD2.sde\EPEGIS02.DBO.WebmapSistemaEletricoExistente\EPEGIS02.DBO.Linhas_de_Transmissao_Existentes,last_edited_date,-1,-1;Shape_STLe "Shape_STLe" false false true 0 Double 0 0 ,First,#,Database Connections\Gisuser PRD2 Connection to sqlclmixedprd - PRD2.sde\EPEGIS02.DBO.WebmapSistemaEletricoExistente\EPEGIS02.DBO.Linhas_de_Transmissao_Existentes,Shape.STLength(),-1,-1" #</Process><Process ToolSource="c:\program files (x86)\arcgis\desktop10.7\ArcToolbox\Toolboxes\Conversion Tools.tbx\FeatureClassToFeatureClass" Date="20201216" Time="144637" Name="" export="">FeatureClassToFeatureClass "Z:\!COMUM-EPE\WEBMAPEPE Novo\Dados\Dados_areas\SistemaEletricoExistente\LTs_ex.shp" "Database Connections\Gisuser PRD2 Connection to sqlclmixedprd - PRD2.sde\EPEGIS02.DBO.WebmapSistemaEletricoExistente" Linhas_de_Transmissao_Existentes # "Id "Id" true true false 10 Long 0 10 ,First,#,Z:\!COMUM-EPE\WEBMAPEPE Novo\Dados\Dados_areas\SistemaEletricoExistente\LTs_ex.shp,Id,-1,-1;Nome "Nome" true true false 254 Text 0 0 ,First,#,Z:\!COMUM-EPE\WEBMAPEPE Novo\Dados\Dados_areas\SistemaEletricoExistente\LTs_ex.shp,Nome,-1,-1;Ano_Opera "Ano_Opera" true true false 19 Double 8 18 ,First,#,Z:\!COMUM-EPE\WEBMAPEPE Novo\Dados\Dados_areas\SistemaEletricoExistente\LTs_ex.shp,Ano_Opera,-1,-1;Concession "Concession" true true false 254 Text 0 0 ,First,#,Z:\!COMUM-EPE\WEBMAPEPE Novo\Dados\Dados_areas\SistemaEletricoExistente\LTs_ex.shp,Concession,-1,-1;Tensao "Tensao" true true false 19 Double 8 18 ,First,#,Z:\!COMUM-EPE\WEBMAPEPE Novo\Dados\Dados_areas\SistemaEletricoExistente\LTs_ex.shp,Tensao,-1,-1;Extensao "Extensao" true true false 19 Double 8 18 ,First,#,Z:\!COMUM-EPE\WEBMAPEPE Novo\Dados\Dados_areas\SistemaEletricoExistente\LTs_ex.shp,Extensao,-1,-1;created_us "created_us" true true false 254 Text 0 0 ,First,#,Z:\!COMUM-EPE\WEBMAPEPE Novo\Dados\Dados_areas\SistemaEletricoExistente\LTs_ex.shp,created_us,-1,-1;created_da "created_da" true true false 8 Date 0 0 ,First,#,Z:\!COMUM-EPE\WEBMAPEPE Novo\Dados\Dados_areas\SistemaEletricoExistente\LTs_ex.shp,created_da,-1,-1;last_edite "last_edite" true true false 254 Text 0 0 ,First,#,Z:\!COMUM-EPE\WEBMAPEPE Novo\Dados\Dados_areas\SistemaEletricoExistente\LTs_ex.shp,last_edite,-1,-1;last_edi_1 "last_edi_1" true true false 8 Date 0 0 ,First,#,Z:\!COMUM-EPE\WEBMAPEPE Novo\Dados\Dados_areas\SistemaEletricoExistente\LTs_ex.shp,last_edi_1,-1,-1;Shape_STLe "Shape_STLe" true true false 19 Double 0 0 ,First,#,Z:\!COMUM-EPE\WEBMAPEPE Novo\Dados\Dados_areas\SistemaEletricoExistente\LTs_ex.shp,Shape_STLe,-1,-1" #</Process><Process ToolSource="c:\program files (x86)\arcgis\desktop10.7\ArcToolbox\Toolboxes\Data Management Tools.tbx\CalculateField" Date="20201217" Time="142635" Name="" export="">CalculateField EPEGIS02.DBO.Linhas_de_Transmissao_Existentes teste [Ano_Opera] VB #</Process><Process ToolSource="c:\program files (x86)\arcgis\desktop10.7\ArcToolbox\Toolboxes\Data Management Tools.tbx\CalculateField" Date="20201217" Time="142823" Name="" export="">CalculateField EPEGIS02.DBO.Linhas_de_Transmissao_Existentes Ano_Opera [teste] VB #</Process></lineage></DataProperties><SyncDate>20220218</SyncDate><SyncTime>13340700</SyncTime><ModDate>20220218</ModDate><ModTime>13340700</ModTime><ArcGISProfile>ItemDescription</ArcGISProfile><scaleRange><minScale>150000000</minScale><maxScale>5000</maxScale></scaleRange><ArcGISstyle>North American Profile of ISO19115 2003</ArcGISstyle></Esri><eainfo><detailed Name="Linhas_de_Transmissão___Base_Existente"><enttyp><enttypl Sync="TRUE">Linhas_de_Transmissão___Base_Existente</enttypl><enttypt Sync="TRUE">Feature Class</enttypt><enttypc Sync="TRUE">0</enttypc></enttyp><attr><attrlabl Sync="TRUE">FID</attrlabl><attalias Sync="TRUE">FID</attalias><attrtype Sync="TRUE">OID</attrtype><attwidth Sync="TRUE">4</attwidth><atprecis Sync="TRUE">0</atprecis><attscale Sync="TRUE">0</attscale><attrdef Sync="TRUE">Internal feature number.</attrdef><attrdefs Sync="TRUE">Esri</attrdefs><attrdomv><udom Sync="TRUE">Sequential unique whole numbers that are automatically generated.</udom></attrdomv></attr><attr><attrlabl Sync="TRUE">Shape</attrlabl><attalias Sync="TRUE">Shape</attalias><attrtype Sync="TRUE">Geometry</attrtype><attwidth Sync="TRUE">0</attwidth><atprecis Sync="TRUE">0</atprecis><attscale Sync="TRUE">0</attscale><attrdef Sync="TRUE">Feature geometry.</attrdef><attrdefs Sync="TRUE">Esri</attrdefs><attrdomv><udom Sync="TRUE">Coordinates defining the features.</udom></attrdomv></attr><attr><attrlabl Sync="TRUE">Nome</attrlabl><attalias Sync="TRUE">Nome</attalias><attrtype Sync="TRUE">String</attrtype><attwidth Sync="TRUE">254</attwidth><atprecis Sync="TRUE">0</atprecis><attscale Sync="TRUE">0</attscale></attr><attr><attrlabl Sync="TRUE">Ano_Opera</attrlabl><attalias Sync="TRUE">Ano_Opera</attalias><attrtype Sync="TRUE">Integer</attrtype><attwidth Sync="TRUE">5</attwidth><atprecis Sync="TRUE">5</atprecis><attscale Sync="TRUE">0</attscale></attr><attr><attrlabl Sync="TRUE">Concession</attrlabl><attalias Sync="TRUE">Concession</attalias><attrtype Sync="TRUE">String</attrtype><attwidth Sync="TRUE">254</attwidth><atprecis Sync="TRUE">0</atprecis><attscale Sync="TRUE">0</attscale></attr><attr><attrlabl Sync="TRUE">Tensao</attrlabl><attalias Sync="TRUE">Tensao</attalias><attrtype Sync="TRUE">Double</attrtype><attwidth Sync="TRUE">19</attwidth><atprecis Sync="TRUE">18</atprecis><attscale Sync="TRUE">8</attscale></attr><attr><attrlabl Sync="TRUE">Extensao</attrlabl><attalias Sync="TRUE">Extensao</attalias><attrtype Sync="TRUE">Double</attrtype><attwidth Sync="TRUE">19</attwidth><atprecis Sync="TRUE">18</atprecis><attscale Sync="TRUE">8</attscale></attr><attr><attrlabl Sync="TRUE">created_us</attrlabl><attalias Sync="TRUE">created_us</attalias><attrtype Sync="TRUE">String</attrtype><attwidth Sync="TRUE">254</attwidth><atprecis Sync="TRUE">0</atprecis><attscale Sync="TRUE">0</attscale></attr><attr><attrlabl Sync="TRUE">created_da</attrlabl><attalias Sync="TRUE">created_da</attalias><attrtype Sync="TRUE">Date</attrtype><attwidth Sync="TRUE">8</attwidth><atprecis Sync="TRUE">0</atprecis><attscale Sync="TRUE">0</attscale></attr><attr><attrlabl Sync="TRUE">last_edite</attrlabl><attalias Sync="TRUE">last_edite</attalias><attrtype Sync="TRUE">String</attrtype><attwidth Sync="TRUE">254</attwidth><atprecis Sync="TRUE">0</atprecis><attscale Sync="TRUE">0</attscale></attr><attr><attrlabl Sync="TRUE">last_edi_1</attrlabl><attalias Sync="TRUE">last_edi_1</attalias><attrtype Sync="TRUE">Date</attrtype><attwidth Sync="TRUE">8</attwidth><atprecis Sync="TRUE">0</atprecis><attscale Sync="TRUE">0</attscale></attr><attr><attrlabl Sync="TRUE">Shape_STLe</attrlabl><attalias Sync="TRUE">Shape_STLe</attalias><attrtype Sync="TRUE">Double</attrtype><attwidth Sync="TRUE">19</attwidth><atprecis Sync="TRUE">0</atprecis><attscale Sync="TRUE">0</attscale></attr></detailed></eainfo><mdLang><languageCode value="eng"/><countryCode value="BRA" Sync="TRUE"/></mdLang><mdChar><CharSetCd value="004"/></mdChar><mdHrLv><ScopeCd value="005"/></mdHrLv><mdStanName>ArcGIS Metadata</mdStanName><mdStanVer>1.0</mdStanVer><dataIdInfo><envirDesc Sync="TRUE"> Version 6.2 (Build 9200) ; Esri ArcGIS 10.9.1.28388</envirDesc><dataLang><languageCode value="por" Sync="TRUE"/><countryCode value="BRA" Sync="TRUE"/></dataLang><idCitation><resTitle Sync="TRUE">Linhas_de_Transmissão___Base_Existente</resTitle><presForm><PresFormCd value="005" Sync="TRUE"/></presForm></idCitation><spatRpType><SpatRepTypCd value="001" Sync="TRUE"/></spatRpType><dataExt><geoEle xmlns=""><GeoBndBox esriExtentType="search"><exTypeCode Sync="TRUE">1</exTypeCode><westBL Sync="TRUE">-67.729793</westBL><eastBL Sync="TRUE">-34.890528</eastBL><northBL Sync="TRUE">4.530678</northBL><southBL Sync="TRUE">-33.474352</southBL></GeoBndBox></geoEle></dataExt><idCredit>Bernardo Oliveira , Akel Saliba e Thalles Lins</idCredit><idAbs>&lt;DIV STYLE="text-align:Left;"&gt;&lt;DIV&gt;&lt;DIV&gt;&lt;P STYLE="margin:0 0 1067 0;"&gt;&lt;SPAN&gt;Base de Linhas de Transmissão de Energia da EPE (Planejadas e Em operação)&lt;/SPAN&gt;&lt;SPAN&gt;.&lt;/SPAN&gt;&lt;SPAN /&gt;&lt;SPAN&gt;Os traçados são tem origem nos eixos dos corredores dos Relatórios R1, diretrizes preferenciais dos Relatórios R3, traçados dos estudos de impacto ambiental (EIA) e Declarações de Utilidade Pública (DUP)&lt;/SPAN&gt;&lt;SPAN&gt;.&lt;/SPAN&gt;&lt;SPAN&gt;É apresentado o traçado do estágio mais avançado. Data da atualização:&lt;/SPAN&gt;&lt;SPAN&gt;01&lt;/SPAN&gt;&lt;SPAN&gt;/&lt;/SPAN&gt;&lt;SPAN&gt;0&lt;/SPAN&gt;&lt;SPAN&gt;2&lt;/SPAN&gt;&lt;SPAN&gt;/202&lt;/SPAN&gt;&lt;SPAN&gt;2&lt;/SPAN&gt;&lt;/P&gt;&lt;/DIV&gt;&lt;/DIV&gt;&lt;/DIV&gt;</idAbs></dataIdInfo><distInfo><distFormat><formatName Sync="TRUE">Shapefile</formatName></distFormat><distTranOps><transSize Sync="TRUE">0.000</transSize></distTranOps></distInfo><mdHrLvName Sync="TRUE">dataset</mdHrLvName><refSysInfo><RefSystem><refSysID><identCode code="4674" Sync="TRUE"/><idCodeSpace Sync="TRUE">EPSG</idCodeSpace><idVersion Sync="TRUE">6.11(9.2.0)</idVersion></refSysID></RefSystem></refSysInfo><spatRepInfo><VectSpatRep><geometObjs Name="Linhas_de_Transmissão___Base_Existente"><geoObjTyp><GeoObjTypCd value="002" Sync="TRUE"></GeoObjTypCd></geoObjTyp><geoObjCnt Sync="TRUE">0</geoObjCnt></geometObjs><topLvl><TopoLevCd value="001" Sync="TRUE"></TopoLevCd></topLvl></VectSpatRep></spatRepInfo><spdoinfo><ptvctinf><esriterm Name="Linhas_de_Transmissão___Base_Existente"><efeatyp Sync="TRUE">Simple</efeatyp><efeageom code="3" Sync="TRUE"></efeageom><esritopo Sync="TRUE">FALSE</esritopo><efeacnt Sync="TRUE">0</efeacnt><spindex Sync="TRUE">FALSE</spindex><linrefer Sync="TRUE">FALSE</linrefer></esriterm></ptvctinf></spdoinfo><mdDateSt Sync="TRUE">20220218</mdDateSt></metadata>
