<metadata xml:lang="pt"><Esri><CreaDate>20201210</CreaDate><CreaTime>16392300</CreaTime><ArcGISFormat>1.0</ArcGISFormat><SyncOnce>FALSE</SyncOnce><DataProperties><itemProps><itemLocation><linkage Sync="TRUE">file://\\VSVR-AGSPRD\E$\arcgisserver\directories\arcgisjobs\sma\downloadwebmapepe_gpserver\j65de182cd95041299e0f2fc9fd13bd7e\scratch\zipfolder\Linhas_de_Transmissão___Expansão_Planejada.shp</linkage><protocol Sync="TRUE">Local Area Network</protocol></itemLocation><itemName Sync="TRUE">Linhas_de_Transmissão___Expansão_Planejada</itemName><nativeExtBox><westBL Sync="TRUE">-72.640252</westBL><eastBL Sync="TRUE">-34.921605</eastBL><southBL Sync="TRUE">-33.474073</southBL><northBL Sync="TRUE">2.965059</northBL><exTypeCode Sync="TRUE">1</exTypeCode></nativeExtBox><itemSize Sync="TRUE">0.000</itemSize><imsContentType Sync="TRUE">002</imsContentType></itemProps><copyHistory><copy source="Z:\DEA\SMA\05 Pastas Pessoais\64 Akel Saliba\Projeto união de LT\EC_Linhas_Transmissao_EPE_L" dest="\\epe.lan\Arquivos\Projetos\BASEGEO\Energia e Comunicações\EC_Linhas_Transmissao_EPE_L" date="20171130" time="12560700"/></copyHistory><coordRef><type Sync="TRUE">Geographic</type><geogcsn Sync="TRUE">GCS_SIRGAS_2000</geogcsn><csUnits Sync="TRUE">Angular Unit: Degree (0.017453)</csUnits><peXml Sync="TRUE">&lt;GeographicCoordinateSystem xsi:type='typens:GeographicCoordinateSystem' xmlns:xsi='http://www.w3.org/2001/XMLSchema-instance' xmlns:xs='http://www.w3.org/2001/XMLSchema' xmlns:typens='http://www.esri.com/schemas/ArcGIS/10.8'&gt;&lt;WKT&gt;GEOGCS[&amp;quot;GCS_SIRGAS_2000&amp;quot;,DATUM[&amp;quot;D_SIRGAS_2000&amp;quot;,SPHEROID[&amp;quot;GRS_1980&amp;quot;,6378137.0,298.257222101]],PRIMEM[&amp;quot;Greenwich&amp;quot;,0.0],UNIT[&amp;quot;Degree&amp;quot;,0.0174532925199433],AUTHORITY[&amp;quot;EPSG&amp;quot;,4674]]&lt;/WKT&gt;&lt;XOrigin&gt;-400&lt;/XOrigin&gt;&lt;YOrigin&gt;-400&lt;/YOrigin&gt;&lt;XYScale&gt;11258999068426.238&lt;/XYScale&gt;&lt;ZOrigin&gt;-100000&lt;/ZOrigin&gt;&lt;ZScale&gt;10000&lt;/ZScale&gt;&lt;MOrigin&gt;-100000&lt;/MOrigin&gt;&lt;MScale&gt;10000&lt;/MScale&gt;&lt;XYTolerance&gt;8.983152841195215e-09&lt;/XYTolerance&gt;&lt;ZTolerance&gt;0.001&lt;/ZTolerance&gt;&lt;MTolerance&gt;0.001&lt;/MTolerance&gt;&lt;HighPrecision&gt;true&lt;/HighPrecision&gt;&lt;LeftLongitude&gt;-180&lt;/LeftLongitude&gt;&lt;WKID&gt;4674&lt;/WKID&gt;&lt;LatestWKID&gt;4674&lt;/LatestWKID&gt;&lt;/GeographicCoordinateSystem&gt;</peXml></coordRef><lineage><Process ToolSource="c:\program files (x86)\arcgis\desktop10.7\ArcToolbox\Toolboxes\Conversion Tools.tbx\FeatureClassToFeatureClass" Date="20201210" Time="092209" Name="" export="">FeatureClassToFeatureClass LTs_planejadas "Database Connections\Gisuser PRD2 Connection to sqlclmixedprd - PRD2.sde\EPEGIS02.DBO.WebmapSistemaEletricoPlanejado" Linhas_de_Transmissao_Planejadas # "Id "Id" true true false 10 Long 0 10 ,First,#,LTs_planejadas,Id,-1,-1;Nome "Nome" true true false 254 Text 0 0 ,First,#,LTs_planejadas,Nome,-1,-1;Ano_Planej "Ano_Planej" true true false 19 Double 0 0 ,First,#,LTs_planejadas,Ano_Planej,-1,-1;Tensao "Tensao" true true false 19 Double 0 0 ,First,#,LTs_planejadas,Tensao,-1,-1;Extensao "Extensao" true true false 19 Double 0 0 ,First,#,LTs_planejadas,Extensao,-1,-1;Concession "Concession" true true false 254 Text 0 0 ,First,#,LTs_planejadas,Concession,-1,-1" #</Process></lineage></DataProperties><SyncDate>20220218</SyncDate><SyncTime>13340600</SyncTime><ModDate>20220218</ModDate><ModTime>13340600</ModTime><ArcGISProfile>ItemDescription</ArcGISProfile><scaleRange><minScale>150000000</minScale><maxScale>5000</maxScale></scaleRange><ArcGISstyle>North American Profile of ISO19115 2003</ArcGISstyle></Esri><eainfo><detailed Name="Linhas_de_Transmissão___Expansão_Planejada"><enttyp><enttypl Sync="TRUE">Linhas_de_Transmissão___Expansão_Planejada</enttypl><enttypt Sync="TRUE">Feature Class</enttypt><enttypc Sync="TRUE">0</enttypc></enttyp><attr><attrlabl Sync="TRUE">FID</attrlabl><attalias Sync="TRUE">FID</attalias><attrtype Sync="TRUE">OID</attrtype><attwidth Sync="TRUE">4</attwidth><atprecis Sync="TRUE">0</atprecis><attscale Sync="TRUE">0</attscale><attrdef Sync="TRUE">Internal feature number.</attrdef><attrdefs Sync="TRUE">Esri</attrdefs><attrdomv><udom Sync="TRUE">Sequential unique whole numbers that are automatically generated.</udom></attrdomv></attr><attr><attrlabl Sync="TRUE">Shape</attrlabl><attalias Sync="TRUE">Shape</attalias><attrtype Sync="TRUE">Geometry</attrtype><attwidth Sync="TRUE">0</attwidth><atprecis Sync="TRUE">0</atprecis><attscale Sync="TRUE">0</attscale><attrdef Sync="TRUE">Feature geometry.</attrdef><attrdefs Sync="TRUE">Esri</attrdefs><attrdomv><udom Sync="TRUE">Coordinates defining the features.</udom></attrdomv></attr><attr><attrlabl Sync="TRUE">Nome</attrlabl><attalias Sync="TRUE">Nome</attalias><attrtype Sync="TRUE">String</attrtype><attwidth Sync="TRUE">254</attwidth><atprecis Sync="TRUE">0</atprecis><attscale Sync="TRUE">0</attscale></attr><attr><attrlabl Sync="TRUE">Ano_Planej</attrlabl><attalias Sync="TRUE">Ano_Planej</attalias><attrtype Sync="TRUE">Double</attrtype><attwidth Sync="TRUE">19</attwidth><atprecis Sync="TRUE">18</atprecis><attscale Sync="TRUE">8</attscale></attr><attr><attrlabl Sync="TRUE">Concession</attrlabl><attalias Sync="TRUE">Concession</attalias><attrtype Sync="TRUE">String</attrtype><attwidth Sync="TRUE">254</attwidth><atprecis Sync="TRUE">0</atprecis><attscale Sync="TRUE">0</attscale></attr><attr><attrlabl Sync="TRUE">Tensao</attrlabl><attalias Sync="TRUE">Tensao</attalias><attrtype Sync="TRUE">Double</attrtype><attwidth Sync="TRUE">19</attwidth><atprecis Sync="TRUE">18</atprecis><attscale Sync="TRUE">8</attscale></attr><attr><attrlabl Sync="TRUE">Extensao</attrlabl><attalias Sync="TRUE">Extensao</attalias><attrtype Sync="TRUE">Double</attrtype><attwidth Sync="TRUE">19</attwidth><atprecis Sync="TRUE">18</atprecis><attscale Sync="TRUE">8</attscale></attr><attr><attrlabl Sync="TRUE">Shape_STLe</attrlabl><attalias Sync="TRUE">Shape_STLe</attalias><attrtype Sync="TRUE">Double</attrtype><attwidth Sync="TRUE">19</attwidth><atprecis Sync="TRUE">0</atprecis><attscale Sync="TRUE">0</attscale></attr></detailed></eainfo><mdLang><languageCode value="eng"/><countryCode value="BRA" Sync="TRUE"/></mdLang><mdChar><CharSetCd value="004"/></mdChar><mdHrLv><ScopeCd value="005"/></mdHrLv><mdStanName>ArcGIS Metadata</mdStanName><mdStanVer>1.0</mdStanVer><dataIdInfo><envirDesc Sync="TRUE"> Version 6.2 (Build 9200) ; Esri ArcGIS 10.9.1.28388</envirDesc><dataLang><languageCode value="por" Sync="TRUE"/><countryCode value="BRA" Sync="TRUE"/></dataLang><idCitation><resTitle Sync="TRUE">Linhas_de_Transmissão___Expansão_Planejada</resTitle><presForm><PresFormCd value="005" Sync="TRUE"/></presForm></idCitation><spatRpType><SpatRepTypCd value="001" Sync="TRUE"/></spatRpType><dataExt><geoEle xmlns=""><GeoBndBox esriExtentType="search"><exTypeCode Sync="TRUE">1</exTypeCode><westBL Sync="TRUE">-72.640252</westBL><eastBL Sync="TRUE">-34.921605</eastBL><northBL Sync="TRUE">2.965059</northBL><southBL Sync="TRUE">-33.474073</southBL></GeoBndBox></geoEle></dataExt><idCredit>Bernardo Oliveira , Akel Saliba e Thalles Lins</idCredit><idAbs>&lt;DIV STYLE="text-align:Left;"&gt;&lt;DIV&gt;&lt;DIV&gt;&lt;P STYLE="margin:0 0 1067 0;"&gt;&lt;SPAN&gt;Base de Linhas de Transmissão de Energia da EPE (Planejadas e Em operação)&lt;/SPAN&gt;&lt;SPAN&gt;.&lt;/SPAN&gt;&lt;SPAN /&gt;&lt;SPAN&gt;Os traçados são tem origem nos eixos dos corredores dos Relatórios R1, diretrizes preferenciais dos Relatórios R3, traçados dos estudos de impacto ambiental (EIA) e Declarações de Utilidade Pública (DUP)&lt;/SPAN&gt;&lt;SPAN&gt;.&lt;/SPAN&gt;&lt;SPAN&gt;É apresentado o traçado do estágio mais avançado. Data da atualização:&lt;/SPAN&gt;&lt;SPAN&gt;01&lt;/SPAN&gt;&lt;SPAN&gt;/0&lt;/SPAN&gt;&lt;SPAN&gt;2&lt;/SPAN&gt;&lt;SPAN&gt;/202&lt;/SPAN&gt;&lt;SPAN&gt;2&lt;/SPAN&gt;&lt;/P&gt;&lt;/DIV&gt;&lt;/DIV&gt;&lt;/DIV&gt;</idAbs></dataIdInfo><distInfo><distFormat><formatName Sync="TRUE">Shapefile</formatName></distFormat><distTranOps><transSize Sync="TRUE">0.000</transSize></distTranOps></distInfo><mdHrLvName Sync="TRUE">dataset</mdHrLvName><refSysInfo><RefSystem><refSysID><identCode code="4674" Sync="TRUE"/><idCodeSpace Sync="TRUE">EPSG</idCodeSpace><idVersion Sync="TRUE">6.11(9.2.0)</idVersion></refSysID></RefSystem></refSysInfo><spatRepInfo><VectSpatRep><geometObjs Name="Linhas_de_Transmissão___Expansão_Planejada"><geoObjTyp><GeoObjTypCd value="002" Sync="TRUE"></GeoObjTypCd></geoObjTyp><geoObjCnt Sync="TRUE">0</geoObjCnt></geometObjs><topLvl><TopoLevCd value="001" Sync="TRUE"></TopoLevCd></topLvl></VectSpatRep></spatRepInfo><spdoinfo><ptvctinf><esriterm Name="Linhas_de_Transmissão___Expansão_Planejada"><efeatyp Sync="TRUE">Simple</efeatyp><efeageom code="3" Sync="TRUE"></efeageom><esritopo Sync="TRUE">FALSE</esritopo><efeacnt Sync="TRUE">0</efeacnt><spindex Sync="TRUE">FALSE</spindex><linrefer Sync="TRUE">FALSE</linrefer></esriterm></ptvctinf></spdoinfo><mdDateSt Sync="TRUE">20220218</mdDateSt></metadata>
