period,Battery,Biomass,Coal,Curtailment,Diesel,Gas,Geothermal,Hydro,Nuclear,Solar,Trans_loss,Wind,scs,fossil_twh,clean_twh,vre_twh,total_twh,Hydro_share,Gas_share,Solar_share,Wind_share,Clean_share,VRE_share,Fossil_share
2020,0.0,84.76,11.78,51.29,14.58,160.7,0.35,542.07,32.83,14.39,-0.41,27.62,trd_cut90_vestas2_1axis,187.06,702.02,42.01,889.08,0.61,0.18,0.02,0.03,0.79,0.05,0.21
2030,0.0,65.54,11.66,43.44,0.0,164.14,0.35,639.79,32.83,128.66,-0.62,169.46,trd_cut90_vestas2_1axis,175.8,1036.63,298.12,1212.43,0.53,0.14,0.11,0.14,0.86,0.25,0.14
2040,0.0,54.68,0.0,47.27,0.0,118.25,2.1,763.52,32.83,269.66,-0.58,372.79,trd_cut90_vestas2_1axis,118.25,1495.58,642.45,1613.84,0.47,0.07,0.17,0.23,0.93,0.4,0.07
2050,-31.75,29.82,0.0,180.04,0.0,24.25,2.1,783.78,32.83,406.69,-0.67,878.7,trd_cut90_vestas2_1axis,24.25,2133.93,1285.39,2158.19,0.36,0.01,0.19,0.41,0.99,0.6,0.01
2020,0.0,84.76,11.78,51.25,14.58,160.7,0.35,542.48,32.83,14.35,-0.46,27.3,trd_cut90_vestas7_1axis,187.06,702.06,41.64,889.12,0.61,0.18,0.02,0.03,0.79,0.05,0.21
2030,0.0,66.44,13.46,44.97,0.0,160.85,0.35,637.76,32.83,215.98,-0.58,84.71,trd_cut90_vestas7_1axis,174.31,1038.08,300.7,1212.39,0.53,0.13,0.18,0.07,0.86,0.25,0.14
2040,-0.09,55.12,0.0,49.18,0.0,119.08,2.1,765.08,32.83,334.34,-0.6,305.32,trd_cut90_vestas7_1axis,119.08,1494.79,639.66,1613.87,0.47,0.07,0.21,0.19,0.93,0.4,0.07
2050,-32.84,42.49,0.0,209.84,0.0,24.23,2.1,806.99,50.02,421.29,-0.7,811.4,trd_cut90_vestas7_1axis,24.24,2134.28,1232.68,2158.51,0.37,0.01,0.2,0.38,0.99,0.57,0.01
2020,0.0,84.76,11.78,51.29,14.58,160.7,0.35,542.07,32.83,14.39,-0.41,27.62,trd_cut90_vestas3_1axis,187.06,702.02,42.01,889.08,0.61,0.18,0.02,0.03,0.79,0.05,0.21
2030,0.0,65.48,14.05,46.42,0.0,160.26,0.35,635.62,32.83,260.3,-0.6,43.54,trd_cut90_vestas3_1axis,174.31,1038.11,303.83,1212.41,0.52,0.13,0.21,0.04,0.86,0.25,0.14
2040,-2.84,56.2,0.0,51.58,0.0,119.61,2.1,770.99,32.83,372.22,-0.64,260.38,trd_cut90_vestas3_1axis,119.61,1494.71,632.59,1614.33,0.48,0.07,0.23,0.16,0.93,0.39,0.07
2050,-37.56,95.32,0.0,145.55,0.0,24.24,2.1,794.46,120.05,456.83,-0.67,665.97,trd_cut90_vestas3_1axis,24.24,2134.74,1122.8,2158.97,0.37,0.01,0.21,0.31,0.99,0.52,0.01
2020,0.0,84.76,11.78,51.25,14.58,160.7,0.35,542.44,32.83,14.35,-0.46,27.33,trd_cut90_siemens36_1axis,187.06,702.06,41.68,889.12,0.61,0.18,0.02,0.03,0.79,0.05,0.21
2030,0.0,65.82,14.04,45.63,0.0,159.64,0.35,635.72,32.83,239.51,-0.6,64.5,trd_cut90_siemens36_1axis,173.68,1038.73,304.01,1212.41,0.52,0.13,0.2,0.05,0.86,0.25,0.14
2040,-0.2,55.56,0.0,49.71,0.0,118.61,2.1,776.48,32.83,349.3,-0.65,279.05,trd_cut90_siemens36_1axis,118.61,1495.32,628.35,1613.94,0.48,0.07,0.22,0.17,0.93,0.39,0.07
2050,-35.3,44.65,0.0,207.76,0.0,24.23,2.1,800.6,83.33,446.62,-0.68,757.6,trd_cut90_siemens36_1axis,24.24,2134.91,1204.22,2159.14,0.37,0.01,0.21,0.35,0.99,0.56,0.01
2020,0.0,84.76,11.78,51.25,14.58,160.7,0.35,542.47,32.83,14.35,-0.46,27.3,trd_cut90_siemens23_1axis,187.06,702.06,41.65,889.12,0.61,0.18,0.02,0.03,0.79,0.05,0.21
2030,0.0,66.26,12.9,44.62,0.0,162.18,0.35,635.83,32.83,201.97,-0.58,100.07,trd_cut90_siemens23_1axis,175.09,1037.31,302.04,1212.39,0.52,0.13,0.17,0.08,0.86,0.25,0.14
2040,-0.09,55.0,0.0,48.91,0.0,118.58,2.1,765.79,32.83,323.3,-0.59,316.26,trd_cut90_siemens23_1axis,118.58,1495.28,639.56,1613.86,0.47,0.07,0.2,0.2,0.93,0.4,0.07
2050,-33.92,38.16,0.0,207.07,0.0,24.23,2.1,800.42,39.3,443.64,-0.7,811.3,trd_cut90_siemens23_1axis,24.24,2134.92,1254.94,2159.16,0.37,0.01,0.21,0.38,0.99,0.58,0.01
2020,0.0,84.76,11.78,51.25,14.58,160.7,0.35,542.5,32.83,14.35,-0.46,27.27,trd_cut90_ge25_1axis,187.06,702.06,41.62,889.12,0.61,0.18,0.02,0.03,0.79,0.05,0.21
2030,0.0,65.37,12.15,43.89,0.0,163.15,0.35,638.59,32.83,152.86,-0.59,147.1,trd_cut90_ge25_1axis,175.3,1037.1,299.96,1212.4,0.53,0.13,0.13,0.12,0.86,0.25,0.14
2040,-0.01,55.0,0.0,48.25,0.0,116.83,2.1,763.58,32.83,292.84,-0.58,350.66,trd_cut90_ge25_1axis,116.83,1497.01,643.5,1613.84,0.47,0.07,0.18,0.22,0.93,0.4,0.07
2050,-31.75,30.07,0.0,188.44,0.0,24.24,2.1,788.7,32.83,414.58,-0.7,865.76,trd_cut90_ge25_1axis,24.24,2134.03,1280.34,2158.28,0.37,0.01,0.19,0.4,0.99,0.59,0.01
2020,0.0,84.76,11.78,51.25,14.58,160.7,0.35,542.48,32.83,14.35,-0.46,27.29,trd_cut90_ge15_1axis,187.06,702.06,41.64,889.12,0.61,0.18,0.02,0.03,0.79,0.05,0.21
2030,0.0,65.27,13.28,44.75,0.0,160.65,0.35,641.47,32.83,196.99,-0.54,101.52,trd_cut90_ge15_1axis,173.93,1038.43,298.51,1212.35,0.53,0.13,0.16,0.08,0.86,0.25,0.14
2040,-0.06,54.71,0.0,48.46,0.0,117.8,2.1,766.9,32.83,316.27,-0.59,323.25,trd_cut90_ge15_1axis,117.8,1496.05,639.52,1613.85,0.48,0.07,0.2,0.2,0.93,0.4,0.07
2050,-33.04,34.24,0.0,204.05,0.0,24.24,2.1,804.29,32.83,414.81,-0.72,846.6,trd_cut90_ge15_1axis,24.25,2134.87,1261.4,2159.12,0.37,0.01,0.19,0.39,0.99,0.58,0.01
2020,0.0,84.76,11.78,51.25,14.58,160.7,0.35,542.54,32.83,14.35,-0.46,27.23,trd_cut90_gamesa2_1axis,187.06,702.06,41.58,889.12,0.61,0.18,0.02,0.03,0.79,0.05,0.21
2030,0.0,65.34,14.04,46.18,0.0,159.87,0.35,637.8,32.83,250.54,-0.61,51.65,trd_cut90_gamesa2_1axis,173.91,1038.51,302.19,1212.42,0.53,0.13,0.21,0.04,0.86,0.25,0.14
2040,-0.63,55.75,0.0,50.52,0.0,119.2,2.1,774.04,32.83,358.48,-0.64,271.59,trd_cut90_gamesa2_1axis,119.2,1494.79,630.08,1614.0,0.48,0.07,0.22,0.17,0.93,0.39,0.07
2050,-34.82,71.4,0.0,164.95,0.0,24.24,2.1,799.63,120.05,443.7,-0.66,697.47,trd_cut90_gamesa2_1axis,24.24,2134.35,1141.16,2158.58,0.37,0.01,0.21,0.32,0.99,0.53,0.01
2020,0.0,84.76,11.78,51.25,14.58,160.7,0.35,542.44,32.83,14.35,-0.46,27.33,trd_cut90_enercon7_1axis,187.06,702.06,41.68,889.12,0.61,0.18,0.02,0.03,0.79,0.05,0.21
2030,0.0,65.71,13.76,46.18,0.0,161.41,0.35,635.4,32.83,257.38,-0.63,45.6,trd_cut90_enercon7_1axis,175.18,1037.26,302.98,1212.44,0.52,0.13,0.21,0.04,0.86,0.25,0.14
2040,-0.86,55.84,0.0,51.56,0.0,119.52,2.1,773.35,32.83,364.22,-0.67,266.21,trd_cut90_enercon7_1axis,119.52,1494.54,630.43,1614.06,0.48,0.07,0.23,0.16,0.93,0.39,0.07
2050,-35.15,51.57,0.0,177.72,0.0,24.24,2.1,800.1,120.05,443.54,-0.7,717.38,trd_cut90_enercon7_1axis,24.24,2134.74,1160.92,2158.98,0.37,0.01,0.21,0.33,0.99,0.54,0.01
2020,0.0,84.76,11.78,51.3,14.58,160.7,0.35,542.07,32.83,14.39,-0.41,27.62,trd_cut90_enercon3_1axis,187.06,702.02,42.01,889.08,0.61,0.18,0.02,0.03,0.79,0.05,0.21
2030,0.0,65.46,11.85,43.27,0.0,163.45,0.35,639.64,32.83,119.85,-0.62,178.99,trd_cut90_enercon3_1axis,175.3,1037.14,298.85,1212.44,0.53,0.13,0.1,0.15,0.86,0.25,0.14
2040,0.0,54.93,0.0,48.24,0.0,118.23,2.1,766.75,32.83,259.83,-0.6,379.17,trd_cut90_enercon3_1axis,118.23,1495.62,639.01,1613.85,0.48,0.07,0.16,0.23,0.93,0.4,0.07
2050,-29.34,29.97,0.0,177.16,0.02,24.22,2.1,789.02,32.83,399.03,-0.8,881.58,trd_cut90_enercon3_1axis,24.23,2134.52,1280.61,2158.76,0.37,0.01,0.18,0.41,0.99,0.59,0.01
2020,0.0,84.76,11.78,51.25,14.58,160.7,0.35,542.48,32.83,14.35,-0.46,27.3,trd_cut90_vestas2_fixed,187.06,702.06,41.65,889.12,0.61,0.18,0.02,0.03,0.79,0.05,0.21
2030,0.0,69.47,10.95,41.87,0.0,164.74,0.35,633.76,32.83,21.83,-0.58,278.47,trd_cut90_vestas2_fixed,175.69,1036.71,300.3,1212.4,0.52,0.14,0.02,0.23,0.86,0.25,0.14
2040,0.0,61.27,0.0,44.74,0.0,118.33,2.1,768.9,32.83,72.38,-0.54,557.98,trd_cut90_vestas2_fixed,118.33,1495.46,630.36,1613.8,0.48,0.07,0.04,0.35,0.93,0.39,0.07
2050,-11.73,28.54,0.0,184.31,0.02,24.22,2.1,794.18,32.83,277.9,-0.7,995.53,trd_cut90_vestas2_fixed,24.24,2131.07,1273.43,2155.31,0.37,0.01,0.13,0.46,0.99,0.59,0.01
2020,0.0,84.76,11.78,51.3,14.58,160.7,0.35,542.06,32.83,14.39,-0.41,27.62,trd_cut90_vestas7_fixed,187.06,702.02,42.01,889.07,0.61,0.18,0.02,0.03,0.79,0.05,0.21
2030,0.0,74.46,11.42,41.65,0.0,166.2,0.35,641.36,32.83,76.83,-0.6,208.96,trd_cut90_vestas7_fixed,177.62,1034.79,285.79,1212.41,0.53,0.14,0.06,0.17,0.85,0.24,0.15
2040,-0.06,58.67,0.0,44.64,0.0,118.89,2.1,779.29,32.83,187.62,-0.55,434.41,trd_cut90_vestas7_fixed,118.89,1494.92,622.03,1613.81,0.48,0.07,0.12,0.27,0.93,0.39,0.07
2050,-19.75,50.2,0.0,185.6,0.02,24.22,2.1,804.76,82.19,315.84,-0.6,877.05,trd_cut90_vestas7_fixed,24.24,2132.14,1192.89,2156.38,0.37,0.01,0.15,0.41,0.99,0.55,0.01
2020,0.0,84.76,11.78,51.25,14.58,160.7,0.35,542.29,32.83,14.37,-0.46,27.47,trd_cut90_vestas3_fixed,187.06,702.06,41.84,889.12,0.61,0.18,0.02,0.03,0.79,0.05,0.21
2030,0.0,73.14,12.56,43.15,0.0,165.81,2.1,643.21,32.83,141.3,-0.6,141.46,trd_cut90_vestas3_fixed,178.37,1034.04,282.76,1212.41,0.53,0.14,0.12,0.12,0.85,0.23,0.15
2040,0.0,57.11,0.0,45.75,0.0,119.63,2.1,783.45,32.83,253.44,-0.57,365.26,trd_cut90_vestas3_fixed,119.63,1494.2,618.7,1613.83,0.49,0.07,0.16,0.23,0.93,0.38,0.07
2050,-24.6,108.57,0.0,139.19,0.0,24.25,2.1,810.41,120.05,334.58,-0.63,756.85,trd_cut90_vestas3_fixed,24.26,2132.57,1091.43,2156.82,0.38,0.01,0.16,0.35,0.99,0.51,0.01
2020,0.0,84.76,11.78,51.29,14.58,160.7,0.35,542.07,32.83,14.39,-0.41,27.62,trd_cut90_siemens36_fixed,187.06,702.02,42.01,889.08,0.61,0.18,0.02,0.03,0.79,0.05,0.21
2030,0.0,74.04,12.21,42.25,0.0,164.37,0.35,641.22,32.83,95.44,-0.62,191.96,trd_cut90_siemens36_fixed,176.59,1035.85,287.4,1212.43,0.53,0.14,0.08,0.16,0.85,0.24,0.15
2040,-0.18,57.49,0.0,45.99,0.0,119.06,2.1,781.8,32.83,209.85,-0.59,410.74,trd_cut90_siemens36_fixed,119.06,1494.81,620.59,1613.87,0.48,0.07,0.13,0.25,0.93,0.38,0.07
2050,-22.48,50.82,0.0,187.28,0.0,24.25,2.1,807.1,120.05,316.81,-0.76,836.21,trd_cut90_siemens36_fixed,24.26,2133.09,1153.02,2157.35,0.37,0.01,0.15,0.39,0.99,0.53,0.01
2020,0.0,84.76,11.78,51.25,14.58,160.7,0.35,542.44,32.83,14.35,-0.46,27.33,trd_cut90_siemens23_fixed,187.06,702.07,41.68,889.12,0.61,0.18,0.02,0.03,0.79,0.05,0.21
2030,0.0,74.18,10.92,41.63,0.0,167.14,0.35,638.22,32.83,63.73,-0.66,225.1,trd_cut90_siemens23_fixed,178.06,1034.41,288.83,1212.48,0.53,0.14,0.05,0.19,0.85,0.24,0.15
2040,0.0,58.75,0.0,43.61,0.0,118.79,2.1,778.74,32.83,164.58,-0.57,458.03,trd_cut90_siemens23_fixed,118.79,1495.03,622.61,1613.82,0.48,0.07,0.1,0.28,0.93,0.39,0.07
2050,-21.98,43.44,0.0,189.54,0.02,24.22,2.1,801.11,73.67,312.02,-0.67,900.66,trd_cut90_siemens23_fixed,24.24,2133.01,1212.68,2157.25,0.37,0.01,0.14,0.42,0.99,0.56,0.01
2020,0.0,84.76,11.78,51.24,14.58,160.7,0.35,542.61,32.83,14.26,-0.46,27.26,trd_cut90_ge25_fixed,187.06,702.07,41.52,889.13,0.61,0.18,0.02,0.03,0.79,0.05,0.21
2030,-1.12,69.99,10.46,40.94,0.0,166.56,0.35,633.44,32.83,32.86,-0.67,266.41,trd_cut90_ge25_fixed,177.02,1035.88,299.27,1212.9,0.52,0.14,0.03,0.22,0.85,0.25,0.15
2040,0.0,61.56,0.0,43.07,0.0,118.13,2.1,773.27,32.83,101.57,-0.68,524.48,trd_cut90_ge25_fixed,118.13,1495.81,626.05,1613.94,0.48,0.07,0.06,0.32,0.93,0.39,0.07
2050,-16.64,30.75,0.0,182.28,0.02,24.22,2.1,785.74,32.83,273.73,-0.9,1008.03,trd_cut90_ge25_fixed,24.24,2133.19,1281.76,2157.42,0.36,0.01,0.13,0.47,0.99,0.59,0.01
2020,0.0,84.76,11.78,51.26,14.58,160.7,0.35,542.72,32.83,14.16,-0.45,27.24,trd_cut90_ge15_fixed,187.06,702.06,41.4,889.11,0.61,0.18,0.02,0.03,0.79,0.05,0.21
2030,-1.17,72.42,10.73,41.17,0.0,167.1,0.35,640.01,32.83,55.01,-0.71,234.52,trd_cut90_ge15_fixed,177.83,1035.14,289.53,1212.98,0.53,0.14,0.05,0.19,0.85,0.24,0.15
2040,0.0,59.15,0.0,43.67,0.0,118.65,2.1,772.44,32.83,157.42,-0.69,471.36,trd_cut90_ge15_fixed,118.65,1495.3,628.78,1613.95,0.48,0.07,0.1,0.29,0.93,0.39,0.07
2050,-24.87,48.78,0.0,175.42,0.02,24.22,2.1,793.43,46.18,298.15,-0.84,945.42,trd_cut90_ge15_fixed,24.24,2134.06,1243.57,2158.3,0.37,0.01,0.14,0.44,0.99,0.58,0.01
2020,0.0,84.76,11.78,51.29,14.58,160.7,0.35,542.11,32.83,14.39,-0.42,27.58,trd_cut90_gamesa2_fixed,187.06,702.02,41.97,889.08,0.61,0.18,0.02,0.03,0.79,0.05,0.21
2030,0.0,73.84,12.89,42.61,0.0,163.21,2.1,643.79,32.83,120.05,-0.62,163.73,trd_cut90_gamesa2_fixed,176.1,1036.34,283.78,1212.44,0.53,0.13,0.1,0.14,0.85,0.23,0.15
2040,-0.56,57.44,0.0,44.82,0.0,119.51,2.1,781.5,32.83,231.05,-0.58,389.49,trd_cut90_gamesa2_fixed,119.51,1494.4,620.53,1613.92,0.48,0.07,0.14,0.24,0.93,0.38,0.07
2050,-22.46,102.17,0.0,139.7,0.0,24.25,2.1,808.32,120.05,325.53,-0.7,774.12,trd_cut90_gamesa2_fixed,24.25,2132.28,1099.64,2156.53,0.37,0.01,0.15,0.36,0.99,0.51,0.01
2020,0.0,84.76,11.78,51.25,14.58,160.7,0.35,542.48,32.83,14.34,-0.46,27.3,trd_cut90_enercon7_fixed,187.06,702.07,41.65,889.12,0.61,0.18,0.02,0.03,0.79,0.05,0.21
2030,0.0,73.51,12.58,42.93,0.0,165.38,2.1,643.74,32.83,133.95,-0.6,148.32,trd_cut90_enercon7_fixed,177.96,1034.45,282.27,1212.41,0.53,0.14,0.11,0.12,0.85,0.23,0.15
2040,-0.46,57.35,0.0,46.18,0.0,119.72,2.1,780.61,32.83,236.89,-0.56,384.39,trd_cut90_enercon7_fixed,119.72,1494.17,621.27,1613.89,0.48,0.07,0.15,0.24,0.93,0.38,0.07
2050,-21.61,75.69,0.0,159.25,0.0,24.25,2.1,812.45,120.05,320.88,-0.66,800.97,trd_cut90_enercon7_fixed,24.26,2132.13,1121.84,2156.39,0.38,0.01,0.15,0.37,0.99,0.52,0.01
2020,0.0,84.76,11.78,51.25,14.58,160.7,0.35,542.5,32.83,14.34,-0.46,27.28,trd_cut90_enercon3_fixed,187.06,702.06,41.62,889.12,0.61,0.18,0.02,0.03,0.79,0.05,0.21
2030,0.0,69.43,10.58,41.87,0.0,165.52,0.35,633.92,32.83,19.6,-0.6,280.18,trd_cut90_enercon3_fixed,176.1,1036.32,299.79,1212.42,0.52,0.14,0.02,0.23,0.85,0.25,0.15
2040,0.0,61.31,0.0,46.82,0.0,117.82,2.1,770.6,32.83,60.21,-0.56,568.93,trd_cut90_enercon3_fixed,117.82,1495.99,629.14,1613.81,0.48,0.07,0.04,0.35,0.93,0.39,0.07
2050,-8.36,28.37,0.0,189.82,0.02,24.22,2.1,770.85,32.83,259.25,-0.69,1036.8,trd_cut90_enercon3_fixed,24.24,2130.2,1296.05,2154.44,0.36,0.01,0.12,0.48,0.99,0.6,0.01
2020,0.0,83.11,19.35,51.29,11.41,162.37,0.35,542.07,32.83,14.39,-0.43,27.62,trd_vestas2_1axis,193.13,700.36,42.01,893.5,0.61,0.18,0.02,0.03,0.78,0.05,0.22
2030,0.0,70.09,18.75,42.77,0.0,203.33,0.35,634.07,32.83,119.74,-0.62,133.27,trd_vestas2_1axis,222.09,990.35,253.0,1212.43,0.52,0.17,0.1,0.11,0.82,0.21,0.18
2040,0.0,80.81,9.04,19.17,0.0,417.46,0.35,748.23,32.83,165.8,-0.55,159.28,trd_vestas2_1axis,426.5,1187.31,325.09,1613.81,0.46,0.26,0.1,0.1,0.74,0.2,0.26
2050,-1.41,74.99,3.58,3.01,0.02,595.24,0.35,771.81,32.83,300.29,-0.5,373.95,trd_vestas2_1axis,598.84,1554.21,674.24,2153.05,0.36,0.28,0.14,0.17,0.72,0.31,0.28
2020,0.0,83.11,19.35,51.29,11.41,162.37,0.35,542.07,32.83,14.39,-0.43,27.62,trd_vestas7_1axis,193.13,700.36,42.01,893.5,0.61,0.18,0.02,0.03,0.78,0.05,0.22
2030,0.0,71.2,22.43,43.88,0.0,215.98,0.35,632.07,32.83,192.28,-0.6,45.28,trd_vestas7_1axis,238.41,974.0,237.56,1212.42,0.52,0.18,0.16,0.04,0.8,0.2,0.2
2040,0.0,81.57,11.67,16.58,0.0,483.44,0.35,732.4,32.83,222.48,-0.57,49.08,trd_vestas7_1axis,495.11,1118.71,271.56,1613.82,0.45,0.3,0.14,0.03,0.69,0.17,0.31
2050,-2.18,81.24,7.9,2.48,0.02,737.04,0.35,772.18,32.83,334.05,-0.56,187.63,trd_vestas7_1axis,744.96,1408.27,521.68,2153.23,0.36,0.34,0.16,0.09,0.65,0.24,0.35
2020,0.0,83.11,19.35,51.29,11.41,162.37,0.35,542.07,32.83,14.39,-0.43,27.62,trd_vestas3_1axis,193.13,700.36,42.01,893.5,0.61,0.18,0.02,0.03,0.78,0.05,0.22
2030,0.0,70.53,23.04,44.36,0.0,217.38,0.35,632.1,32.83,208.59,-0.62,27.61,trd_vestas3_1axis,240.42,972.01,236.21,1212.43,0.52,0.18,0.17,0.02,0.8,0.19,0.2
2040,0.0,81.71,11.93,16.86,0.0,487.23,0.35,732.14,32.83,238.91,-0.63,28.79,trd_vestas3_1axis,499.16,1114.72,267.7,1613.89,0.45,0.3,0.15,0.02,0.69,0.17,0.31
2050,-2.29,81.59,11.52,2.31,0.02,807.82,0.35,777.31,32.83,340.43,-0.61,101.44,trd_vestas3_1axis,819.35,1333.95,441.86,2153.3,0.36,0.38,0.16,0.05,0.62,0.21,0.38
2020,0.0,83.11,19.35,51.29,11.41,162.37,0.35,542.07,32.83,14.39,-0.43,27.62,trd_siemens36_1axis,193.13,700.36,42.01,893.5,0.61,0.18,0.02,0.03,0.78,0.05,0.22
2030,0.0,71.06,22.59,44.06,0.0,216.82,0.35,631.74,32.83,201.4,-0.61,35.64,trd_siemens36_1axis,239.41,973.02,237.04,1212.43,0.52,0.18,0.17,0.03,0.8,0.2,0.2
2040,0.0,81.6,11.8,16.68,0.0,485.52,0.35,732.12,32.83,231.0,-0.59,38.64,trd_siemens36_1axis,497.32,1116.53,269.64,1613.84,0.45,0.3,0.14,0.02,0.69,0.17,0.31
2050,-2.19,81.31,8.79,2.48,0.02,744.7,0.35,777.31,32.83,337.47,-0.57,170.46,trd_siemens36_1axis,753.5,1399.73,507.94,2153.24,0.36,0.35,0.16,0.08,0.65,0.24,0.35
2020,0.0,83.11,19.35,51.29,11.41,162.37,0.35,542.07,32.83,14.39,-0.43,27.62,trd_siemens23_1axis,193.13,700.36,42.01,893.5,0.61,0.18,0.02,0.03,0.78,0.05,0.22
2030,0.0,71.3,21.85,43.62,0.0,213.57,0.35,631.23,32.83,177.12,-0.59,64.17,trd_siemens23_1axis,235.42,976.99,241.29,1212.41,0.52,0.18,0.15,0.05,0.81,0.2,0.19
2040,0.0,81.5,10.98,16.81,0.0,476.05,0.35,732.61,32.83,210.15,-0.56,69.35,trd_siemens23_1axis,487.02,1126.79,279.5,1613.81,0.45,0.29,0.13,0.04,0.7,0.17,0.3
2050,-2.07,81.14,7.86,2.48,0.02,738.12,0.35,772.18,32.83,324.63,-0.53,196.06,trd_siemens23_1axis,746.0,1407.19,520.69,2153.19,0.36,0.34,0.15,0.09,0.65,0.24,0.35
2020,0.0,83.11,19.35,51.29,11.41,162.37,0.35,542.07,32.83,14.39,-0.43,27.62,trd_ge25_1axis,193.13,700.36,42.01,893.5,0.61,0.18,0.02,0.03,0.78,0.05,0.22
2030,0.0,71.01,21.11,43.2,0.0,204.99,0.35,635.57,32.83,147.96,-0.59,98.58,trd_ge25_1axis,226.1,986.3,246.54,1212.4,0.52,0.17,0.12,0.08,0.81,0.2,0.19
2040,0.0,80.91,10.47,17.35,0.0,450.21,0.35,739.16,32.83,181.54,-0.55,118.35,trd_ge25_1axis,460.68,1153.13,299.88,1613.81,0.46,0.28,0.11,0.07,0.71,0.19,0.29
2050,-1.39,77.62,5.38,3.0,0.02,661.9,0.35,771.79,32.83,308.69,-0.5,294.47,trd_ge25_1axis,667.29,1485.76,603.16,2153.05,0.36,0.31,0.14,0.14,0.69,0.28,0.31
2020,0.0,83.11,19.35,51.29,11.41,162.37,0.35,542.07,32.83,14.39,-0.43,27.62,trd_ge15_1axis,193.13,700.36,42.01,893.5,0.61,0.18,0.02,0.03,0.78,0.05,0.22
2030,0.0,70.94,20.78,43.45,0.0,211.39,0.35,633.27,32.83,165.93,-0.6,76.92,trd_ge15_1axis,232.17,980.25,242.85,1212.42,0.52,0.17,0.14,0.06,0.81,0.2,0.19
2040,0.0,81.53,10.99,17.21,0.0,465.27,0.35,734.44,32.83,205.9,-0.56,82.51,trd_ge15_1axis,476.25,1137.56,288.41,1613.81,0.46,0.29,0.13,0.05,0.7,0.18,0.3
2050,-1.87,80.5,6.06,2.48,0.02,725.05,0.35,772.18,32.83,321.17,-0.52,214.98,trd_ge15_1axis,731.13,1422.02,536.16,2153.14,0.36,0.34,0.15,0.1,0.66,0.25,0.34
2020,0.0,83.11,19.35,51.29,11.41,162.37,0.35,542.07,32.83,14.39,-0.43,27.62,trd_gamesa2_1axis,193.13,700.36,42.01,893.5,0.61,0.18,0.02,0.03,0.78,0.05,0.22
2030,0.0,71.16,24.18,44.18,0.0,217.3,0.35,631.84,32.83,207.12,-0.59,27.62,trd_gamesa2_1axis,241.48,970.93,234.75,1212.41,0.52,0.18,0.17,0.02,0.8,0.19,0.2
2040,0.0,81.71,11.95,16.93,0.0,486.11,0.35,732.12,32.83,238.81,-0.61,29.99,trd_gamesa2_1axis,498.06,1115.8,268.8,1613.87,0.45,0.3,0.15,0.02,0.69,0.17,0.31
2050,-2.23,81.47,10.3,2.4,0.02,775.33,0.35,777.31,32.83,339.38,-0.57,136.25,trd_gamesa2_1axis,785.65,1367.6,475.64,2153.25,0.36,0.36,0.16,0.06,0.64,0.22,0.36
2020,0.0,83.11,19.35,51.29,11.41,162.37,0.35,542.07,32.83,14.39,-0.43,27.62,trd_enercon7_1axis,193.13,700.36,42.01,893.5,0.61,0.18,0.02,0.03,0.78,0.05,0.22
2030,0.0,71.16,24.18,44.17,0.0,217.29,0.35,632.0,32.83,206.99,-0.6,27.62,trd_enercon7_1axis,241.46,970.95,234.61,1212.41,0.52,0.18,0.17,0.02,0.8,0.19,0.2
2040,0.0,81.71,11.93,16.93,0.0,486.2,0.35,732.24,32.83,238.8,-0.61,29.82,trd_enercon7_1axis,498.13,1115.74,268.61,1613.86,0.45,0.3,0.15,0.02,0.69,0.17,0.31
2050,-2.25,81.54,10.3,2.35,0.02,778.91,0.35,777.31,32.83,339.85,-0.58,132.15,trd_enercon7_1axis,789.23,1364.04,472.01,2153.26,0.36,0.36,0.16,0.06,0.63,0.22,0.37
2020,0.0,83.11,19.35,51.29,11.41,162.37,0.35,542.07,32.83,14.39,-0.43,27.62,trd_enercon3_1axis,193.13,700.36,42.01,893.5,0.61,0.18,0.02,0.03,0.78,0.05,0.22
2030,0.0,69.2,17.65,42.78,0.0,199.71,0.35,633.49,32.83,113.37,-0.59,145.8,trd_enercon3_1axis,217.36,995.04,259.17,1212.4,0.52,0.16,0.09,0.12,0.82,0.21,0.18
2040,0.0,80.81,9.77,18.77,0.0,415.28,0.35,747.17,32.83,155.99,-0.56,171.61,trd_enercon3_1axis,425.05,1188.76,327.6,1613.81,0.46,0.26,0.1,0.11,0.74,0.2,0.26
2050,-1.33,74.51,2.81,2.96,0.02,562.9,0.35,771.73,32.83,288.14,-0.51,419.77,trd_enercon3_1axis,565.72,1587.33,707.9,2153.05,0.36,0.26,0.13,0.19,0.74,0.33,0.26
2020,0.0,83.11,19.35,51.25,11.41,162.37,0.35,542.45,32.83,14.35,-0.47,27.32,trd_vestas2_fixed,193.13,700.41,41.67,893.54,0.61,0.18,0.02,0.03,0.78,0.05,0.22
2030,0.0,76.37,19.79,40.37,0.0,213.38,0.35,638.78,32.83,14.76,-0.61,216.16,trd_vestas2_fixed,233.17,979.25,230.92,1212.42,0.53,0.18,0.01,0.18,0.81,0.19,0.19
2040,0.0,82.27,11.2,15.19,0.0,450.5,0.35,730.1,32.83,18.35,-0.54,288.2,trd_vestas2_fixed,461.7,1152.09,306.55,1613.79,0.45,0.28,0.01,0.18,0.71,0.19,0.29
2050,-1.48,82.21,7.39,2.59,0.02,752.61,0.35,771.81,32.83,52.79,-0.55,453.1,trd_vestas2_fixed,760.02,1393.09,505.89,2153.11,0.36,0.35,0.02,0.21,0.65,0.23,0.35
2020,0.0,83.11,19.35,51.25,11.41,162.37,0.35,542.45,32.83,14.35,-0.47,27.32,trd_vestas7_fixed,193.13,700.41,41.67,893.54,0.61,0.18,0.02,0.03,0.78,0.05,0.22
2030,0.0,85.55,21.65,37.01,0.0,261.53,0.35,639.29,32.83,31.75,-0.64,139.5,trd_vestas7_fixed,283.18,929.27,171.25,1212.45,0.53,0.22,0.03,0.12,0.77,0.14,0.23
2040,0.0,88.99,12.61,15.2,0.0,555.53,0.35,699.59,32.83,57.17,-0.54,166.72,trd_vestas7_fixed,568.15,1045.65,223.89,1613.8,0.43,0.34,0.04,0.1,0.65,0.14,0.35
2050,-1.3,82.31,13.4,1.08,0.02,814.86,0.35,777.45,32.83,166.45,-0.57,265.44,trd_vestas7_fixed,828.28,1324.82,431.88,2153.1,0.36,0.38,0.08,0.12,0.62,0.2,0.38
2020,0.0,83.11,19.35,51.25,11.41,162.37,0.35,542.45,32.83,14.35,-0.47,27.32,trd_vestas3_fixed,193.13,700.41,41.67,893.54,0.61,0.18,0.02,0.03,0.78,0.05,0.22
2030,0.0,85.92,21.69,37.01,0.0,312.36,0.35,640.95,32.83,72.32,-0.59,45.98,trd_vestas3_fixed,334.05,878.35,118.3,1212.4,0.53,0.26,0.06,0.04,0.72,0.1,0.28
2040,0.0,88.37,13.14,15.19,0.0,573.88,0.35,698.83,32.83,149.36,-0.59,57.08,trd_vestas3_fixed,587.02,1026.82,206.44,1613.84,0.43,0.36,0.09,0.04,0.64,0.13,0.36
2050,-1.26,82.84,16.27,0.93,0.02,883.0,0.35,777.48,32.83,214.44,-0.62,145.92,trd_vestas3_fixed,899.29,1253.86,360.35,2153.15,0.36,0.41,0.1,0.07,0.58,0.17,0.42
2020,0.0,83.11,19.35,51.25,11.41,162.37,0.35,542.45,32.83,14.35,-0.47,27.32,trd_siemens36_fixed,193.13,700.41,41.67,893.54,0.61,0.18,0.02,0.03,0.78,0.05,0.22
2030,0.0,85.92,22.63,37.01,0.0,273.67,0.35,639.29,32.83,49.94,-0.59,107.78,trd_siemens36_fixed,296.3,916.1,157.71,1212.4,0.53,0.23,0.04,0.09,0.76,0.13,0.24
2040,0.0,88.99,12.98,15.2,0.0,556.76,0.35,699.59,32.83,87.7,-0.51,134.57,trd_siemens36_fixed,569.74,1044.02,222.27,1613.76,0.43,0.35,0.05,0.08,0.65,0.14,0.35
2050,-1.13,82.65,12.82,0.95,0.02,813.46,0.35,777.48,32.83,182.73,-0.6,250.77,trd_siemens36_fixed,826.3,1326.81,433.5,2153.12,0.36,0.38,0.08,0.12,0.62,0.2,0.38
2020,0.0,83.11,19.35,51.25,11.41,162.37,0.35,542.45,32.83,14.35,-0.47,27.32,trd_siemens23_fixed,193.13,700.41,41.67,893.54,0.61,0.18,0.02,0.03,0.78,0.05,0.22
2030,0.0,84.86,21.3,37.52,0.0,252.63,0.35,638.87,32.83,24.89,-0.63,156.72,trd_siemens23_fixed,273.93,938.52,181.61,1212.44,0.53,0.21,0.02,0.13,0.77,0.15,0.23
2040,0.0,88.46,11.57,15.2,0.0,546.39,0.35,699.59,32.83,52.45,-0.51,182.12,trd_siemens23_fixed,557.96,1055.81,234.57,1613.77,0.43,0.34,0.03,0.11,0.65,0.15,0.35
2050,-1.27,82.29,10.66,1.1,0.02,801.62,0.35,777.43,32.83,154.42,-0.57,293.48,trd_siemens23_fixed,812.3,1340.79,447.9,2153.1,0.36,0.37,0.07,0.14,0.62,0.21,0.38
2020,0.0,83.11,19.35,51.25,11.41,162.37,0.35,542.45,32.83,14.35,-0.47,27.32,trd_ge25_fixed,193.13,700.41,41.67,893.54,0.61,0.18,0.02,0.03,0.78,0.05,0.22
2030,0.0,81.52,20.57,38.46,0.0,237.34,0.35,638.22,32.83,17.64,-0.61,183.95,trd_ge25_fixed,257.91,954.51,201.59,1212.42,0.53,0.2,0.01,0.15,0.79,0.17,0.21
2040,0.0,82.99,11.54,15.19,0.0,453.38,0.35,729.94,32.83,30.67,-0.54,272.1,trd_ge25_fixed,464.92,1148.88,302.77,1613.8,0.45,0.28,0.02,0.17,0.71,0.19,0.29
2050,-1.51,82.24,6.19,2.55,0.02,746.12,0.35,772.18,32.83,105.83,-0.56,407.37,trd_ge25_fixed,752.33,1400.79,513.19,2153.13,0.36,0.35,0.05,0.19,0.65,0.24,0.35
2020,0.0,83.11,19.35,51.25,11.41,162.37,0.35,542.45,32.83,14.35,-0.47,27.32,trd_ge15_fixed,193.13,700.41,41.67,893.54,0.61,0.18,0.02,0.03,0.78,0.05,0.22
2030,0.0,84.93,21.28,37.35,0.0,253.54,0.35,639.28,32.83,19.7,-0.64,160.54,trd_ge15_fixed,274.83,937.62,180.24,1212.45,0.53,0.21,0.02,0.13,0.77,0.15,0.23
2040,0.0,88.46,11.46,15.19,0.0,546.02,0.35,699.59,32.83,50.44,-0.52,184.62,trd_ge15_fixed,557.48,1056.29,235.06,1613.77,0.43,0.34,0.03,0.11,0.65,0.15,0.35
2050,-1.27,82.27,8.02,1.09,0.02,774.82,0.35,777.42,32.83,151.32,-0.56,326.05,trd_ge15_fixed,782.86,1370.24,477.37,2153.09,0.36,0.36,0.07,0.15,0.64,0.22,0.36
2020,0.0,83.11,19.35,51.25,11.41,162.37,0.35,542.45,32.83,14.35,-0.47,27.32,trd_gamesa2_fixed,193.13,700.41,41.67,893.54,0.61,0.18,0.02,0.03,0.78,0.05,0.22
2030,0.0,85.92,21.93,37.01,0.0,302.57,0.35,639.29,32.83,60.75,-0.6,68.78,trd_gamesa2_fixed,324.5,887.91,129.53,1212.41,0.53,0.25,0.05,0.06,0.73,0.11,0.27
2040,0.0,88.93,12.89,15.19,0.0,568.03,0.35,699.59,32.83,124.89,-0.54,86.27,trd_gamesa2_fixed,580.92,1032.87,211.16,1613.79,0.43,0.35,0.08,0.05,0.64,0.13,0.36
2050,-1.16,82.79,14.49,0.94,0.02,864.23,0.35,777.48,32.83,204.41,-0.6,176.52,trd_gamesa2_fixed,878.74,1274.38,380.93,2153.12,0.36,0.4,0.09,0.08,0.59,0.18,0.41
2020,0.0,83.11,19.35,51.25,11.41,162.37,0.35,542.45,32.83,14.35,-0.47,27.32,trd_enercon7_fixed,193.13,700.41,41.67,893.54,0.61,0.18,0.02,0.03,0.78,0.05,0.22
2030,0.0,85.92,21.95,37.01,0.0,304.24,0.35,639.29,32.83,65.32,-0.59,62.5,trd_enercon7_fixed,326.19,886.22,127.83,1212.41,0.53,0.25,0.05,0.05,0.73,0.11,0.27
2040,0.0,88.79,13.07,15.19,0.0,569.74,0.35,699.59,32.83,137.44,-0.55,71.98,trd_enercon7_fixed,582.82,1030.99,209.43,1613.8,0.43,0.35,0.09,0.04,0.64,0.13,0.36
2050,-1.2,82.83,15.12,0.93,0.02,869.7,0.35,777.48,32.83,205.99,-0.61,168.8,trd_enercon7_fixed,884.85,1268.29,374.8,2153.13,0.36,0.4,0.1,0.08,0.59,0.17,0.41
2020,0.0,83.11,19.35,51.25,11.41,162.37,0.35,542.45,32.83,14.35,-0.47,27.32,trd_enercon3_fixed,193.13,700.41,41.67,893.54,0.61,0.18,0.02,0.03,0.78,0.05,0.22
2030,0.0,75.32,18.7,40.07,0.0,210.91,0.35,632.91,32.83,14.39,-0.62,227.02,trd_enercon3_fixed,229.62,982.82,241.41,1212.44,0.52,0.17,0.01,0.19,0.81,0.2,0.19
2040,0.0,82.02,11.3,15.19,0.0,446.71,0.35,730.66,32.83,14.96,-0.54,294.96,trd_enercon3_fixed,458.01,1155.78,309.92,1613.79,0.45,0.28,0.01,0.18,0.72,0.19,0.28
2050,-1.43,82.2,8.43,2.63,0.02,694.83,0.35,771.81,32.83,42.51,-0.56,520.13,trd_enercon3_fixed,703.27,1449.84,562.64,2153.11,0.36,0.32,0.02,0.24,0.67,0.26,0.33
