scs,transmission_line,period,new_build_transmission_capacity_mw,emis_policy,exist_trd,op_char,fixed_pv,pol,group
prm15_wcost_re19_c2p1_tn,Argentina_Uruguay_New,14245,3.347804064171,0,0,19,1,"NoCut,Full",001
prm15_wcost_re16_c2p1_co2_cut90p_tn,Argentina_Uruguay_New,14245,0.0,1,0,16,1,"90%Cut,Full",101
prm15_wcost_re16_c2p1_tn,Argentina_Uruguay_New,14245,0.211500473902,0,0,16,1,"NoCut,Full",001
prm15_wcost_re17_c2p1_co2_cut90p_tn,Argentina_Uruguay_New,14245,0.048747998545900006,1,0,17,1,"90%Cut,Full",101
prm15_wcost_re17_c2p1_tn,Argentina_Uruguay_New,14245,0.33406287609589996,0,0,17,1,"NoCut,Full",001
prm15_wcost_re18_c2p1_co2_cut90p_tn,Argentina_Uruguay_New,14245,0.144612115931,1,0,18,1,"90%Cut,Full",101
prm15_wcost_re18_c2p1_tn,Argentina_Uruguay_New,14245,3.347804064166,0,0,18,1,"NoCut,Full",001
prm15_wcost_re19_c2p1_co2_cut90p_tn,Argentina_Uruguay_New,14245,0.147527022763,1,0,19,1,"90%Cut,Full",101
prm15_wcost_re1_c2p1_co2_cut90p_tn,Argentina_Uruguay_New,14245,0.0,1,0,1,0,"90%Cut,Full",100
prm15_wcost_re1_c2p1_tn,Argentina_Uruguay_New,14245,0.0,0,0,1,0,"NoCut,Full",000
prm15_wcost_re20_c2p1_co2_cut90p_tn,Argentina_Uruguay_New,14245,0.0,1,0,20,1,"90%Cut,Full",101
prm15_wcost_re20_c2p1_tn,Argentina_Uruguay_New,14245,0.00498470931255,0,0,20,1,"NoCut,Full",001
prm15_wcost_re2_c2p1_co2_cut90p_tn,Argentina_Uruguay_New,14245,0.0,1,0,2,0,"90%Cut,Full",100
prm15_wcost_re15_c2p1_tn,Argentina_Uruguay_New,14245,0.4520728718246,0,0,15,1,"NoCut,Full",001
prm15_wcost_re2_c2p1_tn,Argentina_Uruguay_New,14245,0.674446759161,0,0,2,0,"NoCut,Full",000
prm15_wcost_re3_c2p1_tn,Argentina_Uruguay_New,14245,2.950037433153,0,0,3,0,"NoCut,Full",000
prm15_wcost_re4_c2p1_co2_cut90p_tn,Argentina_Uruguay_New,14245,0.0,1,0,4,0,"90%Cut,Full",100
prm15_wcost_re4_c2p1_tn,Argentina_Uruguay_New,14245,1.3970955301210002,0,0,4,0,"NoCut,Full",000
prm15_wcost_re5_c2p1_co2_cut90p_tn,Argentina_Uruguay_New,14245,0.0,1,0,5,0,"90%Cut,Full",100
prm15_wcost_re5_c2p1_tn,Argentina_Uruguay_New,14245,0.359405643372,0,0,5,0,"NoCut,Full",000
prm15_wcost_re6_c2p1_co2_cut90p_tn,Argentina_Uruguay_New,14245,0.0,1,0,6,0,"90%Cut,Full",100
prm15_wcost_re6_c2p1_tn,Argentina_Uruguay_New,14245,0.0313790079731,0,0,6,0,"NoCut,Full",000
prm15_wcost_re7_c2p1_co2_cut90p_tn,Argentina_Uruguay_New,14245,0.0,1,0,7,0,"90%Cut,Full",100
prm15_wcost_re7_c2p1_tn,Argentina_Uruguay_New,14245,0.311810553814,0,0,7,0,"NoCut,Full",000
prm15_wcost_re8_c2p1_co2_cut90p_tn,Argentina_Uruguay_New,14245,0.0135253918495,1,0,8,0,"90%Cut,Full",100
prm15_wcost_re8_c2p1_tn,Argentina_Uruguay_New,14245,2.259549090909,0,0,8,0,"NoCut,Full",000
prm15_wcost_re9_c2p1_co2_cut90p_tn,Argentina_Uruguay_New,14245,0.0110125466754,1,0,9,0,"90%Cut,Full",100
prm15_wcost_re3_c2p1_co2_cut90p_tn,Argentina_Uruguay_New,14245,0.0363609171702,1,0,3,0,"90%Cut,Full",100
prm15_wcost_re15_c2p1_co2_cut90p_tn,Argentina_Uruguay_New,14245,0.061581117704100005,1,0,15,1,"90%Cut,Full",101
prm15_wcost_re9_c2p1_tn,Argentina_Uruguay_New,14245,2.2616971122989997,0,0,9,0,"NoCut,Full",000
prm15_wcost_re10_c2p1_tn,Argentina_Uruguay_New,14245,0.0,0,0,10,0,"NoCut,Full",000
prm15_wcost_re12_c2p1_tn,Argentina_Uruguay_New,14245,1.3469525095610002,0,0,12,1,"NoCut,Full",001
prm15_wcost_re11_c2p1_tn,Argentina_Uruguay_New,14245,0.0059518200626100005,0,0,11,1,"NoCut,Full",001
prm15_wcost_re10_c2p1_co2_cut90p_tn,Argentina_Uruguay_New,14245,0.0,1,0,10,0,"90%Cut,Full",100
prm15_wcost_re14_c2p1_tn,Argentina_Uruguay_New,14245,1.769507917889,0,0,14,1,"NoCut,Full",001
prm15_wcost_re11_c2p1_co2_cut90p_tn,Argentina_Uruguay_New,14245,0.0,1,0,11,1,"90%Cut,Full",101
prm15_wcost_re13_c2p1_co2_cut90p_tn,Argentina_Uruguay_New,14245,0.1899765323706,1,0,13,1,"90%Cut,Full",101
prm15_wcost_re14_c2p1_co2_cut90p_tn,Argentina_Uruguay_New,14245,0.0842759631255,1,0,14,1,"90%Cut,Full",101
prm15_wcost_re13_c2p1_tn,Argentina_Uruguay_New,14245,3.3617379679179997,0,0,13,1,"NoCut,Full",001
prm15_wcost_re12_c2p1_co2_cut90p_tn,Argentina_Uruguay_New,14245,0.0720251270091,1,0,12,1,"90%Cut,Full",101
prm15_wcost_re4_c2p1_co2_cut90p_tn,Argentina_Brazil_New,14245,10.55845498173,1,0,4,0,"90%Cut,Full",100
prm15_wcost_re12_c2p1_co2_cut90p_tn,Argentina_Brazil_New,14245,10.14772715406,1,0,12,1,"90%Cut,Full",101
prm15_wcost_re15_c2p1_co2_cut90p_tn,Argentina_Brazil_New,14245,9.569302788500002,1,0,15,1,"90%Cut,Full",101
prm15_wcost_re3_c2p1_co2_cut90p_tn,Argentina_Brazil_New,14245,10.66748253995,1,0,3,0,"90%Cut,Full",100
prm15_wcost_re2_c2p1_tn,Argentina_Brazil_New,14245,0.0,0,0,2,0,"NoCut,Full",000
prm15_wcost_re2_c2p1_co2_cut90p_tn,Argentina_Brazil_New,14245,9.159973439769999,1,0,2,0,"90%Cut,Full",100
prm15_wcost_re20_c2p1_tn,Argentina_Brazil_New,14245,0.0,0,0,20,1,"NoCut,Full",001
prm15_wcost_re3_c2p1_tn,Argentina_Brazil_New,14245,0.0,0,0,3,0,"NoCut,Full",000
prm15_wcost_re4_c2p1_tn,Argentina_Brazil_New,14245,0.0,0,0,4,0,"NoCut,Full",000
prm15_wcost_re11_c2p1_tn,Argentina_Brazil_New,14245,0.0,0,0,11,1,"NoCut,Full",001
prm15_wcost_re20_c2p1_co2_cut90p_tn,Argentina_Brazil_New,14245,3.8630209154200004,1,0,20,1,"90%Cut,Full",101
prm15_wcost_re5_c2p1_tn,Argentina_Brazil_New,14245,0.0,0,0,5,0,"NoCut,Full",000
prm15_wcost_re6_c2p1_co2_cut90p_tn,Argentina_Brazil_New,14245,5.892560356797,1,0,6,0,"90%Cut,Full",100
prm15_wcost_re6_c2p1_tn,Argentina_Brazil_New,14245,0.0,0,0,6,0,"NoCut,Full",000
prm15_wcost_re11_c2p1_co2_cut90p_tn,Argentina_Brazil_New,14245,5.832961733648,1,0,11,1,"90%Cut,Full",101
prm15_wcost_re7_c2p1_co2_cut90p_tn,Argentina_Brazil_New,14245,6.044816169370001,1,0,7,0,"90%Cut,Full",100
prm15_wcost_re7_c2p1_tn,Argentina_Brazil_New,14245,0.0,0,0,7,0,"NoCut,Full",000
prm15_wcost_re8_c2p1_co2_cut90p_tn,Argentina_Brazil_New,14245,10.83444040762,1,0,8,0,"90%Cut,Full",100
prm15_wcost_re10_c2p1_tn,Argentina_Brazil_New,14245,0.0,0,0,10,0,"NoCut,Full",000
prm15_wcost_re8_c2p1_tn,Argentina_Brazil_New,14245,0.0,0,0,8,0,"NoCut,Full",000
prm15_wcost_re9_c2p1_co2_cut90p_tn,Argentina_Brazil_New,14245,10.2862183697,1,0,9,0,"90%Cut,Full",100
prm15_wcost_re9_c2p1_tn,Argentina_Brazil_New,14245,0.0,0,0,9,0,"NoCut,Full",000
prm15_wcost_re5_c2p1_co2_cut90p_tn,Argentina_Brazil_New,14245,7.244066644759999,1,0,5,0,"90%Cut,Full",100
prm15_wcost_re13_c2p1_co2_cut90p_tn,Argentina_Brazil_New,14245,9.98892011175,1,0,13,1,"90%Cut,Full",101
prm15_wcost_re12_c2p1_tn,Argentina_Brazil_New,14245,0.0,0,0,12,1,"NoCut,Full",001
prm15_wcost_re1_c2p1_tn,Argentina_Brazil_New,14245,0.0,0,0,1,0,"NoCut,Full",000
prm15_wcost_re15_c2p1_tn,Argentina_Brazil_New,14245,0.0,0,0,15,1,"NoCut,Full",001
prm15_wcost_re14_c2p1_tn,Argentina_Brazil_New,14245,0.0,0,0,14,1,"NoCut,Full",001
prm15_wcost_re16_c2p1_co2_cut90p_tn,Argentina_Brazil_New,14245,6.36562588461,1,0,16,1,"90%Cut,Full",101
prm15_wcost_re16_c2p1_tn,Argentina_Brazil_New,14245,0.0,0,0,16,1,"NoCut,Full",001
prm15_wcost_re17_c2p1_co2_cut90p_tn,Argentina_Brazil_New,14245,7.24707512728,1,0,17,1,"90%Cut,Full",101
prm15_wcost_re14_c2p1_co2_cut90p_tn,Argentina_Brazil_New,14245,11.250194256799999,1,0,14,1,"90%Cut,Full",101
prm15_wcost_re17_c2p1_tn,Argentina_Brazil_New,14245,0.0,0,0,17,1,"NoCut,Full",001
prm15_wcost_re18_c2p1_co2_cut90p_tn,Argentina_Brazil_New,14245,8.21173870094,1,0,18,1,"90%Cut,Full",101
prm15_wcost_re18_c2p1_tn,Argentina_Brazil_New,14245,0.0,0,0,18,1,"NoCut,Full",001
prm15_wcost_re13_c2p1_tn,Argentina_Brazil_New,14245,0.0,0,0,13,1,"NoCut,Full",001
prm15_wcost_re19_c2p1_co2_cut90p_tn,Argentina_Brazil_New,14245,7.0300163829699995,1,0,19,1,"90%Cut,Full",101
prm15_wcost_re10_c2p1_co2_cut90p_tn,Argentina_Brazil_New,14245,3.707990019671,1,0,10,0,"90%Cut,Full",100
prm15_wcost_re19_c2p1_tn,Argentina_Brazil_New,14245,0.0,0,0,19,1,"NoCut,Full",001
prm15_wcost_re1_c2p1_co2_cut90p_tn,Argentina_Brazil_New,14245,4.286562674331,1,0,1,0,"90%Cut,Full",100
prm15_wcost_re2_c2p1_tn,Argentina_Chile_New,14245,0.0,0,0,2,0,"NoCut,Full",000
prm15_wcost_re14_c2p1_co2_cut90p_tn,Argentina_Chile_New,14245,16.403537047900002,1,0,14,1,"90%Cut,Full",101
prm15_wcost_re16_c2p1_tn,Argentina_Chile_New,14245,0.0,0,0,16,1,"NoCut,Full",001
prm15_wcost_re7_c2p1_co2_cut90p_tn,Argentina_Chile_New,14245,14.207587492790001,1,0,7,0,"90%Cut,Full",100
prm15_wcost_re16_c2p1_co2_cut90p_tn,Argentina_Chile_New,14245,16.854475444240002,1,0,16,1,"90%Cut,Full",101
prm15_wcost_re7_c2p1_tn,Argentina_Chile_New,14245,0.0,0,0,7,0,"NoCut,Full",000
prm15_wcost_re10_c2p1_tn,Argentina_Chile_New,14245,0.0,0,0,10,0,"NoCut,Full",000
prm15_wcost_re1_c2p1_co2_cut90p_tn,Argentina_Chile_New,14245,13.420803467583,1,0,1,0,"90%Cut,Full",100
prm15_wcost_re8_c2p1_co2_cut90p_tn,Argentina_Chile_New,14245,14.589303413134399,1,0,8,0,"90%Cut,Full",100
prm15_wcost_re20_c2p1_co2_cut90p_tn,Argentina_Chile_New,14245,16.22599885654,1,0,20,1,"90%Cut,Full",101
prm15_wcost_re15_c2p1_tn,Argentina_Chile_New,14245,0.0,0,0,15,1,"NoCut,Full",001
prm15_wcost_re8_c2p1_tn,Argentina_Chile_New,14245,0.0,0,0,8,0,"NoCut,Full",000
prm15_wcost_re13_c2p1_co2_cut90p_tn,Argentina_Chile_New,14245,15.82919659491,1,0,13,1,"90%Cut,Full",101
prm15_wcost_re14_c2p1_tn,Argentina_Chile_New,14245,0.0,0,0,14,1,"NoCut,Full",001
prm15_wcost_re9_c2p1_co2_cut90p_tn,Argentina_Chile_New,14245,14.5378862942061,1,0,9,0,"90%Cut,Full",100
prm15_wcost_re10_c2p1_co2_cut90p_tn,Argentina_Chile_New,14245,14.10534277349,1,0,10,0,"90%Cut,Full",100
prm15_wcost_re15_c2p1_co2_cut90p_tn,Argentina_Chile_New,14245,17.500313987056,1,0,15,1,"90%Cut,Full",101
prm15_wcost_re6_c2p1_tn,Argentina_Chile_New,14245,0.0,0,0,6,0,"NoCut,Full",000
prm15_wcost_re20_c2p1_tn,Argentina_Chile_New,14245,0.0,0,0,20,1,"NoCut,Full",001
prm15_wcost_re11_c2p1_co2_cut90p_tn,Argentina_Chile_New,14245,16.238558005359998,1,0,11,1,"90%Cut,Full",101
prm15_wcost_re6_c2p1_co2_cut90p_tn,Argentina_Chile_New,14245,14.010799959530999,1,0,6,0,"90%Cut,Full",100
prm15_wcost_re3_c2p1_co2_cut90p_tn,Argentina_Chile_New,14245,14.575897859155601,1,0,3,0,"90%Cut,Full",100
prm15_wcost_re12_c2p1_co2_cut90p_tn,Argentina_Chile_New,14245,17.243548325726,1,0,12,1,"90%Cut,Full",101
prm15_wcost_re3_c2p1_tn,Argentina_Chile_New,14245,0.0,0,0,3,0,"NoCut,Full",000
prm15_wcost_re18_c2p1_tn,Argentina_Chile_New,14245,0.0,0,0,18,1,"NoCut,Full",001
prm15_wcost_re19_c2p1_tn,Argentina_Chile_New,14245,0.0,0,0,19,1,"NoCut,Full",001
prm15_wcost_re4_c2p1_co2_cut90p_tn,Argentina_Chile_New,14245,14.311543743528,1,0,4,0,"90%Cut,Full",100
prm15_wcost_re13_c2p1_tn,Argentina_Chile_New,14245,0.0,0,0,13,1,"NoCut,Full",001
prm15_wcost_re18_c2p1_co2_cut90p_tn,Argentina_Chile_New,14245,15.884672284613,1,0,18,1,"90%Cut,Full",101
prm15_wcost_re4_c2p1_tn,Argentina_Chile_New,14245,0.0,0,0,4,0,"NoCut,Full",000
prm15_wcost_re11_c2p1_tn,Argentina_Chile_New,14245,0.0,0,0,11,1,"NoCut,Full",001
prm15_wcost_re2_c2p1_co2_cut90p_tn,Argentina_Chile_New,14245,14.334733319586,1,0,2,0,"90%Cut,Full",100
prm15_wcost_re5_c2p1_co2_cut90p_tn,Argentina_Chile_New,14245,14.303111584973,1,0,5,0,"90%Cut,Full",100
prm15_wcost_re1_c2p1_tn,Argentina_Chile_New,14245,0.0,0,0,1,0,"NoCut,Full",000
prm15_wcost_re9_c2p1_tn,Argentina_Chile_New,14245,0.0,0,0,9,0,"NoCut,Full",000
prm15_wcost_re5_c2p1_tn,Argentina_Chile_New,14245,0.0,0,0,5,0,"NoCut,Full",000
prm15_wcost_re12_c2p1_tn,Argentina_Chile_New,14245,0.0,0,0,12,1,"NoCut,Full",001
prm15_wcost_re17_c2p1_co2_cut90p_tn,Argentina_Chile_New,14245,17.534783696092003,1,0,17,1,"90%Cut,Full",101
prm15_wcost_re19_c2p1_co2_cut90p_tn,Argentina_Chile_New,14245,15.841906360229999,1,0,19,1,"90%Cut,Full",101
prm15_wcost_re17_c2p1_tn,Argentina_Chile_New,14245,0.0,0,0,17,1,"NoCut,Full",001
