scenario,technology,load_zone,new_build_mw,cap_mw,new_cap_mw,emis_policy,exist_trd,op_char,fixed_pv,pol,group
prm15_wcost_re18_c2p1_t1,SolarPV,Argentina,1361.824595719103,68590.4,1361.824595719103,0,1,18,1,"NoCut,Lim",011
prm15_wcost_re13_c2p1_t1,SolarPV,Paraguay,2488.6233168875924,11360.1,2488.6233168875924,0,1,13,1,"NoCut,Lim",011
prm15_wcost_re13_c2p1_t1,SolarPV,Uruguay,3957.6207322724927,8111.2,3957.6207322724927,0,1,13,1,"NoCut,Lim",011
prm15_wcost_re13_c2p1_t1,Wind,Argentina,585.0,631578.0,585.0,0,1,13,1,"NoCut,Lim",011
prm15_wcost_re13_c2p1_t1,Wind,Brazil,42544.678027807466,281991.0,42544.678027807466,0,1,13,1,"NoCut,Lim",011
prm15_wcost_re13_c2p1_t1,Wind,Chile,0.0,25245.0,0.0,0,1,13,1,"NoCut,Lim",011
prm15_wcost_re13_c2p1_t1,Wind,Paraguay,0.0,80313.0,0.0,0,1,13,1,"NoCut,Lim",011
prm15_wcost_re13_c2p1_t1,Wind,Uruguay,7709.872733686067,102552.0,7709.872733686067,0,1,13,1,"NoCut,Lim",011
prm15_wcost_re4_c2p1_t1,Wind,Paraguay,0.0,80313.0,0.0,0,1,4,0,"NoCut,Lim",010
prm15_wcost_re4_c2p1_t1,Wind,Chile,0.0,25245.0,0.0,0,1,4,0,"NoCut,Lim",010
prm15_wcost_re4_c2p1_t1,Wind,Brazil,47275.09642138583,281991.0,47275.09642138583,0,1,4,0,"NoCut,Lim",010
prm15_wcost_re13_c2p1_t1,SolarPV,Chile,0.0,94117.1,0.0,0,1,13,1,"NoCut,Lim",011
prm15_wcost_re4_c2p1_t1,Wind,Argentina,0.0,631578.0,0.0,0,1,4,0,"NoCut,Lim",010
prm15_wcost_re4_c2p1_t1,SolarPV,Paraguay,6146.4953248761885,11360.1,6146.4953248761885,0,1,4,0,"NoCut,Lim",010
prm15_wcost_re4_c2p1_t1,SolarPV,Chile,6566.879393697939,94117.1,6566.879393697939,0,1,4,0,"NoCut,Lim",010
prm15_wcost_re4_c2p1_t1,SolarPV,Brazil,127785.7,134739.3,127785.7,0,1,4,0,"NoCut,Lim",010
prm15_wcost_re4_c2p1_t1,SolarPV,Argentina,7134.310606093099,68590.4,7134.310606093099,0,1,4,0,"NoCut,Lim",010
prm15_wcost_re18_c2p1_t1,SolarPV,Brazil,109583.5,134739.3,109583.5,0,1,18,1,"NoCut,Lim",011
prm15_wcost_re1_c2p1_t1,SolarPV,Argentina,5089.910608246093,68590.4,5089.910608246093,0,1,1,0,"NoCut,Lim",010
prm15_wcost_re1_c2p1_t1,SolarPV,Brazil,115561.8,134739.3,115561.8,0,1,1,0,"NoCut,Lim",010
prm15_wcost_re1_c2p1_t1,SolarPV,Chile,6566.879393697939,94117.1,6566.879393697939,0,1,1,0,"NoCut,Lim",010
prm15_wcost_re1_c2p1_t1,SolarPV,Paraguay,3872.6410921516162,11360.1,3872.6410921516162,0,1,1,0,"NoCut,Lim",010
prm15_wcost_re1_c2p1_t1,SolarPV,Uruguay,3172.610043348038,8111.2,3172.610043348038,0,1,1,0,"NoCut,Lim",010
prm15_wcost_re4_c2p1_t1,SolarPV,Uruguay,4117.086027475342,8111.2,4117.086027475342,0,1,4,0,"NoCut,Lim",010
prm15_wcost_re13_c2p1_t1,SolarPV,Brazil,114479.8,134739.3,114479.8,0,1,13,1,"NoCut,Lim",011
prm15_wcost_re13_c2p1_t1,SolarPV,Argentina,1878.8,68590.4,1878.8,0,1,13,1,"NoCut,Lim",011
prm15_wcost_re4_c2p1_t1,Wind,Uruguay,6622.161585355635,102552.0,6622.161585355635,0,1,4,0,"NoCut,Lim",010
prm15_wcost_re12_c2p1_t1,Wind,Paraguay,114.97840163601856,80313.0,114.97840163601856,0,1,12,1,"NoCut,Lim",011
prm15_wcost_re12_c2p1_t1,Wind,Uruguay,7651.403284671533,102552.0,7651.403284671533,0,1,12,1,"NoCut,Lim",011
prm15_wcost_re15_c2p1_t1,Wind,Paraguay,144.35510258146323,80313.0,144.35510258146323,0,1,15,1,"NoCut,Lim",011
prm15_wcost_re16_c2p1_t1,Wind,Uruguay,7329.189917907082,102552.0,7329.189917907082,0,1,16,1,"NoCut,Lim",011
prm15_wcost_re5_c2p1_t1,Wind,Uruguay,6648.635064140196,102552.0,6648.635064140196,0,1,5,0,"NoCut,Lim",010
prm15_wcost_re5_c2p1_t1,Wind,Paraguay,48.83068719731842,80313.0,48.83068719731842,0,1,5,0,"NoCut,Lim",010
prm15_wcost_re5_c2p1_t1,Wind,Chile,0.0,25245.0,0.0,0,1,5,0,"NoCut,Lim",010
prm15_wcost_re5_c2p1_t1,Wind,Brazil,51231.0,281991.0,51231.0,0,1,5,0,"NoCut,Lim",010
prm15_wcost_re5_c2p1_t1,Wind,Argentina,0.0,631578.0,0.0,0,1,5,0,"NoCut,Lim",010
prm15_wcost_re5_c2p1_t1,SolarPV,Uruguay,3754.941805602406,8111.2,3754.941805602406,0,1,5,0,"NoCut,Lim",010
prm15_wcost_re5_c2p1_t1,SolarPV,Paraguay,6060.2,11360.1,6060.2,0,1,5,0,"NoCut,Lim",010
prm15_wcost_re5_c2p1_t1,SolarPV,Chile,6566.879393697936,94117.1,6566.879393697936,0,1,5,0,"NoCut,Lim",010
prm15_wcost_re5_c2p1_t1,SolarPV,Brazil,122906.79867398652,134739.3,122906.79867398652,0,1,5,0,"NoCut,Lim",010
prm15_wcost_re5_c2p1_t1,SolarPV,Argentina,6474.467052270434,68590.4,6474.467052270434,0,1,5,0,"NoCut,Lim",010
prm15_wcost_re16_c2p1_t1,Wind,Paraguay,1840.7077973988767,80313.0,1840.7077973988767,0,1,16,1,"NoCut,Lim",011
prm15_wcost_re16_c2p1_t1,Wind,Chile,0.0,25245.0,0.0,0,1,16,1,"NoCut,Lim",011
prm15_wcost_re16_c2p1_t1,Wind,Brazil,95582.68241786798,281991.0,95582.68241786798,0,1,16,1,"NoCut,Lim",011
prm15_wcost_re16_c2p1_t1,Wind,Argentina,8318.068708627894,631578.0,8318.068708627894,0,1,16,1,"NoCut,Lim",011
prm15_wcost_re16_c2p1_t1,SolarPV,Uruguay,2748.715863163657,8111.2,2748.715863163657,0,1,16,1,"NoCut,Lim",011
prm15_wcost_re16_c2p1_t1,SolarPV,Paraguay,3700.5,11360.1,3700.5,0,1,16,1,"NoCut,Lim",011
prm15_wcost_re16_c2p1_t1,SolarPV,Chile,0.0,94117.1,0.0,0,1,16,1,"NoCut,Lim",011
prm15_wcost_re16_c2p1_t1,SolarPV,Brazil,54041.5,134739.3,54041.5,0,1,16,1,"NoCut,Lim",011
prm15_wcost_re16_c2p1_t1,SolarPV,Argentina,0.0,68590.4,0.0,0,1,16,1,"NoCut,Lim",011
prm15_wcost_re1_c2p1_t1,Wind,Argentina,8991.0,631578.0,8991.0,0,1,1,0,"NoCut,Lim",010
prm15_wcost_re12_c2p1_t1,Wind,Chile,0.0,25245.0,0.0,0,1,12,1,"NoCut,Lim",011
prm15_wcost_re1_c2p1_t1,Wind,Brazil,80235.0,281991.0,80235.0,0,1,1,0,"NoCut,Lim",010
prm15_wcost_re1_c2p1_t1,Wind,Paraguay,1880.9891765592095,80313.0,1880.9891765592095,0,1,1,0,"NoCut,Lim",010
prm15_wcost_re2_c2p1_t1,SolarPV,Paraguay,6146.4953248761885,11360.1,6146.4953248761885,0,1,2,0,"NoCut,Lim",010
prm15_wcost_re2_c2p1_t1,SolarPV,Chile,6566.879393697942,94117.1,6566.879393697942,0,1,2,0,"NoCut,Lim",010
prm15_wcost_re2_c2p1_t1,SolarPV,Brazil,126359.17232388906,134739.3,126359.17232388906,0,1,2,0,"NoCut,Lim",010
prm15_wcost_re2_c2p1_t1,SolarPV,Argentina,7012.020883884406,68590.4,7012.020883884406,0,1,2,0,"NoCut,Lim",010
prm15_wcost_re20_c2p1_t1,SolarPV,Argentina,0.0,68590.4,0.0,0,1,20,1,"NoCut,Lim",011
prm15_wcost_re20_c2p1_t1,SolarPV,Brazil,18161.4,134739.3,18161.4,0,1,20,1,"NoCut,Lim",011
prm15_wcost_re20_c2p1_t1,SolarPV,Chile,0.0,94117.1,0.0,0,1,20,1,"NoCut,Lim",011
prm15_wcost_re20_c2p1_t1,SolarPV,Paraguay,3563.3164188517276,11360.1,3563.3164188517276,0,1,20,1,"NoCut,Lim",011
prm15_wcost_re20_c2p1_t1,SolarPV,Uruguay,2463.6679151903427,8111.2,2463.6679151903427,0,1,20,1,"NoCut,Lim",011
prm15_wcost_re20_c2p1_t1,Wind,Argentina,12750.0,631578.0,12750.0,0,1,20,1,"NoCut,Lim",011
prm15_wcost_re2_c2p1_t1,SolarPV,Uruguay,4008.7016101593154,8111.2,4008.7016101593154,0,1,2,0,"NoCut,Lim",010
prm15_wcost_re20_c2p1_t1,Wind,Brazil,116146.94076827864,281991.0,116146.94076827864,0,1,20,1,"NoCut,Lim",011
prm15_wcost_re20_c2p1_t1,Wind,Paraguay,1840.3347537687443,80313.0,1840.3347537687443,0,1,20,1,"NoCut,Lim",011
prm15_wcost_re20_c2p1_t1,Wind,Uruguay,7183.921896415075,102552.0,7183.921896415075,0,1,20,1,"NoCut,Lim",011
prm15_wcost_re15_c2p1_t1,SolarPV,Argentina,0.0,68590.4,0.0,0,1,15,1,"NoCut,Lim",011
prm15_wcost_re15_c2p1_t1,SolarPV,Brazil,82626.5,134739.3,82626.5,0,1,15,1,"NoCut,Lim",011
prm15_wcost_re15_c2p1_t1,SolarPV,Chile,0.0,94117.1,0.0,0,1,15,1,"NoCut,Lim",011
prm15_wcost_re15_c2p1_t1,SolarPV,Paraguay,2576.645513732091,11360.1,2576.645513732091,0,1,15,1,"NoCut,Lim",011
prm15_wcost_re15_c2p1_t1,SolarPV,Uruguay,3067.755049043202,8111.2,3067.755049043202,0,1,15,1,"NoCut,Lim",011
prm15_wcost_re15_c2p1_t1,Wind,Argentina,5931.463456174226,631578.0,5931.463456174226,0,1,15,1,"NoCut,Lim",011
prm15_wcost_re15_c2p1_t1,Wind,Brazil,72177.0,281991.0,72177.0,0,1,15,1,"NoCut,Lim",011
prm15_wcost_re15_c2p1_t1,Wind,Chile,0.0,25245.0,0.0,0,1,15,1,"NoCut,Lim",011
prm15_wcost_re20_c2p1_t1,Wind,Chile,0.0,25245.0,0.0,0,1,20,1,"NoCut,Lim",011
prm15_wcost_re2_c2p1_t1,Wind,Argentina,0.0,631578.0,0.0,0,1,2,0,"NoCut,Lim",010
prm15_wcost_re2_c2p1_t1,Wind,Brazil,50643.0,281991.0,50643.0,0,1,2,0,"NoCut,Lim",010
prm15_wcost_re2_c2p1_t1,Wind,Chile,0.0,25245.0,0.0,0,1,2,0,"NoCut,Lim",010
prm15_wcost_re3_c2p1_t1,Wind,Uruguay,6203.921787464457,102552.0,6203.921787464457,0,1,3,0,"NoCut,Lim",010
prm15_wcost_re3_c2p1_t1,Wind,Paraguay,0.0,80313.0,0.0,0,1,3,0,"NoCut,Lim",010
prm15_wcost_re3_c2p1_t1,Wind,Chile,0.0,25245.0,0.0,0,1,3,0,"NoCut,Lim",010
prm15_wcost_re3_c2p1_t1,Wind,Brazil,28587.0,281991.0,28587.0,0,1,3,0,"NoCut,Lim",010
prm15_wcost_re3_c2p1_t1,Wind,Argentina,0.0,631578.0,0.0,0,1,3,0,"NoCut,Lim",010
prm15_wcost_re3_c2p1_t1,SolarPV,Uruguay,4620.690888917156,8111.2,4620.690888917156,0,1,3,0,"NoCut,Lim",010
prm15_wcost_re3_c2p1_t1,SolarPV,Paraguay,6146.4953248761885,11360.1,6146.4953248761885,0,1,3,0,"NoCut,Lim",010
prm15_wcost_re3_c2p1_t1,SolarPV,Chile,6566.87939369794,94117.1,6566.87939369794,0,1,3,0,"NoCut,Lim",010
prm15_wcost_re3_c2p1_t1,SolarPV,Brazil,128729.7,134739.3,128729.7,0,1,3,0,"NoCut,Lim",010
prm15_wcost_re3_c2p1_t1,SolarPV,Argentina,7134.310606093095,68590.4,7134.310606093095,0,1,3,0,"NoCut,Lim",010
prm15_wcost_re1_c2p1_t1,Wind,Uruguay,6634.680505363126,102552.0,6634.680505363126,0,1,1,0,"NoCut,Lim",010
prm15_wcost_re14_c2p1_t1,SolarPV,Argentina,501.9,68590.4,501.9,0,1,14,1,"NoCut,Lim",011
prm15_wcost_re14_c2p1_t1,SolarPV,Brazil,98261.3,134739.3,98261.3,0,1,14,1,"NoCut,Lim",011
prm15_wcost_re14_c2p1_t1,SolarPV,Chile,0.0,94117.1,0.0,0,1,14,1,"NoCut,Lim",011
prm15_wcost_re14_c2p1_t1,SolarPV,Paraguay,2488.6233168875924,11360.1,2488.6233168875924,0,1,14,1,"NoCut,Lim",011
prm15_wcost_re14_c2p1_t1,SolarPV,Uruguay,3368.607936072067,8111.2,3368.607936072067,0,1,14,1,"NoCut,Lim",011
prm15_wcost_re14_c2p1_t1,Wind,Argentina,5769.0322771278625,631578.0,5769.0322771278625,0,1,14,1,"NoCut,Lim",011
prm15_wcost_re14_c2p1_t1,Wind,Brazil,64172.31478575975,281991.0,64172.31478575975,0,1,14,1,"NoCut,Lim",011
prm15_wcost_re14_c2p1_t1,Wind,Chile,0.0,25245.0,0.0,0,1,14,1,"NoCut,Lim",011
prm15_wcost_re14_c2p1_t1,Wind,Paraguay,0.0,80313.0,0.0,0,1,14,1,"NoCut,Lim",011
prm15_wcost_re14_c2p1_t1,Wind,Uruguay,7569.45213044104,102552.0,7569.45213044104,0,1,14,1,"NoCut,Lim",011
prm15_wcost_re2_c2p1_t1,Wind,Uruguay,6576.093530784887,102552.0,6576.093530784887,0,1,2,0,"NoCut,Lim",010
prm15_wcost_re2_c2p1_t1,Wind,Paraguay,0.0,80313.0,0.0,0,1,2,0,"NoCut,Lim",010
prm15_wcost_re1_c2p1_t1,Wind,Chile,0.0,25245.0,0.0,0,1,1,0,"NoCut,Lim",010
prm15_wcost_re12_c2p1_t1,Wind,Brazil,65337.0,281991.0,65337.0,0,1,12,1,"NoCut,Lim",011
prm15_wcost_re15_c2p1_t1,Wind,Uruguay,7616.403368421052,102552.0,7616.403368421052,0,1,15,1,"NoCut,Lim",011
prm15_wcost_re12_c2p1_t1,SolarPV,Uruguay,3351.5398290852872,8111.2,3351.5398290852872,0,1,12,1,"NoCut,Lim",011
prm15_wcost_re8_c2p1_t1,SolarPV,Paraguay,6146.4953248761885,11360.1,6146.4953248761885,0,1,8,0,"NoCut,Lim",010
prm15_wcost_re8_c2p1_t1,SolarPV,Chile,6566.879393697938,94117.1,6566.879393697938,0,1,8,0,"NoCut,Lim",010
prm15_wcost_re8_c2p1_t1,SolarPV,Brazil,128578.9,134739.3,128578.9,0,1,8,0,"NoCut,Lim",010
prm15_wcost_re8_c2p1_t1,SolarPV,Argentina,7134.310606093096,68590.4,7134.310606093096,0,1,8,0,"NoCut,Lim",010
prm15_wcost_re9_c2p1_t1,SolarPV,Argentina,7126.616401915071,68590.4,7126.616401915071,0,1,9,0,"NoCut,Lim",010
prm15_wcost_re9_c2p1_t1,SolarPV,Brazil,128578.9,134739.3,128578.9,0,1,9,0,"NoCut,Lim",010
prm15_wcost_re12_c2p1_t1,Wind,Argentina,5851.4430192310265,631578.0,5851.4430192310265,0,1,12,1,"NoCut,Lim",011
prm15_wcost_re9_c2p1_t1,SolarPV,Chile,6566.879393697941,94117.1,6566.879393697941,0,1,9,0,"NoCut,Lim",010
prm15_wcost_re9_c2p1_t1,SolarPV,Paraguay,6146.4953248761885,11360.1,6146.4953248761885,0,1,9,0,"NoCut,Lim",010
prm15_wcost_re9_c2p1_t1,SolarPV,Uruguay,4506.310008307901,8111.2,4506.310008307901,0,1,9,0,"NoCut,Lim",010
prm15_wcost_re9_c2p1_t1,Wind,Argentina,0.0,631578.0,0.0,0,1,9,0,"NoCut,Lim",010
prm15_wcost_re9_c2p1_t1,Wind,Brazil,38430.0,281991.0,38430.0,0,1,9,0,"NoCut,Lim",010
prm15_wcost_re9_c2p1_t1,Wind,Chile,0.0,25245.0,0.0,0,1,9,0,"NoCut,Lim",010
prm15_wcost_re9_c2p1_t1,Wind,Paraguay,0.0,80313.0,0.0,0,1,9,0,"NoCut,Lim",010
prm15_wcost_re7_c2p1_t1,Wind,Uruguay,6589.2044816263415,102552.0,6589.2044816263415,0,1,7,0,"NoCut,Lim",010
prm15_wcost_re11_c2p1_t1,SolarPV,Argentina,0.0,68590.4,0.0,0,1,11,1,"NoCut,Lim",011
prm15_wcost_re11_c2p1_t1,SolarPV,Brazil,23835.891347964265,134739.3,23835.891347964265,0,1,11,1,"NoCut,Lim",011
prm15_wcost_re11_c2p1_t1,SolarPV,Chile,0.0,94117.1,0.0,0,1,11,1,"NoCut,Lim",011
prm15_wcost_re11_c2p1_t1,SolarPV,Paraguay,3608.8991262330733,11360.1,3608.8991262330733,0,1,11,1,"NoCut,Lim",011
prm15_wcost_re8_c2p1_t1,SolarPV,Uruguay,4296.359449472198,8111.2,4296.359449472198,0,1,8,0,"NoCut,Lim",010
prm15_wcost_re8_c2p1_t1,Wind,Argentina,0.0,631578.0,0.0,0,1,8,0,"NoCut,Lim",010
prm15_wcost_re8_c2p1_t1,Wind,Brazil,38745.0,281991.0,38745.0,0,1,8,0,"NoCut,Lim",010
prm15_wcost_re8_c2p1_t1,Wind,Chile,0.0,25245.0,0.0,0,1,8,0,"NoCut,Lim",010
prm15_wcost_re10_c2p1_t1,Wind,Brazil,86047.00931161719,281991.0,86047.00931161719,0,1,10,0,"NoCut,Lim",010
prm15_wcost_re10_c2p1_t1,Wind,Argentina,12750.0,631578.0,12750.0,0,1,10,0,"NoCut,Lim",010
prm15_wcost_re10_c2p1_t1,SolarPV,Uruguay,3174.616552191111,8111.2,3174.616552191111,0,1,10,0,"NoCut,Lim",010
prm15_wcost_re10_c2p1_t1,SolarPV,Paraguay,3554.8663669040743,11360.1,3554.8663669040743,0,1,10,0,"NoCut,Lim",010
prm15_wcost_re10_c2p1_t1,SolarPV,Chile,6566.625560847519,94117.1,6566.625560847519,0,1,10,0,"NoCut,Lim",010
prm15_wcost_re10_c2p1_t1,SolarPV,Brazil,110461.4,134739.3,110461.4,0,1,10,0,"NoCut,Lim",010
prm15_wcost_re10_c2p1_t1,SolarPV,Argentina,4759.7,68590.4,4759.7,0,1,10,0,"NoCut,Lim",010
prm15_wcost_re17_c2p1_t1,Wind,Paraguay,144.51832886240393,80313.0,144.51832886240393,0,1,17,1,"NoCut,Lim",011
prm15_wcost_re10_c2p1_t1,Wind,Uruguay,6530.60097365173,102552.0,6530.60097365173,0,1,10,0,"NoCut,Lim",010
prm15_wcost_re11_c2p1_t1,SolarPV,Uruguay,2609.0134007682786,8111.2,2609.0134007682786,0,1,11,1,"NoCut,Lim",011
prm15_wcost_re17_c2p1_t1,Wind,Chile,0.0,25245.0,0.0,0,1,17,1,"NoCut,Lim",011
prm15_wcost_re17_c2p1_t1,Wind,Argentina,5921.185416290466,631578.0,5921.185416290466,0,1,17,1,"NoCut,Lim",011
prm15_wcost_re17_c2p1_t1,SolarPV,Uruguay,3006.004694077064,8111.2,3006.004694077064,0,1,17,1,"NoCut,Lim",011
prm15_wcost_re17_c2p1_t1,SolarPV,Paraguay,2577.870703893069,11360.1,2577.870703893069,0,1,17,1,"NoCut,Lim",011
prm15_wcost_re17_c2p1_t1,SolarPV,Chile,0.0,94117.1,0.0,0,1,17,1,"NoCut,Lim",011
prm15_wcost_re17_c2p1_t1,SolarPV,Brazil,80845.52113893225,134739.3,80845.52113893225,0,1,17,1,"NoCut,Lim",011
prm15_wcost_re17_c2p1_t1,SolarPV,Argentina,0.0,68590.4,0.0,0,1,17,1,"NoCut,Lim",011
prm15_wcost_re18_c2p1_t1,Wind,Uruguay,7717.999729802756,102552.0,7717.999729802756,0,1,18,1,"NoCut,Lim",011
prm15_wcost_re8_c2p1_t1,Wind,Uruguay,6538.809280838827,102552.0,6538.809280838827,0,1,8,0,"NoCut,Lim",010
prm15_wcost_re8_c2p1_t1,Wind,Paraguay,0.0,80313.0,0.0,0,1,8,0,"NoCut,Lim",010
prm15_wcost_re17_c2p1_t1,Wind,Brazil,81609.0,281991.0,81609.0,0,1,17,1,"NoCut,Lim",011
prm15_wcost_re10_c2p1_t1,Wind,Paraguay,1940.373831368368,80313.0,1940.373831368368,0,1,10,0,"NoCut,Lim",010
prm15_wcost_re11_c2p1_t1,Wind,Argentina,7973.857284734425,631578.0,7973.857284734425,0,1,11,1,"NoCut,Lim",011
prm15_wcost_re11_c2p1_t1,Wind,Chile,0.0,25245.0,0.0,0,1,11,1,"NoCut,Lim",011
prm15_wcost_re6_c2p1_t1,Wind,Chile,0.0,25245.0,0.0,0,1,6,0,"NoCut,Lim",010
prm15_wcost_re6_c2p1_t1,Wind,Brazil,68850.0,281991.0,68850.0,0,1,6,0,"NoCut,Lim",010
prm15_wcost_re6_c2p1_t1,Wind,Argentina,3258.0,631578.0,3258.0,0,1,6,0,"NoCut,Lim",010
prm15_wcost_re6_c2p1_t1,SolarPV,Uruguay,3356.095760393116,8111.2,3356.095760393116,0,1,6,0,"NoCut,Lim",010
prm15_wcost_re6_c2p1_t1,SolarPV,Paraguay,3841.6,11360.1,3841.6,0,1,6,0,"NoCut,Lim",010
prm15_wcost_re6_c2p1_t1,SolarPV,Chile,6566.879393697939,94117.1,6566.879393697939,0,1,6,0,"NoCut,Lim",010
prm15_wcost_re6_c2p1_t1,SolarPV,Brazil,118106.8,134739.3,118106.8,0,1,6,0,"NoCut,Lim",010
prm15_wcost_re6_c2p1_t1,SolarPV,Argentina,6013.046761531181,68590.4,6013.046761531181,0,1,6,0,"NoCut,Lim",010
prm15_wcost_re17_c2p1_t1,Wind,Uruguay,7562.849140514099,102552.0,7562.849140514099,0,1,17,1,"NoCut,Lim",011
prm15_wcost_re6_c2p1_t1,Wind,Paraguay,1809.3780187943678,80313.0,1809.3780187943678,0,1,6,0,"NoCut,Lim",010
prm15_wcost_re18_c2p1_t1,Wind,Paraguay,0.0,80313.0,0.0,0,1,18,1,"NoCut,Lim",011
prm15_wcost_re18_c2p1_t1,Wind,Brazil,49410.0,281991.0,49410.0,0,1,18,1,"NoCut,Lim",011
prm15_wcost_re12_c2p1_t1,SolarPV,Argentina,239.0,68590.4,239.0,0,1,12,1,"NoCut,Lim",011
prm15_wcost_re18_c2p1_t1,Wind,Argentina,1452.0,631578.0,1452.0,0,1,18,1,"NoCut,Lim",011
prm15_wcost_re18_c2p1_t1,SolarPV,Uruguay,3628.520595912104,8111.2,3628.520595912104,0,1,18,1,"NoCut,Lim",011
prm15_wcost_re18_c2p1_t1,SolarPV,Paraguay,2488.623316887592,11360.1,2488.623316887592,0,1,18,1,"NoCut,Lim",011
prm15_wcost_re18_c2p1_t1,SolarPV,Chile,0.0,94117.1,0.0,0,1,18,1,"NoCut,Lim",011
prm15_wcost_re12_c2p1_t1,SolarPV,Brazil,89110.44347734698,134739.3,89110.44347734698,0,1,12,1,"NoCut,Lim",011
prm15_wcost_re12_c2p1_t1,SolarPV,Chile,0.0,94117.1,0.0,0,1,12,1,"NoCut,Lim",011
prm15_wcost_re12_c2p1_t1,SolarPV,Paraguay,2571.0460592699355,11360.1,2571.0460592699355,0,1,12,1,"NoCut,Lim",011
prm15_wcost_re18_c2p1_t1,Wind,Chile,0.0,25245.0,0.0,0,1,18,1,"NoCut,Lim",011
prm15_wcost_re11_c2p1_t1,Wind,Brazil,105852.0,281991.0,105852.0,0,1,11,1,"NoCut,Lim",011
prm15_wcost_re6_c2p1_t1,Wind,Uruguay,6658.20628628062,102552.0,6658.20628628062,0,1,6,0,"NoCut,Lim",010
prm15_wcost_re19_c2p1_t1,Wind,Paraguay,0.0,80313.0,0.0,0,1,19,1,"NoCut,Lim",011
prm15_wcost_re11_c2p1_t1,Wind,Paraguay,1866.690411221058,80313.0,1866.690411221058,0,1,11,1,"NoCut,Lim",011
prm15_wcost_re11_c2p1_t1,Wind,Uruguay,7191.057904188354,102552.0,7191.057904188354,0,1,11,1,"NoCut,Lim",011
prm15_wcost_re7_c2p1_t1,Wind,Paraguay,337.86308518802696,80313.0,337.86308518802696,0,1,7,0,"NoCut,Lim",010
prm15_wcost_re7_c2p1_t1,Wind,Chile,0.0,25245.0,0.0,0,1,7,0,"NoCut,Lim",010
prm15_wcost_re7_c2p1_t1,Wind,Brazil,55980.0,281991.0,55980.0,0,1,7,0,"NoCut,Lim",010
prm15_wcost_re7_c2p1_t1,Wind,Argentina,0.0,631578.0,0.0,0,1,7,0,"NoCut,Lim",010
prm15_wcost_re7_c2p1_t1,SolarPV,Uruguay,3694.1420128289355,8111.2,3694.1420128289355,0,1,7,0,"NoCut,Lim",010
prm15_wcost_re7_c2p1_t1,SolarPV,Paraguay,5621.4,11360.1,5621.4,0,1,7,0,"NoCut,Lim",010
prm15_wcost_re7_c2p1_t1,SolarPV,Chile,6566.879393697935,94117.1,6566.879393697935,0,1,7,0,"NoCut,Lim",010
prm15_wcost_re19_c2p1_t1,Wind,Uruguay,7584.227203482047,102552.0,7584.227203482047,0,1,19,1,"NoCut,Lim",011
prm15_wcost_re7_c2p1_t1,SolarPV,Brazil,122015.4,134739.3,122015.4,0,1,7,0,"NoCut,Lim",010
prm15_wcost_re19_c2p1_t1,SolarPV,Argentina,1868.3083106052807,68590.4,1868.3083106052807,0,1,19,1,"NoCut,Lim",011
prm15_wcost_re9_c2p1_t1,Wind,Uruguay,6273.338202561742,102552.0,6273.338202561742,0,1,9,0,"NoCut,Lim",010
prm15_wcost_re19_c2p1_t1,SolarPV,Brazil,109583.5,134739.3,109583.5,0,1,19,1,"NoCut,Lim",011
prm15_wcost_re19_c2p1_t1,SolarPV,Chile,0.0,94117.1,0.0,0,1,19,1,"NoCut,Lim",011
prm15_wcost_re19_c2p1_t1,SolarPV,Paraguay,2488.623316887591,11360.1,2488.623316887591,0,1,19,1,"NoCut,Lim",011
prm15_wcost_re19_c2p1_t1,SolarPV,Uruguay,3853.095773447498,8111.2,3853.095773447498,0,1,19,1,"NoCut,Lim",011
prm15_wcost_re19_c2p1_t1,Wind,Argentina,1491.7352227069246,631578.0,1491.7352227069246,0,1,19,1,"NoCut,Lim",011
prm15_wcost_re19_c2p1_t1,Wind,Brazil,47649.0,281991.0,47649.0,0,1,19,1,"NoCut,Lim",011
prm15_wcost_re19_c2p1_t1,Wind,Chile,0.0,25245.0,0.0,0,1,19,1,"NoCut,Lim",011
prm15_wcost_re7_c2p1_t1,SolarPV,Argentina,6212.8,68590.4,6212.8,0,1,7,0,"NoCut,Lim",010
prm15_wcost_re10_c2p1_t1,Wind,Chile,0.0,25245.0,0.0,0,1,10,0,"NoCut,Lim",010
prm15_wcost_re1_c2p1_tn,Wind,Uruguay,6546.8508291999,102552.0,6546.8508291999,0,0,1,0,"NoCut,Full",000
prm15_wcost_re18_c2p1_tn,SolarPV,Chile,0.0,94117.1,0.0,0,0,18,1,"NoCut,Full",001
prm15_wcost_re1_c2p1_tn,Wind,Chile,0.0,25245.0,0.0,0,0,1,0,"NoCut,Full",000
prm15_wcost_re19_c2p1_tn,SolarPV,Brazil,109583.4999999996,134739.3,109583.4999999996,0,0,19,1,"NoCut,Full",001
prm15_wcost_re19_c2p1_tn,SolarPV,Chile,0.0,94117.1,0.0,0,0,19,1,"NoCut,Full",001
prm15_wcost_re19_c2p1_tn,SolarPV,Paraguay,5011.3,11360.1,5011.3,0,0,19,1,"NoCut,Full",001
prm15_wcost_re19_c2p1_tn,SolarPV,Uruguay,1971.7207814532,8111.2,1971.7207814532,0,0,19,1,"NoCut,Full",001
prm15_wcost_re19_c2p1_tn,Wind,Brazil,47649.0,281991.0,47649.0,0,0,19,1,"NoCut,Full",001
prm15_wcost_re19_c2p1_tn,Wind,Chile,0.0,25245.0,0.0,0,0,19,1,"NoCut,Full",001
prm15_wcost_re19_c2p1_tn,Wind,Paraguay,5659.78078323,80313.0,5659.78078323,0,0,19,1,"NoCut,Full",001
prm15_wcost_re19_c2p1_tn,SolarPV,Argentina,501.9,68590.4,501.9,0,0,19,1,"NoCut,Full",001
prm15_wcost_re9_c2p1_tn,Wind,Paraguay,1773.096065168,80313.0,1773.096065168,0,0,9,0,"NoCut,Full",000
prm15_wcost_re18_c2p1_tn,Wind,Uruguay,0.0,102552.0,0.0,0,0,18,1,"NoCut,Full",001
prm15_wcost_re18_c2p1_tn,Wind,Paraguay,5592.0,80313.0,5592.0,0,0,18,1,"NoCut,Full",001
prm15_wcost_re18_c2p1_tn,Wind,Chile,0.0,25245.0,0.0,0,0,18,1,"NoCut,Full",001
prm15_wcost_re18_c2p1_tn,Wind,Brazil,49410.0,281991.0,49410.0,0,0,18,1,"NoCut,Full",001
prm15_wcost_re18_c2p1_tn,Wind,Argentina,584.9999999995999,631578.0,584.9999999995999,0,0,18,1,"NoCut,Full",001
prm15_wcost_re18_c2p1_tn,SolarPV,Uruguay,1971.72078145316,8111.2,1971.72078145316,0,0,18,1,"NoCut,Full",001
prm15_wcost_re18_c2p1_tn,SolarPV,Paraguay,5376.4934921294,11360.1,5376.4934921294,0,0,18,1,"NoCut,Full",001
prm15_wcost_re18_c2p1_tn,SolarPV,Brazil,109432.7515290898,134739.3,109432.7515290898,0,0,18,1,"NoCut,Full",001
prm15_wcost_re18_c2p1_tn,SolarPV,Argentina,373.4,68590.4,373.4,0,0,18,1,"NoCut,Full",001
prm15_wcost_re1_c2p1_tn,SolarPV,Argentina,4631.7,68590.4,4631.7,0,0,1,0,"NoCut,Full",000
prm15_wcost_re1_c2p1_tn,SolarPV,Brazil,112152.1999999996,134739.3,112152.1999999996,0,0,1,0,"NoCut,Full",000
prm15_wcost_re1_c2p1_tn,SolarPV,Chile,6572.4691618979,94117.1,6572.4691618979,0,0,1,0,"NoCut,Full",000
prm15_wcost_re1_c2p1_tn,SolarPV,Paraguay,5465.7999999995,11360.1,5465.7999999995,0,0,1,0,"NoCut,Full",000
prm15_wcost_re1_c2p1_tn,SolarPV,Uruguay,3228.098656574,8111.2,3228.098656574,0,0,1,0,"NoCut,Full",000
prm15_wcost_re1_c2p1_tn,Wind,Argentina,8991.0,631578.0,8991.0,0,0,1,0,"NoCut,Full",000
prm15_wcost_re1_c2p1_tn,Wind,Brazil,78885.0,281991.0,78885.0,0,0,1,0,"NoCut,Full",000
prm15_wcost_re1_c2p1_tn,Wind,Paraguay,4232.687901036,80313.0,4232.687901036,0,0,1,0,"NoCut,Full",000
prm15_wcost_re19_c2p1_tn,Wind,Argentina,0.0,631578.0,0.0,0,0,19,1,"NoCut,Full",001
prm15_wcost_re19_c2p1_tn,Wind,Uruguay,0.0,102552.0,0.0,0,0,19,1,"NoCut,Full",001
prm15_wcost_re20_c2p1_tn,SolarPV,Brazil,15725.4,134739.3,15725.4,0,0,20,1,"NoCut,Full",001
prm15_wcost_re7_c2p1_tn,Wind,Argentina,0.0,631578.0,0.0,0,0,7,0,"NoCut,Full",000
prm15_wcost_re7_c2p1_tn,SolarPV,Uruguay,3404.7627053797,8111.2,3404.7627053797,0,0,7,0,"NoCut,Full",000
prm15_wcost_re7_c2p1_tn,SolarPV,Paraguay,5779.7999999999,11360.1,5779.7999999999,0,0,7,0,"NoCut,Full",000
prm15_wcost_re7_c2p1_tn,SolarPV,Chile,5640.817496071,94117.1,5640.817496071,0,0,7,0,"NoCut,Full",000
prm15_wcost_re7_c2p1_tn,SolarPV,Brazil,112919.39999999944,134739.3,112919.39999999944,0,0,7,0,"NoCut,Full",000
prm15_wcost_re7_c2p1_tn,SolarPV,Argentina,4255.3261164127,68590.4,4255.3261164127,0,0,7,0,"NoCut,Full",000
prm15_wcost_re6_c2p1_tn,Wind,Uruguay,6714.71605193,102552.0,6714.71605193,0,0,6,0,"NoCut,Full",000
prm15_wcost_re6_c2p1_tn,Wind,Paraguay,4574.756488673,80313.0,4574.756488673,0,0,6,0,"NoCut,Full",000
prm15_wcost_re7_c2p1_tn,Wind,Brazil,55980.0,281991.0,55980.0,0,0,7,0,"NoCut,Full",000
prm15_wcost_re6_c2p1_tn,Wind,Chile,0.0,25245.0,0.0,0,0,6,0,"NoCut,Full",000
prm15_wcost_re6_c2p1_tn,Wind,Argentina,3054.0,631578.0,3054.0,0,0,6,0,"NoCut,Full",000
prm15_wcost_re6_c2p1_tn,SolarPV,Uruguay,3197.8835773197998,8111.2,3197.8835773197998,0,0,6,0,"NoCut,Full",000
prm15_wcost_re6_c2p1_tn,SolarPV,Paraguay,4857.2,11360.1,4857.2,0,0,6,0,"NoCut,Full",000
prm15_wcost_re6_c2p1_tn,SolarPV,Chile,5640.817496071,94117.1,5640.817496071,0,0,6,0,"NoCut,Full",000
prm15_wcost_re6_c2p1_tn,SolarPV,Brazil,103364.6,134739.3,103364.6,0,0,6,0,"NoCut,Full",000
prm15_wcost_re6_c2p1_tn,SolarPV,Argentina,3815.4773620028,68590.4,3815.4773620028,0,0,6,0,"NoCut,Full",000
prm15_wcost_re5_c2p1_tn,Wind,Uruguay,6082.857578158,102552.0,6082.857578158,0,0,5,0,"NoCut,Full",000
prm15_wcost_re5_c2p1_tn,Wind,Paraguay,3564.526309204,80313.0,3564.526309204,0,0,5,0,"NoCut,Full",000
prm15_wcost_re6_c2p1_tn,Wind,Brazil,64263.0,281991.0,64263.0,0,0,6,0,"NoCut,Full",000
prm15_wcost_re5_c2p1_tn,Wind,Chile,0.0,25245.0,0.0,0,0,5,0,"NoCut,Full",000
prm15_wcost_re7_c2p1_tn,Wind,Chile,0.0,25245.0,0.0,0,0,7,0,"NoCut,Full",000
prm15_wcost_re7_c2p1_tn,Wind,Uruguay,6223.5928786117,102552.0,6223.5928786117,0,0,7,0,"NoCut,Full",000
prm15_wcost_re9_c2p1_tn,Wind,Chile,0.0,25245.0,0.0,0,0,9,0,"NoCut,Full",000
prm15_wcost_re9_c2p1_tn,Wind,Brazil,38430.0,281991.0,38430.0,0,0,9,0,"NoCut,Full",000
prm15_wcost_re9_c2p1_tn,Wind,Argentina,0.0,631578.0,0.0,0,0,9,0,"NoCut,Full",000
prm15_wcost_re9_c2p1_tn,SolarPV,Uruguay,3246.2004338391,8111.2,3246.2004338391,0,0,9,0,"NoCut,Full",000
prm15_wcost_re9_c2p1_tn,SolarPV,Paraguay,7693.1999999999,11360.1,7693.1999999999,0,0,9,0,"NoCut,Full",000
prm15_wcost_re9_c2p1_tn,SolarPV,Chile,5640.817496071,94117.1,5640.817496071,0,0,9,0,"NoCut,Full",000
prm15_wcost_re9_c2p1_tn,SolarPV,Brazil,125528.99999999994,134739.3,125528.99999999994,0,0,9,0,"NoCut,Full",000
prm15_wcost_re9_c2p1_tn,SolarPV,Argentina,5531.0,68590.4,5531.0,0,0,9,0,"NoCut,Full",000
prm15_wcost_re7_c2p1_tn,Wind,Paraguay,3962.7555379,80313.0,3962.7555379,0,0,7,0,"NoCut,Full",000
prm15_wcost_re8_c2p1_tn,Wind,Uruguay,1860.0,102552.0,1860.0,0,0,8,0,"NoCut,Full",000
prm15_wcost_re8_c2p1_tn,Wind,Chile,0.0,25245.0,0.0,0,0,8,0,"NoCut,Full",000
prm15_wcost_re8_c2p1_tn,Wind,Brazil,38745.0,281991.0,38745.0,0,0,8,0,"NoCut,Full",000
prm15_wcost_re8_c2p1_tn,Wind,Argentina,0.0,631578.0,0.0,0,0,8,0,"NoCut,Full",000
prm15_wcost_re8_c2p1_tn,SolarPV,Uruguay,3230.26258784608,8111.2,3230.26258784608,0,0,8,0,"NoCut,Full",000
prm15_wcost_re8_c2p1_tn,SolarPV,Paraguay,7852.8,11360.1,7852.8,0,0,8,0,"NoCut,Full",000
prm15_wcost_re8_c2p1_tn,SolarPV,Chile,5640.817496071,94117.1,5640.817496071,0,0,8,0,"NoCut,Full",000
prm15_wcost_re8_c2p1_tn,SolarPV,Brazil,125528.9999999987,134739.3,125528.9999999987,0,0,8,0,"NoCut,Full",000
prm15_wcost_re8_c2p1_tn,SolarPV,Argentina,5367.5603890349,68590.4,5367.5603890349,0,0,8,0,"NoCut,Full",000
prm15_wcost_re8_c2p1_tn,Wind,Paraguay,683.69588628,80313.0,683.69588628,0,0,8,0,"NoCut,Full",000
prm15_wcost_re5_c2p1_tn,Wind,Brazil,53433.632667151,281991.0,53433.632667151,0,0,5,0,"NoCut,Full",000
prm15_wcost_re5_c2p1_tn,Wind,Argentina,0.0,631578.0,0.0,0,0,5,0,"NoCut,Full",000
prm15_wcost_re5_c2p1_tn,SolarPV,Uruguay,3534.64593433572,8111.2,3534.64593433572,0,0,5,0,"NoCut,Full",000
prm15_wcost_re2_c2p1_tn,Wind,Uruguay,5424.0,102552.0,5424.0,0,0,2,0,"NoCut,Full",000
prm15_wcost_re2_c2p1_tn,Wind,Paraguay,3724.95670827,80313.0,3724.95670827,0,0,2,0,"NoCut,Full",000
prm15_wcost_re2_c2p1_tn,Wind,Chile,0.0,25245.0,0.0,0,0,2,0,"NoCut,Full",000
prm15_wcost_re2_c2p1_tn,Wind,Brazil,51966.72290521,281991.0,51966.72290521,0,0,2,0,"NoCut,Full",000
prm15_wcost_re2_c2p1_tn,Wind,Argentina,0.0,631578.0,0.0,0,0,2,0,"NoCut,Full",000
prm15_wcost_re2_c2p1_tn,SolarPV,Uruguay,3759.5999999999,8111.2,3759.5999999999,0,0,2,0,"NoCut,Full",000
prm15_wcost_re2_c2p1_tn,SolarPV,Paraguay,6203.8,11360.1,6203.8,0,0,2,0,"NoCut,Full",000
prm15_wcost_re2_c2p1_tn,SolarPV,Chile,5640.817496071,94117.1,5640.817496071,0,0,2,0,"NoCut,Full",000
prm15_wcost_re3_c2p1_tn,SolarPV,Argentina,5835.425707009,68590.4,5835.425707009,0,0,3,0,"NoCut,Full",000
prm15_wcost_re2_c2p1_tn,SolarPV,Brazil,119052.69999999912,134739.3,119052.69999999912,0,0,2,0,"NoCut,Full",000
prm15_wcost_re20_c2p1_tn,Wind,Uruguay,7343.84494025,102552.0,7343.84494025,0,0,20,1,"NoCut,Full",001
prm15_wcost_re20_c2p1_tn,Wind,Paraguay,10031.543306193,80313.0,10031.543306193,0,0,20,1,"NoCut,Full",001
prm15_wcost_re20_c2p1_tn,Wind,Chile,0.0,25245.0,0.0,0,0,20,1,"NoCut,Full",001
prm15_wcost_re20_c2p1_tn,Wind,Brazil,110918.999999992,281991.0,110918.999999992,0,0,20,1,"NoCut,Full",001
prm15_wcost_re20_c2p1_tn,Wind,Argentina,12750.0,631578.0,12750.0,0,0,20,1,"NoCut,Full",001
prm15_wcost_re20_c2p1_tn,SolarPV,Uruguay,2009.1684838231,8111.2,2009.1684838231,0,0,20,1,"NoCut,Full",001
prm15_wcost_re20_c2p1_tn,SolarPV,Paraguay,0.0,11360.1,0.0,0,0,20,1,"NoCut,Full",001
prm15_wcost_re20_c2p1_tn,SolarPV,Chile,0.0,94117.1,0.0,0,0,20,1,"NoCut,Full",001
prm15_wcost_re2_c2p1_tn,SolarPV,Argentina,4343.287655718,68590.4,4343.287655718,0,0,2,0,"NoCut,Full",000
prm15_wcost_re3_c2p1_tn,SolarPV,Brazil,127156.6848417219,134739.3,127156.6848417219,0,0,3,0,"NoCut,Full",000
prm15_wcost_re3_c2p1_tn,SolarPV,Chile,5640.817496071,94117.1,5640.817496071,0,0,3,0,"NoCut,Full",000
prm15_wcost_re3_c2p1_tn,SolarPV,Paraguay,7852.8,11360.1,7852.8,0,0,3,0,"NoCut,Full",000
prm15_wcost_re5_c2p1_tn,SolarPV,Paraguay,5779.79999999981,11360.1,5779.79999999981,0,0,5,0,"NoCut,Full",000
prm15_wcost_re5_c2p1_tn,SolarPV,Chile,5640.817496071,94117.1,5640.817496071,0,0,5,0,"NoCut,Full",000
prm15_wcost_re5_c2p1_tn,SolarPV,Brazil,114709.9999999994,134739.3,114709.9999999994,0,0,5,0,"NoCut,Full",000
prm15_wcost_re5_c2p1_tn,SolarPV,Argentina,5172.8,68590.4,5172.8,0,0,5,0,"NoCut,Full",000
prm15_wcost_re4_c2p1_tn,Wind,Uruguay,3898.701463748,102552.0,3898.701463748,0,0,4,0,"NoCut,Full",000
prm15_wcost_re4_c2p1_tn,Wind,Paraguay,2238.381143955,80313.0,2238.381143955,0,0,4,0,"NoCut,Full",000
prm15_wcost_re4_c2p1_tn,Wind,Chile,0.0,25245.0,0.0,0,0,4,0,"NoCut,Full",000
prm15_wcost_re4_c2p1_tn,Wind,Brazil,44673.708703571,281991.0,44673.708703571,0,0,4,0,"NoCut,Full",000
prm15_wcost_re4_c2p1_tn,Wind,Argentina,0.0,631578.0,0.0,0,0,4,0,"NoCut,Full",000
prm15_wcost_re4_c2p1_tn,SolarPV,Uruguay,3542.2729781046,8111.2,3542.2729781046,0,0,4,0,"NoCut,Full",000
prm15_wcost_re4_c2p1_tn,SolarPV,Paraguay,6986.9000299025,11360.1,6986.9000299025,0,0,4,0,"NoCut,Full",000
prm15_wcost_re4_c2p1_tn,SolarPV,Chile,5640.817496071,94117.1,5640.817496071,0,0,4,0,"NoCut,Full",000
prm15_wcost_re4_c2p1_tn,SolarPV,Brazil,121436.8999999991,134739.3,121436.8999999991,0,0,4,0,"NoCut,Full",000
prm15_wcost_re4_c2p1_tn,SolarPV,Argentina,5154.319990803,68590.4,5154.319990803,0,0,4,0,"NoCut,Full",000
prm15_wcost_re3_c2p1_tn,Wind,Paraguay,372.817087962,80313.0,372.817087962,0,0,3,0,"NoCut,Full",000
prm15_wcost_re3_c2p1_tn,Wind,Chile,0.0,25245.0,0.0,0,0,3,0,"NoCut,Full",000
prm15_wcost_re3_c2p1_tn,Wind,Brazil,30093.0,281991.0,30093.0,0,0,3,0,"NoCut,Full",000
prm15_wcost_re3_c2p1_tn,Wind,Argentina,0.0,631578.0,0.0,0,0,3,0,"NoCut,Full",000
prm15_wcost_re3_c2p1_tn,SolarPV,Uruguay,3035.5784417509,8111.2,3035.5784417509,0,0,3,0,"NoCut,Full",000
prm15_wcost_re20_c2p1_tn,SolarPV,Argentina,0.0,68590.4,0.0,0,0,20,1,"NoCut,Full",001
prm15_wcost_re3_c2p1_tn,Wind,Uruguay,0.0,102552.0,0.0,0,0,3,0,"NoCut,Full",000
prm15_wcost_re9_c2p1_tn,Wind,Uruguay,1860.0,102552.0,1860.0,0,0,9,0,"NoCut,Full",000
prm15_wcost_re13_c2p1_tn,Wind,Uruguay,0.0,102552.0,0.0,0,0,13,1,"NoCut,Full",001
prm15_wcost_re12_c2p1_tn,Wind,Chile,0.0,25245.0,0.0,0,0,12,1,"NoCut,Full",001
prm15_wcost_re12_c2p1_tn,Wind,Brazil,65336.999999999,281991.0,65336.999999999,0,0,12,1,"NoCut,Full",001
prm15_wcost_re12_c2p1_tn,Wind,Argentina,5896.776974482,631578.0,5896.776974482,0,0,12,1,"NoCut,Full",001
prm15_wcost_re12_c2p1_tn,SolarPV,Uruguay,2288.33052669,8111.2,2288.33052669,0,0,12,1,"NoCut,Full",001
prm15_wcost_re12_c2p1_tn,SolarPV,Paraguay,1592.8,11360.1,1592.8,0,0,12,1,"NoCut,Full",001
prm15_wcost_re12_c2p1_tn,SolarPV,Chile,0.0,94117.1,0.0,0,0,12,1,"NoCut,Full",001
prm15_wcost_re12_c2p1_tn,SolarPV,Brazil,89168.0,134739.3,89168.0,0,0,12,1,"NoCut,Full",001
prm15_wcost_re12_c2p1_tn,SolarPV,Argentina,0.0,68590.4,0.0,0,0,12,1,"NoCut,Full",001
prm15_wcost_re14_c2p1_tn,SolarPV,Brazil,97692.94983946392,134739.3,97692.94983946392,0,0,14,1,"NoCut,Full",001
prm15_wcost_re11_c2p1_tn,Wind,Uruguay,7391.642970647,102552.0,7391.642970647,0,0,11,1,"NoCut,Full",001
prm15_wcost_re16_c2p1_tn,SolarPV,Argentina,0.0,68590.4,0.0,0,0,16,1,"NoCut,Full",001
prm15_wcost_re16_c2p1_tn,SolarPV,Brazil,49202.17313864,134739.3,49202.17313864,0,0,16,1,"NoCut,Full",001
prm15_wcost_re12_c2p1_tn,Wind,Paraguay,7113.1956125100005,80313.0,7113.1956125100005,0,0,12,1,"NoCut,Full",001
prm15_wcost_re16_c2p1_tn,SolarPV,Chile,0.0,94117.1,0.0,0,0,16,1,"NoCut,Full",001
prm15_wcost_re16_c2p1_tn,SolarPV,Uruguay,2180.8867210865,8111.2,2180.8867210865,0,0,16,1,"NoCut,Full",001
prm15_wcost_re16_c2p1_tn,Wind,Argentina,6105.342298145,631578.0,6105.342298145,0,0,16,1,"NoCut,Full",001
prm15_wcost_re16_c2p1_tn,Wind,Brazil,91682.99999999611,281991.0,91682.99999999611,0,0,16,1,"NoCut,Full",001
prm15_wcost_re16_c2p1_tn,Wind,Chile,0.0,25245.0,0.0,0,0,16,1,"NoCut,Full",001
prm15_wcost_re16_c2p1_tn,Wind,Paraguay,10188.984305614,80313.0,10188.984305614,0,0,16,1,"NoCut,Full",001
prm15_wcost_re16_c2p1_tn,Wind,Uruguay,7137.706676142,102552.0,7137.706676142,0,0,16,1,"NoCut,Full",001
prm15_wcost_re11_c2p1_tn,Wind,Paraguay,9837.501095999,80313.0,9837.501095999,0,0,11,1,"NoCut,Full",001
prm15_wcost_re11_c2p1_tn,Wind,Chile,0.0,25245.0,0.0,0,0,11,1,"NoCut,Full",001
prm15_wcost_re11_c2p1_tn,Wind,Brazil,100860.0007440957,281991.0,100860.0007440957,0,0,11,1,"NoCut,Full",001
prm15_wcost_re11_c2p1_tn,Wind,Argentina,8991.0,631578.0,8991.0,0,0,11,1,"NoCut,Full",001
prm15_wcost_re11_c2p1_tn,SolarPV,Uruguay,2104.8,8111.2,2104.8,0,0,11,1,"NoCut,Full",001
prm15_wcost_re11_c2p1_tn,SolarPV,Paraguay,0.0,11360.1,0.0,0,0,11,1,"NoCut,Full",001
prm15_wcost_re16_c2p1_tn,SolarPV,Paraguay,0.0,11360.1,0.0,0,0,16,1,"NoCut,Full",001
prm15_wcost_re11_c2p1_tn,SolarPV,Chile,0.0,94117.1,0.0,0,0,11,1,"NoCut,Full",001
prm15_wcost_re12_c2p1_tn,Wind,Uruguay,4826.99999999938,102552.0,4826.99999999938,0,0,12,1,"NoCut,Full",001
prm15_wcost_re15_c2p1_tn,Wind,Paraguay,7161.0,80313.0,7161.0,0,0,15,1,"NoCut,Full",001
prm15_wcost_re14_c2p1_tn,SolarPV,Chile,0.0,94117.1,0.0,0,0,14,1,"NoCut,Full",001
prm15_wcost_re14_c2p1_tn,SolarPV,Paraguay,2914.9334021693,11360.1,2914.9334021693,0,0,14,1,"NoCut,Full",001
prm15_wcost_re14_c2p1_tn,SolarPV,Uruguay,2104.8,8111.2,2104.8,0,0,14,1,"NoCut,Full",001
prm15_wcost_re14_c2p1_tn,Wind,Argentina,4185.0,631578.0,4185.0,0,0,14,1,"NoCut,Full",001
prm15_wcost_re14_c2p1_tn,Wind,Brazil,62465.9999999999,281991.0,62465.9999999999,0,0,14,1,"NoCut,Full",001
prm15_wcost_re14_c2p1_tn,Wind,Chile,0.0,25245.0,0.0,0,0,14,1,"NoCut,Full",001
prm15_wcost_re14_c2p1_tn,Wind,Paraguay,6192.000057304,80313.0,6192.000057304,0,0,14,1,"NoCut,Full",001
prm15_wcost_re14_c2p1_tn,Wind,Uruguay,3932.0165045322,102552.0,3932.0165045322,0,0,14,1,"NoCut,Full",001
prm15_wcost_re17_c2p1_tn,Wind,Uruguay,7178.948707212,102552.0,7178.948707212,0,0,17,1,"NoCut,Full",001
prm15_wcost_re13_c2p1_tn,Wind,Paraguay,5287.18857526,80313.0,5287.18857526,0,0,13,1,"NoCut,Full",001
prm15_wcost_re13_c2p1_tn,Wind,Chile,0.0,25245.0,0.0,0,0,13,1,"NoCut,Full",001
prm15_wcost_re13_c2p1_tn,Wind,Brazil,40070.306355836,281991.0,40070.306355836,0,0,13,1,"NoCut,Full",001
prm15_wcost_re15_c2p1_tn,Wind,Uruguay,6957.5120153709995,102552.0,6957.5120153709995,0,0,15,1,"NoCut,Full",001
prm15_wcost_re13_c2p1_tn,Wind,Argentina,0.0,631578.0,0.0,0,0,13,1,"NoCut,Full",001
prm15_wcost_re13_c2p1_tn,SolarPV,Paraguay,5621.4,11360.1,5621.4,0,0,13,1,"NoCut,Full",001
prm15_wcost_re13_c2p1_tn,SolarPV,Chile,0.0,94117.1,0.0,0,0,13,1,"NoCut,Full",001
prm15_wcost_re13_c2p1_tn,SolarPV,Brazil,113343.5010916327,134739.3,113343.5010916327,0,0,13,1,"NoCut,Full",001
prm15_wcost_re13_c2p1_tn,SolarPV,Argentina,501.9,68590.4,501.9,0,0,13,1,"NoCut,Full",001
prm15_wcost_re15_c2p1_tn,SolarPV,Argentina,0.0,68590.4,0.0,0,0,15,1,"NoCut,Full",001
prm15_wcost_re15_c2p1_tn,SolarPV,Brazil,82626.5,134739.3,82626.5,0,0,15,1,"NoCut,Full",001
prm15_wcost_re15_c2p1_tn,SolarPV,Chile,0.0,94117.1,0.0,0,0,15,1,"NoCut,Full",001
prm15_wcost_re15_c2p1_tn,SolarPV,Paraguay,932.801171671,11360.1,932.801171671,0,0,15,1,"NoCut,Full",001
prm15_wcost_re15_c2p1_tn,SolarPV,Uruguay,2466.7153845876,8111.2,2466.7153845876,0,0,15,1,"NoCut,Full",001
prm15_wcost_re15_c2p1_tn,Wind,Argentina,5786.311695487,631578.0,5786.311695487,0,0,15,1,"NoCut,Full",001
prm15_wcost_re15_c2p1_tn,Wind,Brazil,72176.999999997,281991.0,72176.999999997,0,0,15,1,"NoCut,Full",001
prm15_wcost_re15_c2p1_tn,Wind,Chile,0.0,25245.0,0.0,0,0,15,1,"NoCut,Full",001
prm15_wcost_re13_c2p1_tn,SolarPV,Uruguay,1939.260881981,8111.2,1939.260881981,0,0,13,1,"NoCut,Full",001
prm15_wcost_re11_c2p1_tn,SolarPV,Brazil,21056.7,134739.3,21056.7,0,0,11,1,"NoCut,Full",001
prm15_wcost_re14_c2p1_tn,SolarPV,Argentina,239.0,68590.4,239.0,0,0,14,1,"NoCut,Full",001
prm15_wcost_re10_c2p1_tn,SolarPV,Paraguay,2013.1,11360.1,2013.1,0,0,10,0,"NoCut,Full",000
prm15_wcost_re10_c2p1_tn,SolarPV,Chile,5640.817496071,94117.1,5640.817496071,0,0,10,0,"NoCut,Full",000
prm15_wcost_re10_c2p1_tn,SolarPV,Brazil,95553.9750266985,134739.3,95553.9750266985,0,0,10,0,"NoCut,Full",000
prm15_wcost_re10_c2p1_tn,SolarPV,Argentina,2309.4,68590.4,2309.4,0,0,10,0,"NoCut,Full",000
prm15_wcost_re17_c2p1_tn,SolarPV,Argentina,0.0,68590.4,0.0,0,0,17,1,"NoCut,Full",001
prm15_wcost_re10_c2p1_tn,Wind,Brazil,86802.633739102,281991.0,86802.633739102,0,0,10,0,"NoCut,Full",000
prm15_wcost_re17_c2p1_tn,Wind,Paraguay,7647.59229429,80313.0,7647.59229429,0,0,17,1,"NoCut,Full",001
prm15_wcost_re17_c2p1_tn,Wind,Chile,0.0,25245.0,0.0,0,0,17,1,"NoCut,Full",001
prm15_wcost_re17_c2p1_tn,Wind,Brazil,80016.0,281991.0,80016.0,0,0,17,1,"NoCut,Full",001
prm15_wcost_re17_c2p1_tn,Wind,Argentina,5752.827760466,631578.0,5752.827760466,0,0,17,1,"NoCut,Full",001
prm15_wcost_re17_c2p1_tn,SolarPV,Uruguay,2417.2087402359,8111.2,2417.2087402359,0,0,17,1,"NoCut,Full",001
prm15_wcost_re17_c2p1_tn,SolarPV,Paraguay,516.7,11360.1,516.7,0,0,17,1,"NoCut,Full",001
prm15_wcost_re17_c2p1_tn,SolarPV,Chile,0.0,94117.1,0.0,0,0,17,1,"NoCut,Full",001
prm15_wcost_re17_c2p1_tn,SolarPV,Brazil,78954.2,134739.3,78954.2,0,0,17,1,"NoCut,Full",001
prm15_wcost_re11_c2p1_tn,SolarPV,Argentina,0.0,68590.4,0.0,0,0,11,1,"NoCut,Full",001
prm15_wcost_re10_c2p1_tn,Wind,Chile,0.0,25245.0,0.0,0,0,10,0,"NoCut,Full",000
prm15_wcost_re10_c2p1_tn,Wind,Paraguay,7376.124352465,80313.0,7376.124352465,0,0,10,0,"NoCut,Full",000
prm15_wcost_re10_c2p1_tn,Wind,Uruguay,6705.628166045,102552.0,6705.628166045,0,0,10,0,"NoCut,Full",000
prm15_wcost_re10_c2p1_tn,Wind,Argentina,12750.0,631578.0,12750.0,0,0,10,0,"NoCut,Full",000
prm15_wcost_re10_c2p1_tn,SolarPV,Uruguay,2782.784271388,8111.2,2782.784271388,0,0,10,0,"NoCut,Full",000
prm15_wcost_re9_c2p1_co2_cut90p_t1,Wind,Chile,12875.200395445365,25245.0,12875.200395445365,1,1,9,0,"90%Cut,Lim",110
prm15_wcost_re9_c2p1_co2_cut90p_t1,Wind,Argentina,69558.55394155455,631578.0,69558.55394155455,1,1,9,0,"90%Cut,Lim",110
prm15_wcost_re9_c2p1_co2_cut90p_t1,Wind,Paraguay,3542.838521690292,80313.0,3542.838521690292,1,1,9,0,"90%Cut,Lim",110
prm15_wcost_re9_c2p1_co2_cut90p_t1,Wind,Uruguay,7923.470883205544,102552.0,7923.470883205544,1,1,9,0,"90%Cut,Lim",110
prm15_wcost_re4_c2p1_co2_cut90p_t1,Wind,Uruguay,7720.197643403621,102552.0,7720.197643403621,1,1,4,0,"90%Cut,Lim",110
prm15_wcost_re9_c2p1_co2_cut90p_t1,Wind,Brazil,176359.95563530255,281991.0,176359.95563530255,1,1,9,0,"90%Cut,Lim",110
prm15_wcost_re9_c2p1_co2_cut90p_t1,SolarPV,Uruguay,4123.783337917368,8111.2,4123.783337917368,1,1,9,0,"90%Cut,Lim",110
prm15_wcost_re11_c2p1_co2_cut90p_t1,Wind,Uruguay,7271.489440037978,102552.0,7271.489440037978,1,1,11,1,"90%Cut,Lim",111
prm15_wcost_re9_c2p1_co2_cut90p_t1,SolarPV,Chile,32768.6,94117.1,32768.6,1,1,9,0,"90%Cut,Lim",110
prm15_wcost_re9_c2p1_co2_cut90p_t1,SolarPV,Brazil,134739.3,134739.3,134739.3,1,1,9,0,"90%Cut,Lim",110
prm15_wcost_re4_c2p1_co2_cut90p_t1,Wind,Paraguay,3445.900749174372,80313.0,3445.900749174372,1,1,4,0,"90%Cut,Lim",110
prm15_wcost_re9_c2p1_co2_cut90p_t1,SolarPV,Argentina,30287.002873221045,68590.4,30287.002873221045,1,1,9,0,"90%Cut,Lim",110
prm15_wcost_re13_c2p1_co2_cut90p_t1,Wind,Uruguay,9259.785077812045,102552.0,9259.785077812045,1,1,13,1,"90%Cut,Lim",111
prm15_wcost_re5_c2p1_co2_cut90p_t1,SolarPV,Argentina,24251.70764774589,68590.4,24251.70764774589,1,1,5,0,"90%Cut,Lim",110
prm15_wcost_re5_c2p1_co2_cut90p_t1,SolarPV,Brazil,134739.3,134739.3,134739.3,1,1,5,0,"90%Cut,Lim",110
prm15_wcost_re9_c2p1_co2_cut90p_t1,SolarPV,Paraguay,8828.283137729124,11360.1,8828.283137729124,1,1,9,0,"90%Cut,Lim",110
prm15_wcost_re5_c2p1_co2_cut90p_t1,SolarPV,Chile,32696.637232092242,94117.1,32696.637232092242,1,1,5,0,"90%Cut,Lim",110
prm15_wcost_re4_c2p1_co2_cut90p_t1,Wind,Chile,11997.94668577228,25245.0,11997.94668577228,1,1,4,0,"90%Cut,Lim",110
prm15_wcost_re4_c2p1_co2_cut90p_t1,Wind,Argentina,75704.04374297378,631578.0,75704.04374297378,1,1,4,0,"90%Cut,Lim",110
prm15_wcost_re3_c2p1_co2_cut90p_t1,Wind,Brazil,153371.50501544285,281991.0,153371.50501544285,1,1,3,0,"90%Cut,Lim",110
prm15_wcost_re3_c2p1_co2_cut90p_t1,Wind,Argentina,65879.45336513271,631578.0,65879.45336513271,1,1,3,0,"90%Cut,Lim",110
prm15_wcost_re3_c2p1_co2_cut90p_t1,SolarPV,Uruguay,4014.8801561258992,8111.2,4014.8801561258992,1,1,3,0,"90%Cut,Lim",110
prm15_wcost_re3_c2p1_co2_cut90p_t1,SolarPV,Paraguay,8842.31366333866,11360.1,8842.31366333866,1,1,3,0,"90%Cut,Lim",110
prm15_wcost_re3_c2p1_co2_cut90p_t1,SolarPV,Chile,33449.18780262429,94117.1,33449.18780262429,1,1,3,0,"90%Cut,Lim",110
prm15_wcost_re3_c2p1_co2_cut90p_t1,SolarPV,Brazil,134739.3,134739.3,134739.3,1,1,3,0,"90%Cut,Lim",110
prm15_wcost_re3_c2p1_co2_cut90p_t1,SolarPV,Argentina,32313.4,68590.4,32313.4,1,1,3,0,"90%Cut,Lim",110
prm15_wcost_re10_c2p1_co2_cut90p_t1,Wind,Paraguay,3306.0138696280374,80313.0,3306.0138696280374,1,1,10,0,"90%Cut,Lim",110
prm15_wcost_re10_c2p1_co2_cut90p_t1,Wind,Chile,12928.159064444779,25245.0,12928.159064444779,1,1,10,0,"90%Cut,Lim",110
prm15_wcost_re10_c2p1_co2_cut90p_t1,Wind,Brazil,171362.0143177098,281991.0,171362.0143177098,1,1,10,0,"90%Cut,Lim",110
prm15_wcost_re10_c2p1_co2_cut90p_t1,Wind,Argentina,60479.03230379957,631578.0,60479.03230379957,1,1,10,0,"90%Cut,Lim",110
prm15_wcost_re10_c2p1_co2_cut90p_t1,SolarPV,Uruguay,3118.4815852447273,8111.2,3118.4815852447273,1,1,10,0,"90%Cut,Lim",110
prm15_wcost_re10_c2p1_co2_cut90p_t1,SolarPV,Paraguay,7852.8,11360.1,7852.8,1,1,10,0,"90%Cut,Lim",110
prm15_wcost_re10_c2p1_co2_cut90p_t1,SolarPV,Chile,27585.5,94117.1,27585.5,1,1,10,0,"90%Cut,Lim",110
prm15_wcost_re10_c2p1_co2_cut90p_t1,SolarPV,Brazil,133852.4,134739.3,133852.4,1,1,10,0,"90%Cut,Lim",110
prm15_wcost_re3_c2p1_co2_cut90p_t1,Wind,Chile,12885.562973823375,25245.0,12885.562973823375,1,1,3,0,"90%Cut,Lim",110
prm15_wcost_re4_c2p1_co2_cut90p_t1,Wind,Brazil,180777.0,281991.0,180777.0,1,1,4,0,"90%Cut,Lim",110
prm15_wcost_re3_c2p1_co2_cut90p_t1,Wind,Paraguay,3643.8689135955656,80313.0,3643.8689135955656,1,1,3,0,"90%Cut,Lim",110
prm15_wcost_re14_c2p1_co2_cut90p_t1,Wind,Uruguay,8348.681297129191,102552.0,8348.681297129191,1,1,14,1,"90%Cut,Lim",111
prm15_wcost_re4_c2p1_co2_cut90p_t1,SolarPV,Uruguay,3637.251736029974,8111.2,3637.251736029974,1,1,4,0,"90%Cut,Lim",110
prm15_wcost_re4_c2p1_co2_cut90p_t1,SolarPV,Paraguay,8721.909531608966,11360.1,8721.909531608966,1,1,4,0,"90%Cut,Lim",110
prm15_wcost_re4_c2p1_co2_cut90p_t1,SolarPV,Chile,32261.476099444873,94117.1,32261.476099444873,1,1,4,0,"90%Cut,Lim",110
prm15_wcost_re4_c2p1_co2_cut90p_t1,SolarPV,Brazil,134739.3,134739.3,134739.3,1,1,4,0,"90%Cut,Lim",110
prm15_wcost_re4_c2p1_co2_cut90p_t1,SolarPV,Argentina,25531.357586983446,68590.4,25531.357586983446,1,1,4,0,"90%Cut,Lim",110
prm15_wcost_re10_c2p1_co2_cut90p_t1,Wind,Uruguay,6754.501834606377,102552.0,6754.501834606377,1,1,10,0,"90%Cut,Lim",110
prm15_wcost_re14_c2p1_co2_cut90p_t1,SolarPV,Argentina,17624.0,68590.4,17624.0,1,1,14,1,"90%Cut,Lim",111
prm15_wcost_re14_c2p1_co2_cut90p_t1,SolarPV,Brazil,134739.3,134739.3,134739.3,1,1,14,1,"90%Cut,Lim",111
prm15_wcost_re14_c2p1_co2_cut90p_t1,SolarPV,Chile,26973.69866234388,94117.1,26973.69866234388,1,1,14,1,"90%Cut,Lim",111
prm15_wcost_re14_c2p1_co2_cut90p_t1,SolarPV,Paraguay,8836.099402869211,11360.1,8836.099402869211,1,1,14,1,"90%Cut,Lim",111
prm15_wcost_re14_c2p1_co2_cut90p_t1,SolarPV,Uruguay,4135.218068949216,8111.2,4135.218068949216,1,1,14,1,"90%Cut,Lim",111
prm15_wcost_re14_c2p1_co2_cut90p_t1,Wind,Argentina,77807.47342537371,631578.0,77807.47342537371,1,1,14,1,"90%Cut,Lim",111
prm15_wcost_re14_c2p1_co2_cut90p_t1,Wind,Brazil,186195.0,281991.0,186195.0,1,1,14,1,"90%Cut,Lim",111
prm15_wcost_re14_c2p1_co2_cut90p_t1,Wind,Chile,19479.0,25245.0,19479.0,1,1,14,1,"90%Cut,Lim",111
prm15_wcost_re14_c2p1_co2_cut90p_t1,Wind,Paraguay,4031.1323388154815,80313.0,4031.1323388154815,1,1,14,1,"90%Cut,Lim",111
prm15_wcost_re3_c2p1_co2_cut90p_t1,Wind,Uruguay,8291.034070977801,102552.0,8291.034070977801,1,1,3,0,"90%Cut,Lim",110
prm15_wcost_re5_c2p1_co2_cut90p_t1,SolarPV,Paraguay,8544.129620928046,11360.1,8544.129620928046,1,1,5,0,"90%Cut,Lim",110
prm15_wcost_re5_c2p1_co2_cut90p_t1,Wind,Uruguay,7339.146823762285,102552.0,7339.146823762285,1,1,5,0,"90%Cut,Lim",110
prm15_wcost_re5_c2p1_co2_cut90p_t1,Wind,Argentina,72322.09512219181,631578.0,72322.09512219181,1,1,5,0,"90%Cut,Lim",110
prm15_wcost_re11_c2p1_co2_cut90p_t1,SolarPV,Brazil,130357.88481820044,134739.3,130357.88481820044,1,1,11,1,"90%Cut,Lim",111
prm15_wcost_re7_c2p1_co2_cut90p_t1,SolarPV,Argentina,23165.5,68590.4,23165.5,1,1,7,0,"90%Cut,Lim",110
prm15_wcost_re7_c2p1_co2_cut90p_t1,SolarPV,Brazil,134739.3,134739.3,134739.3,1,1,7,0,"90%Cut,Lim",110
prm15_wcost_re7_c2p1_co2_cut90p_t1,SolarPV,Chile,31378.057604471178,94117.1,31378.057604471178,1,1,7,0,"90%Cut,Lim",110
prm15_wcost_re7_c2p1_co2_cut90p_t1,SolarPV,Paraguay,8474.602747232897,11360.1,8474.602747232897,1,1,7,0,"90%Cut,Lim",110
prm15_wcost_re7_c2p1_co2_cut90p_t1,SolarPV,Uruguay,3601.804186456867,8111.2,3601.804186456867,1,1,7,0,"90%Cut,Lim",110
prm15_wcost_re7_c2p1_co2_cut90p_t1,Wind,Argentina,70171.25514200248,631578.0,70171.25514200248,1,1,7,0,"90%Cut,Lim",110
prm15_wcost_re7_c2p1_co2_cut90p_t1,Wind,Brazil,190527.0,281991.0,190527.0,1,1,7,0,"90%Cut,Lim",110
prm15_wcost_re7_c2p1_co2_cut90p_t1,Wind,Chile,11509.687408479009,25245.0,11509.687408479009,1,1,7,0,"90%Cut,Lim",110
prm15_wcost_re7_c2p1_co2_cut90p_t1,Wind,Paraguay,3382.244762046632,80313.0,3382.244762046632,1,1,7,0,"90%Cut,Lim",110
prm15_wcost_re11_c2p1_co2_cut90p_t1,SolarPV,Chile,18261.985324275887,94117.1,18261.985324275887,1,1,11,1,"90%Cut,Lim",111
prm15_wcost_re11_c2p1_co2_cut90p_t1,SolarPV,Paraguay,6640.8,11360.1,6640.8,1,1,11,1,"90%Cut,Lim",111
prm15_wcost_re11_c2p1_co2_cut90p_t1,SolarPV,Uruguay,3565.438288763258,8111.2,3565.438288763258,1,1,11,1,"90%Cut,Lim",111
prm15_wcost_re12_c2p1_co2_cut90p_t1,SolarPV,Argentina,17624.0,68590.4,17624.0,1,1,12,1,"90%Cut,Lim",111
prm15_wcost_re11_c2p1_co2_cut90p_t1,Wind,Argentina,68459.2209666828,631578.0,68459.2209666828,1,1,11,1,"90%Cut,Lim",111
prm15_wcost_re11_c2p1_co2_cut90p_t1,Wind,Chile,22716.0,25245.0,22716.0,1,1,11,1,"90%Cut,Lim",111
prm15_wcost_re11_c2p1_co2_cut90p_t1,Wind,Paraguay,4282.587154236233,80313.0,4282.587154236233,1,1,11,1,"90%Cut,Lim",111
prm15_wcost_re8_c2p1_co2_cut90p_t1,Wind,Uruguay,7980.044037419995,102552.0,7980.044037419995,1,1,8,0,"90%Cut,Lim",110
prm15_wcost_re8_c2p1_co2_cut90p_t1,Wind,Paraguay,3590.676922561538,80313.0,3590.676922561538,1,1,8,0,"90%Cut,Lim",110
prm15_wcost_re8_c2p1_co2_cut90p_t1,Wind,Chile,12025.09249075339,25245.0,12025.09249075339,1,1,8,0,"90%Cut,Lim",110
prm15_wcost_re7_c2p1_co2_cut90p_t1,Wind,Uruguay,7492.366717376604,102552.0,7492.366717376604,1,1,7,0,"90%Cut,Lim",110
prm15_wcost_re8_c2p1_co2_cut90p_t1,Wind,Brazil,161256.44006544753,281991.0,161256.44006544753,1,1,8,0,"90%Cut,Lim",110
prm15_wcost_re8_c2p1_co2_cut90p_t1,Wind,Argentina,69033.0,631578.0,69033.0,1,1,8,0,"90%Cut,Lim",110
prm15_wcost_re8_c2p1_co2_cut90p_t1,SolarPV,Uruguay,3909.0785665115086,8111.2,3909.0785665115086,1,1,8,0,"90%Cut,Lim",110
prm15_wcost_re8_c2p1_co2_cut90p_t1,SolarPV,Paraguay,8788.065045801102,11360.1,8788.065045801102,1,1,8,0,"90%Cut,Lim",110
prm15_wcost_re8_c2p1_co2_cut90p_t1,SolarPV,Chile,33007.93586470315,94117.1,33007.93586470315,1,1,8,0,"90%Cut,Lim",110
prm15_wcost_re8_c2p1_co2_cut90p_t1,SolarPV,Brazil,134739.3,134739.3,134739.3,1,1,8,0,"90%Cut,Lim",110
prm15_wcost_re8_c2p1_co2_cut90p_t1,SolarPV,Argentina,29626.81946830824,68590.4,29626.81946830824,1,1,8,0,"90%Cut,Lim",110
prm15_wcost_re11_c2p1_co2_cut90p_t1,Wind,Brazil,194649.0,281991.0,194649.0,1,1,11,1,"90%Cut,Lim",111
prm15_wcost_re5_c2p1_co2_cut90p_t1,SolarPV,Uruguay,3506.3,8111.2,3506.3,1,1,5,0,"90%Cut,Lim",110
prm15_wcost_re12_c2p1_co2_cut90p_t1,SolarPV,Brazil,134739.3,134739.3,134739.3,1,1,12,1,"90%Cut,Lim",111
prm15_wcost_re12_c2p1_co2_cut90p_t1,SolarPV,Paraguay,8312.7,11360.1,8312.7,1,1,12,1,"90%Cut,Lim",111
prm15_wcost_re5_c2p1_co2_cut90p_t1,Wind,Brazil,188439.0,281991.0,188439.0,1,1,5,0,"90%Cut,Lim",110
prm15_wcost_re5_c2p1_co2_cut90p_t1,Wind,Chile,12056.537581529215,25245.0,12056.537581529215,1,1,5,0,"90%Cut,Lim",110
prm15_wcost_re5_c2p1_co2_cut90p_t1,Wind,Paraguay,3377.9084346997256,80313.0,3377.9084346997256,1,1,5,0,"90%Cut,Lim",110
prm15_wcost_re13_c2p1_co2_cut90p_t1,Wind,Paraguay,3883.575666491688,80313.0,3883.575666491688,1,1,13,1,"90%Cut,Lim",111
prm15_wcost_re13_c2p1_co2_cut90p_t1,Wind,Chile,18547.477370305576,25245.0,18547.477370305576,1,1,13,1,"90%Cut,Lim",111
prm15_wcost_re13_c2p1_co2_cut90p_t1,Wind,Brazil,173740.0741873388,281991.0,173740.0741873388,1,1,13,1,"90%Cut,Lim",111
prm15_wcost_re13_c2p1_co2_cut90p_t1,Wind,Argentina,77452.66279824603,631578.0,77452.66279824603,1,1,13,1,"90%Cut,Lim",111
prm15_wcost_re13_c2p1_co2_cut90p_t1,SolarPV,Uruguay,4297.693048752998,8111.2,4297.693048752998,1,1,13,1,"90%Cut,Lim",111
prm15_wcost_re13_c2p1_co2_cut90p_t1,SolarPV,Paraguay,9523.2,11360.1,9523.2,1,1,13,1,"90%Cut,Lim",111
prm15_wcost_re13_c2p1_co2_cut90p_t1,SolarPV,Chile,27894.65026752098,94117.1,27894.65026752098,1,1,13,1,"90%Cut,Lim",111
prm15_wcost_re13_c2p1_co2_cut90p_t1,SolarPV,Brazil,134739.3,134739.3,134739.3,1,1,13,1,"90%Cut,Lim",111
prm15_wcost_re13_c2p1_co2_cut90p_t1,SolarPV,Argentina,20179.9,68590.4,20179.9,1,1,13,1,"90%Cut,Lim",111
prm15_wcost_re6_c2p1_co2_cut90p_t1,SolarPV,Argentina,21072.82713390312,68590.4,21072.82713390312,1,1,6,0,"90%Cut,Lim",110
prm15_wcost_re12_c2p1_co2_cut90p_t1,SolarPV,Chile,27031.553841346264,94117.1,27031.553841346264,1,1,12,1,"90%Cut,Lim",111
prm15_wcost_re6_c2p1_co2_cut90p_t1,SolarPV,Brazil,134739.3,134739.3,134739.3,1,1,6,0,"90%Cut,Lim",110
prm15_wcost_re6_c2p1_co2_cut90p_t1,SolarPV,Paraguay,8389.94473001628,11360.1,8389.94473001628,1,1,6,0,"90%Cut,Lim",110
prm15_wcost_re6_c2p1_co2_cut90p_t1,SolarPV,Uruguay,3177.6812362738406,8111.2,3177.6812362738406,1,1,6,0,"90%Cut,Lim",110
prm15_wcost_re6_c2p1_co2_cut90p_t1,Wind,Argentina,65578.02932657763,631578.0,65578.02932657763,1,1,6,0,"90%Cut,Lim",110
prm15_wcost_re6_c2p1_co2_cut90p_t1,Wind,Brazil,180420.03506389307,281991.0,180420.03506389307,1,1,6,0,"90%Cut,Lim",110
prm15_wcost_re6_c2p1_co2_cut90p_t1,Wind,Chile,12277.034443390983,25245.0,12277.034443390983,1,1,6,0,"90%Cut,Lim",110
prm15_wcost_re6_c2p1_co2_cut90p_t1,Wind,Paraguay,3254.7331078818797,80313.0,3254.7331078818797,1,1,6,0,"90%Cut,Lim",110
prm15_wcost_re11_c2p1_co2_cut90p_t1,SolarPV,Argentina,9660.6,68590.4,9660.6,1,1,11,1,"90%Cut,Lim",111
prm15_wcost_re12_c2p1_co2_cut90p_t1,Wind,Uruguay,8086.359333072402,102552.0,8086.359333072402,1,1,12,1,"90%Cut,Lim",111
prm15_wcost_re12_c2p1_co2_cut90p_t1,Wind,Paraguay,4091.7129721318465,80313.0,4091.7129721318465,1,1,12,1,"90%Cut,Lim",111
prm15_wcost_re12_c2p1_co2_cut90p_t1,Wind,Chile,19296.0,25245.0,19296.0,1,1,12,1,"90%Cut,Lim",111
prm15_wcost_re12_c2p1_co2_cut90p_t1,Wind,Brazil,192963.0,281991.0,192963.0,1,1,12,1,"90%Cut,Lim",111
prm15_wcost_re12_c2p1_co2_cut90p_t1,Wind,Argentina,75355.81825359837,631578.0,75355.81825359837,1,1,12,1,"90%Cut,Lim",111
prm15_wcost_re12_c2p1_co2_cut90p_t1,SolarPV,Uruguay,4098.635287214651,8111.2,4098.635287214651,1,1,12,1,"90%Cut,Lim",111
prm15_wcost_re6_c2p1_co2_cut90p_t1,SolarPV,Chile,29998.08845118185,94117.1,29998.08845118185,1,1,6,0,"90%Cut,Lim",110
prm15_wcost_re6_c2p1_co2_cut90p_t1,Wind,Uruguay,7018.095214439476,102552.0,7018.095214439476,1,1,6,0,"90%Cut,Lim",110
prm15_wcost_re18_c2p1_co2_cut90p_t1,SolarPV,Argentina,17481.1,68590.4,17481.1,1,1,18,1,"90%Cut,Lim",111
prm15_wcost_re15_c2p1_co2_cut90p_t1,SolarPV,Argentina,17624.0,68590.4,17624.0,1,1,15,1,"90%Cut,Lim",111
prm15_wcost_re1_c2p1_co2_cut90p_t1,SolarPV,Chile,29276.438614299834,94117.1,29276.438614299834,1,1,1,0,"90%Cut,Lim",110
prm15_wcost_re1_c2p1_co2_cut90p_t1,SolarPV,Paraguay,8145.547817718256,11360.1,8145.547817718256,1,1,1,0,"90%Cut,Lim",110
prm15_wcost_re1_c2p1_co2_cut90p_t1,SolarPV,Uruguay,3231.617843309725,8111.2,3231.617843309725,1,1,1,0,"90%Cut,Lim",110
prm15_wcost_re1_c2p1_co2_cut90p_t1,Wind,Argentina,63047.5644383629,631578.0,63047.5644383629,1,1,1,0,"90%Cut,Lim",110
prm15_wcost_re1_c2p1_co2_cut90p_t1,Wind,Brazil,173863.70084141617,281991.0,173863.70084141617,1,1,1,0,"90%Cut,Lim",110
prm15_wcost_re1_c2p1_co2_cut90p_t1,Wind,Chile,12324.591336167501,25245.0,12324.591336167501,1,1,1,0,"90%Cut,Lim",110
prm15_wcost_re1_c2p1_co2_cut90p_t1,Wind,Paraguay,3269.351032344911,80313.0,3269.351032344911,1,1,1,0,"90%Cut,Lim",110
prm15_wcost_re1_c2p1_co2_cut90p_t1,Wind,Uruguay,6734.288667423786,102552.0,6734.288667423786,1,1,1,0,"90%Cut,Lim",110
prm15_wcost_re16_c2p1_co2_cut90p_t1,Wind,Uruguay,7419.561170495035,102552.0,7419.561170495035,1,1,16,1,"90%Cut,Lim",111
prm15_wcost_re16_c2p1_co2_cut90p_t1,Wind,Paraguay,4118.586565497107,80313.0,4118.586565497107,1,1,16,1,"90%Cut,Lim",111
prm15_wcost_re16_c2p1_co2_cut90p_t1,Wind,Chile,22500.0,25245.0,22500.0,1,1,16,1,"90%Cut,Lim",111
prm15_wcost_re16_c2p1_co2_cut90p_t1,Wind,Brazil,201301.72204964916,281991.0,201301.72204964916,1,1,16,1,"90%Cut,Lim",111
prm15_wcost_re1_c2p1_co2_cut90p_t1,SolarPV,Brazil,134366.2,134739.3,134366.2,1,1,1,0,"90%Cut,Lim",110
prm15_wcost_re16_c2p1_co2_cut90p_t1,Wind,Argentina,69333.06180287243,631578.0,69333.06180287243,1,1,16,1,"90%Cut,Lim",111
prm15_wcost_re16_c2p1_co2_cut90p_t1,SolarPV,Paraguay,7396.158234474257,11360.1,7396.158234474257,1,1,16,1,"90%Cut,Lim",111
prm15_wcost_re16_c2p1_co2_cut90p_t1,SolarPV,Chile,20033.10943371516,94117.1,20033.10943371516,1,1,16,1,"90%Cut,Lim",111
prm15_wcost_re16_c2p1_co2_cut90p_t1,SolarPV,Brazil,134026.7,134739.3,134026.7,1,1,16,1,"90%Cut,Lim",111
prm15_wcost_re16_c2p1_co2_cut90p_t1,SolarPV,Argentina,9950.099501600482,68590.4,9950.099501600482,1,1,16,1,"90%Cut,Lim",111
prm15_wcost_re20_c2p1_co2_cut90p_t1,SolarPV,Argentina,8527.2,68590.4,8527.2,1,1,20,1,"90%Cut,Lim",111
prm15_wcost_re20_c2p1_co2_cut90p_t1,SolarPV,Brazil,125715.4,134739.3,125715.4,1,1,20,1,"90%Cut,Lim",111
prm15_wcost_re20_c2p1_co2_cut90p_t1,SolarPV,Chile,16023.398493621115,94117.1,16023.398493621115,1,1,20,1,"90%Cut,Lim",111
prm15_wcost_re20_c2p1_co2_cut90p_t1,SolarPV,Paraguay,5624.2,11360.1,5624.2,1,1,20,1,"90%Cut,Lim",111
prm15_wcost_re20_c2p1_co2_cut90p_t1,SolarPV,Uruguay,3578.6344141931354,8111.2,3578.6344141931354,1,1,20,1,"90%Cut,Lim",111
prm15_wcost_re20_c2p1_co2_cut90p_t1,Wind,Argentina,66308.53664347358,631578.0,66308.53664347358,1,1,20,1,"90%Cut,Lim",111
prm15_wcost_re20_c2p1_co2_cut90p_t1,Wind,Brazil,199054.58651674486,281991.0,199054.58651674486,1,1,20,1,"90%Cut,Lim",111
prm15_wcost_re20_c2p1_co2_cut90p_t1,Wind,Chile,22500.0,25245.0,22500.0,1,1,20,1,"90%Cut,Lim",111
prm15_wcost_re16_c2p1_co2_cut90p_t1,SolarPV,Uruguay,3781.507642521961,8111.2,3781.507642521961,1,1,16,1,"90%Cut,Lim",111
prm15_wcost_re1_c2p1_co2_cut90p_t1,SolarPV,Argentina,18213.0,68590.4,18213.0,1,1,1,0,"90%Cut,Lim",110
prm15_wcost_re17_c2p1_co2_cut90p_t1,SolarPV,Argentina,13283.693640913676,68590.4,13283.693640913676,1,1,17,1,"90%Cut,Lim",111
prm15_wcost_re17_c2p1_co2_cut90p_t1,SolarPV,Brazil,134739.3,134739.3,134739.3,1,1,17,1,"90%Cut,Lim",111
prm15_wcost_re18_c2p1_co2_cut90p_t1,SolarPV,Brazil,134739.3,134739.3,134739.3,1,1,18,1,"90%Cut,Lim",111
prm15_wcost_re18_c2p1_co2_cut90p_t1,SolarPV,Chile,27854.093728452004,94117.1,27854.093728452004,1,1,18,1,"90%Cut,Lim",111
prm15_wcost_re18_c2p1_co2_cut90p_t1,SolarPV,Paraguay,9217.2,11360.1,9217.2,1,1,18,1,"90%Cut,Lim",111
prm15_wcost_re18_c2p1_co2_cut90p_t1,SolarPV,Uruguay,4119.157479399002,8111.2,4119.157479399002,1,1,18,1,"90%Cut,Lim",111
prm15_wcost_re18_c2p1_co2_cut90p_t1,Wind,Argentina,76930.08192392367,631578.0,76930.08192392367,1,1,18,1,"90%Cut,Lim",111
prm15_wcost_re18_c2p1_co2_cut90p_t1,Wind,Brazil,169283.03230745532,281991.0,169283.03230745532,1,1,18,1,"90%Cut,Lim",111
prm15_wcost_re18_c2p1_co2_cut90p_t1,Wind,Chile,17426.699820440546,25245.0,17426.699820440546,1,1,18,1,"90%Cut,Lim",111
prm15_wcost_re18_c2p1_co2_cut90p_t1,Wind,Paraguay,3984.3768302643857,80313.0,3984.3768302643857,1,1,18,1,"90%Cut,Lim",111
prm15_wcost_re18_c2p1_co2_cut90p_t1,Wind,Uruguay,8919.254151952622,102552.0,8919.254151952622,1,1,18,1,"90%Cut,Lim",111
prm15_wcost_re17_c2p1_co2_cut90p_t1,Wind,Uruguay,7862.562460169802,102552.0,7862.562460169802,1,1,17,1,"90%Cut,Lim",111
prm15_wcost_re19_c2p1_co2_cut90p_t1,SolarPV,Argentina,17624.0,68590.4,17624.0,1,1,19,1,"90%Cut,Lim",111
prm15_wcost_re19_c2p1_co2_cut90p_t1,SolarPV,Brazil,134739.3,134739.3,134739.3,1,1,19,1,"90%Cut,Lim",111
prm15_wcost_re19_c2p1_co2_cut90p_t1,SolarPV,Chile,27704.35407458525,94117.1,27704.35407458525,1,1,19,1,"90%Cut,Lim",111
prm15_wcost_re19_c2p1_co2_cut90p_t1,SolarPV,Paraguay,9214.781543988896,11360.1,9214.781543988896,1,1,19,1,"90%Cut,Lim",111
prm15_wcost_re19_c2p1_co2_cut90p_t1,SolarPV,Uruguay,4049.468533664745,8111.2,4049.468533664745,1,1,19,1,"90%Cut,Lim",111
prm15_wcost_re19_c2p1_co2_cut90p_t1,Wind,Argentina,77997.31047384754,631578.0,77997.31047384754,1,1,19,1,"90%Cut,Lim",111
prm15_wcost_re19_c2p1_co2_cut90p_t1,Wind,Brazil,187180.43209372737,281991.0,187180.43209372737,1,1,19,1,"90%Cut,Lim",111
prm15_wcost_re19_c2p1_co2_cut90p_t1,Wind,Chile,18675.5931631788,25245.0,18675.5931631788,1,1,19,1,"90%Cut,Lim",111
prm15_wcost_re19_c2p1_co2_cut90p_t1,Wind,Paraguay,4061.245258158216,80313.0,4061.245258158216,1,1,19,1,"90%Cut,Lim",111
prm15_wcost_re19_c2p1_co2_cut90p_t1,Wind,Uruguay,9071.105096823063,102552.0,9071.105096823063,1,1,19,1,"90%Cut,Lim",111
prm15_wcost_re17_c2p1_co2_cut90p_t1,Wind,Paraguay,4114.267430476213,80313.0,4114.267430476213,1,1,17,1,"90%Cut,Lim",111
prm15_wcost_re17_c2p1_co2_cut90p_t1,Wind,Chile,19479.0,25245.0,19479.0,1,1,17,1,"90%Cut,Lim",111
prm15_wcost_re17_c2p1_co2_cut90p_t1,Wind,Brazil,197979.0,281991.0,197979.0,1,1,17,1,"90%Cut,Lim",111
prm15_wcost_re17_c2p1_co2_cut90p_t1,Wind,Argentina,73462.90414870085,631578.0,73462.90414870085,1,1,17,1,"90%Cut,Lim",111
prm15_wcost_re17_c2p1_co2_cut90p_t1,SolarPV,Uruguay,3753.528072785969,8111.2,3753.528072785969,1,1,17,1,"90%Cut,Lim",111
prm15_wcost_re17_c2p1_co2_cut90p_t1,SolarPV,Paraguay,8010.2,11360.1,8010.2,1,1,17,1,"90%Cut,Lim",111
prm15_wcost_re17_c2p1_co2_cut90p_t1,SolarPV,Chile,26472.535733013305,94117.1,26472.535733013305,1,1,17,1,"90%Cut,Lim",111
prm15_wcost_re20_c2p1_co2_cut90p_t1,Wind,Paraguay,4461.638764176462,80313.0,4461.638764176462,1,1,20,1,"90%Cut,Lim",111
prm15_wcost_re20_c2p1_co2_cut90p_t1,Wind,Uruguay,7146.5263081339135,102552.0,7146.5263081339135,1,1,20,1,"90%Cut,Lim",111
prm15_wcost_re10_c2p1_co2_cut90p_t1,SolarPV,Argentina,18584.7,68590.4,18584.7,1,1,10,0,"90%Cut,Lim",110
prm15_wcost_re2_c2p1_co2_cut90p_t1,Wind,Brazil,186510.0,281991.0,186510.0,1,1,2,0,"90%Cut,Lim",110
prm15_wcost_re2_c2p1_co2_cut90p_t1,Wind,Paraguay,3347.54200079681,80313.0,3347.54200079681,1,1,2,0,"90%Cut,Lim",110
prm15_wcost_re2_c2p1_co2_cut90p_t1,Wind,Uruguay,7383.003510825596,102552.0,7383.003510825596,1,1,2,0,"90%Cut,Lim",110
prm15_wcost_re15_c2p1_co2_cut90p_t1,Wind,Uruguay,8027.192840526401,102552.0,8027.192840526401,1,1,15,1,"90%Cut,Lim",111
prm15_wcost_re2_c2p1_co2_cut90p_t1,SolarPV,Argentina,25329.49439126134,68590.4,25329.49439126134,1,1,2,0,"90%Cut,Lim",110
prm15_wcost_re2_c2p1_co2_cut90p_t1,SolarPV,Brazil,134739.3,134739.3,134739.3,1,1,2,0,"90%Cut,Lim",110
prm15_wcost_re2_c2p1_co2_cut90p_t1,SolarPV,Chile,32528.092078337355,94117.1,32528.092078337355,1,1,2,0,"90%Cut,Lim",110
prm15_wcost_re2_c2p1_co2_cut90p_t1,SolarPV,Uruguay,3738.987531663544,8111.2,3738.987531663544,1,1,2,0,"90%Cut,Lim",110
prm15_wcost_re2_c2p1_co2_cut90p_t1,Wind,Argentina,72979.81556733642,631578.0,72979.81556733642,1,1,2,0,"90%Cut,Lim",110
prm15_wcost_re2_c2p1_co2_cut90p_t1,Wind,Chile,13048.620360779472,25245.0,13048.620360779472,1,1,2,0,"90%Cut,Lim",110
prm15_wcost_re2_c2p1_co2_cut90p_t1,SolarPV,Paraguay,8717.751070963832,11360.1,8717.751070963832,1,1,2,0,"90%Cut,Lim",110
prm15_wcost_re15_c2p1_co2_cut90p_t1,SolarPV,Brazil,134739.3,134739.3,134739.3,1,1,15,1,"90%Cut,Lim",111
prm15_wcost_re15_c2p1_co2_cut90p_t1,Wind,Paraguay,4085.7509828799457,80313.0,4085.7509828799457,1,1,15,1,"90%Cut,Lim",111
prm15_wcost_re15_c2p1_co2_cut90p_t1,Wind,Chile,19479.0,25245.0,19479.0,1,1,15,1,"90%Cut,Lim",111
prm15_wcost_re15_c2p1_co2_cut90p_t1,Wind,Brazil,193866.0,281991.0,193866.0,1,1,15,1,"90%Cut,Lim",111
prm15_wcost_re15_c2p1_co2_cut90p_t1,Wind,Argentina,74333.76612253125,631578.0,74333.76612253125,1,1,15,1,"90%Cut,Lim",111
prm15_wcost_re15_c2p1_co2_cut90p_t1,SolarPV,Uruguay,3744.6337802808525,8111.2,3744.6337802808525,1,1,15,1,"90%Cut,Lim",111
prm15_wcost_re15_c2p1_co2_cut90p_t1,SolarPV,Paraguay,8188.755861101449,11360.1,8188.755861101449,1,1,15,1,"90%Cut,Lim",111
prm15_wcost_re15_c2p1_co2_cut90p_t1,SolarPV,Chile,26960.41167712594,94117.1,26960.41167712594,1,1,15,1,"90%Cut,Lim",111
prm15_wcost_re19_c2p1_co2_cut90p_tn,SolarPV,Brazil,134642.7999999992,134739.3,134642.7999999992,1,0,19,1,"90%Cut,Full",101
prm15_wcost_re19_c2p1_co2_cut90p_tn,SolarPV,Argentina,1916.6961234762,68590.4,1916.6961234762,1,0,19,1,"90%Cut,Full",101
prm15_wcost_re14_c2p1_co2_cut90p_tn,Wind,Paraguay,16527.54968334,80313.0,16527.54968334,1,0,14,1,"90%Cut,Full",101
prm15_wcost_re3_c2p1_co2_cut90p_tn,Wind,Uruguay,8450.882841699,102552.0,8450.882841699,1,0,3,0,"90%Cut,Full",100
prm15_wcost_re8_c2p1_co2_cut90p_tn,SolarPV,Argentina,11341.2621098526,68590.4,11341.2621098526,1,0,8,0,"90%Cut,Full",100
prm15_wcost_re8_c2p1_co2_cut90p_tn,SolarPV,Brazil,134739.3,134739.3,134739.3,1,0,8,0,"90%Cut,Full",100
prm15_wcost_re8_c2p1_co2_cut90p_tn,SolarPV,Chile,31710.863829933,94117.1,31710.863829933,1,0,8,0,"90%Cut,Full",100
prm15_wcost_re8_c2p1_co2_cut90p_tn,Wind,Paraguay,15069.0,80313.0,15069.0,1,0,8,0,"90%Cut,Full",100
prm15_wcost_re8_c2p1_co2_cut90p_tn,SolarPV,Uruguay,4920.2878246285,8111.2,4920.2878246285,1,0,8,0,"90%Cut,Full",100
prm15_wcost_re8_c2p1_co2_cut90p_tn,Wind,Argentina,85442.3621816702,631578.0,85442.3621816702,1,0,8,0,"90%Cut,Full",100
prm15_wcost_re8_c2p1_co2_cut90p_tn,Wind,Uruguay,8246.7582861587,102552.0,8246.7582861587,1,0,8,0,"90%Cut,Full",100
prm15_wcost_re19_c2p1_co2_cut90p_tn,SolarPV,Chile,28684.800643166698,94117.1,28684.800643166698,1,0,19,1,"90%Cut,Full",101
prm15_wcost_re8_c2p1_co2_cut90p_tn,Wind,Brazil,164421.525495665,281991.0,164421.525495665,1,0,8,0,"90%Cut,Full",100
prm15_wcost_re3_c2p1_co2_cut90p_tn,Wind,Paraguay,15094.6510530494,80313.0,15094.6510530494,1,0,3,0,"90%Cut,Full",100
prm15_wcost_re8_c2p1_co2_cut90p_tn,Wind,Chile,0.0,25245.0,0.0,1,0,8,0,"90%Cut,Full",100
prm15_wcost_re8_c2p1_co2_cut90p_tn,SolarPV,Paraguay,8832.7230042999,11360.1,8832.7230042999,1,0,8,0,"90%Cut,Full",100
prm15_wcost_re19_c2p1_co2_cut90p_tn,SolarPV,Paraguay,6640.8,11360.1,6640.8,1,0,19,1,"90%Cut,Full",101
prm15_wcost_re11_c2p1_co2_cut90p_tn,SolarPV,Argentina,501.9,68590.4,501.9,1,0,11,1,"90%Cut,Full",101
prm15_wcost_re19_c2p1_co2_cut90p_tn,Wind,Argentina,101578.427077184,631578.0,101578.427077184,1,0,19,1,"90%Cut,Full",101
prm15_wcost_re7_c2p1_co2_cut90p_tn,Wind,Paraguay,13754.38226028,80313.0,13754.38226028,1,0,7,0,"90%Cut,Full",100
prm15_wcost_re7_c2p1_co2_cut90p_tn,Wind,Uruguay,7442.7197994529,102552.0,7442.7197994529,1,0,7,0,"90%Cut,Full",100
prm15_wcost_re14_c2p1_co2_cut90p_tn,SolarPV,Argentina,1062.139999338,68590.4,1062.139999338,1,0,14,1,"90%Cut,Full",101
prm15_wcost_re14_c2p1_co2_cut90p_tn,SolarPV,Brazil,134642.7999999996,134739.3,134642.7999999996,1,0,14,1,"90%Cut,Full",101
prm15_wcost_re14_c2p1_co2_cut90p_tn,SolarPV,Chile,25763.0,94117.1,25763.0,1,0,14,1,"90%Cut,Full",101
prm15_wcost_re14_c2p1_co2_cut90p_tn,SolarPV,Paraguay,6445.3810152936,11360.1,6445.3810152936,1,0,14,1,"90%Cut,Full",101
prm15_wcost_re14_c2p1_co2_cut90p_tn,SolarPV,Uruguay,4285.40705246279,8111.2,4285.40705246279,1,0,14,1,"90%Cut,Full",101
prm15_wcost_re14_c2p1_co2_cut90p_tn,Wind,Argentina,106495.1591573579,631578.0,106495.1591573579,1,0,14,1,"90%Cut,Full",101
prm15_wcost_re14_c2p1_co2_cut90p_tn,Wind,Brazil,176512.5246929156,281991.0,176512.5246929156,1,0,14,1,"90%Cut,Full",101
prm15_wcost_re14_c2p1_co2_cut90p_tn,Wind,Chile,0.0,25245.0,0.0,1,0,14,1,"90%Cut,Full",101
prm15_wcost_re19_c2p1_co2_cut90p_tn,Wind,Uruguay,9084.425176366,102552.0,9084.425176366,1,0,19,1,"90%Cut,Full",101
prm15_wcost_re19_c2p1_co2_cut90p_tn,SolarPV,Uruguay,4438.36859383634,8111.2,4438.36859383634,1,0,19,1,"90%Cut,Full",101
prm15_wcost_re11_c2p1_co2_cut90p_tn,Wind,Uruguay,7644.129104409,102552.0,7644.129104409,1,0,11,1,"90%Cut,Full",101
prm15_wcost_re11_c2p1_co2_cut90p_tn,Wind,Chile,0.0,25245.0,0.0,1,0,11,1,"90%Cut,Full",101
prm15_wcost_re11_c2p1_co2_cut90p_tn,Wind,Brazil,165293.999999993,281991.0,165293.999999993,1,0,11,1,"90%Cut,Full",101
prm15_wcost_re11_c2p1_co2_cut90p_tn,Wind,Argentina,86634.436863304,631578.0,86634.436863304,1,0,11,1,"90%Cut,Full",101
prm15_wcost_re11_c2p1_co2_cut90p_tn,SolarPV,Uruguay,3788.40742747,8111.2,3788.40742747,1,0,11,1,"90%Cut,Full",101
prm15_wcost_re11_c2p1_co2_cut90p_tn,SolarPV,Paraguay,5541.5014666807,11360.1,5541.5014666807,1,0,11,1,"90%Cut,Full",101
prm15_wcost_re11_c2p1_co2_cut90p_tn,SolarPV,Chile,23370.8830071351,94117.1,23370.8830071351,1,0,11,1,"90%Cut,Full",101
prm15_wcost_re11_c2p1_co2_cut90p_tn,SolarPV,Brazil,121156.8199583908,134739.3,121156.8199583908,1,0,11,1,"90%Cut,Full",101
prm15_wcost_re3_c2p1_co2_cut90p_tn,Wind,Chile,0.0,25245.0,0.0,1,0,3,0,"90%Cut,Full",100
prm15_wcost_re19_c2p1_co2_cut90p_tn,Wind,Paraguay,16372.89825162,80313.0,16372.89825162,1,0,19,1,"90%Cut,Full",101
prm15_wcost_re19_c2p1_co2_cut90p_tn,Wind,Chile,0.0,25245.0,0.0,1,0,19,1,"90%Cut,Full",101
prm15_wcost_re19_c2p1_co2_cut90p_tn,Wind,Brazil,190214.027380095,281991.0,190214.027380095,1,0,19,1,"90%Cut,Full",101
prm15_wcost_re11_c2p1_co2_cut90p_tn,Wind,Paraguay,13666.201125616,80313.0,13666.201125616,1,0,11,1,"90%Cut,Full",101
prm15_wcost_re3_c2p1_co2_cut90p_tn,Wind,Brazil,156086.7479454448,281991.0,156086.7479454448,1,0,3,0,"90%Cut,Full",100
prm15_wcost_re15_c2p1_co2_cut90p_tn,SolarPV,Chile,23276.84408192,94117.1,23276.84408192,1,0,15,1,"90%Cut,Full",101
prm15_wcost_re3_c2p1_co2_cut90p_tn,SolarPV,Uruguay,4976.20475315735,8111.2,4976.20475315735,1,0,3,0,"90%Cut,Full",100
prm15_wcost_re18_c2p1_co2_cut90p_tn,SolarPV,Argentina,1031.2,68590.4,1031.2,1,0,18,1,"90%Cut,Full",101
prm15_wcost_re9_c2p1_co2_cut90p_tn,SolarPV,Argentina,11598.019058822,68590.4,11598.019058822,1,0,9,0,"90%Cut,Full",100
prm15_wcost_re9_c2p1_co2_cut90p_tn,SolarPV,Brazil,134739.2999999997,134739.3,134739.2999999997,1,0,9,0,"90%Cut,Full",100
prm15_wcost_re9_c2p1_co2_cut90p_tn,SolarPV,Chile,33780.284769449,94117.1,33780.284769449,1,0,9,0,"90%Cut,Full",100
prm15_wcost_re9_c2p1_co2_cut90p_tn,SolarPV,Paraguay,8771.2999999996,11360.1,8771.2999999996,1,0,9,0,"90%Cut,Full",100
prm15_wcost_re9_c2p1_co2_cut90p_tn,SolarPV,Uruguay,5001.55570481487,8111.2,5001.55570481487,1,0,9,0,"90%Cut,Full",100
prm15_wcost_re9_c2p1_co2_cut90p_tn,Wind,Argentina,83926.774796177,631578.0,83926.774796177,1,0,9,0,"90%Cut,Full",100
prm15_wcost_re9_c2p1_co2_cut90p_tn,Wind,Brazil,181785.3761156429,281991.0,181785.3761156429,1,0,9,0,"90%Cut,Full",100
prm15_wcost_re9_c2p1_co2_cut90p_tn,Wind,Chile,0.0,25245.0,0.0,1,0,9,0,"90%Cut,Full",100
prm15_wcost_re9_c2p1_co2_cut90p_tn,Wind,Paraguay,15374.592401803,80313.0,15374.592401803,1,0,9,0,"90%Cut,Full",100
prm15_wcost_re9_c2p1_co2_cut90p_tn,Wind,Uruguay,8394.351081934,102552.0,8394.351081934,1,0,9,0,"90%Cut,Full",100
prm15_wcost_re10_c2p1_co2_cut90p_tn,Wind,Paraguay,10916.973916556999,80313.0,10916.973916556999,1,0,10,0,"90%Cut,Full",100
prm15_wcost_re10_c2p1_co2_cut90p_tn,Wind,Chile,60.0,25245.0,60.0,1,0,10,0,"90%Cut,Full",100
prm15_wcost_re10_c2p1_co2_cut90p_tn,Wind,Brazil,151803.316992291,281991.0,151803.316992291,1,0,10,0,"90%Cut,Full",100
prm15_wcost_re10_c2p1_co2_cut90p_tn,Wind,Argentina,66617.919676108,631578.0,66617.919676108,1,0,10,0,"90%Cut,Full",100
prm15_wcost_re10_c2p1_co2_cut90p_tn,SolarPV,Uruguay,4246.7048367665,8111.2,4246.7048367665,1,0,10,0,"90%Cut,Full",100
prm15_wcost_re10_c2p1_co2_cut90p_tn,SolarPV,Paraguay,7543.378022166,11360.1,7543.378022166,1,0,10,0,"90%Cut,Full",100
prm15_wcost_re10_c2p1_co2_cut90p_tn,SolarPV,Chile,33987.18555869707,94117.1,33987.18555869707,1,0,10,0,"90%Cut,Full",100
prm15_wcost_re10_c2p1_co2_cut90p_tn,SolarPV,Brazil,129552.39999999964,134739.3,129552.39999999964,1,0,10,0,"90%Cut,Full",100
prm15_wcost_re10_c2p1_co2_cut90p_tn,SolarPV,Argentina,5817.725546006,68590.4,5817.725546006,1,0,10,0,"90%Cut,Full",100
prm15_wcost_re2_c2p1_co2_cut90p_tn,Wind,Uruguay,7688.703652137,102552.0,7688.703652137,1,0,2,0,"90%Cut,Full",100
prm15_wcost_re18_c2p1_co2_cut90p_tn,SolarPV,Brazil,133875.2,134739.3,133875.2,1,0,18,1,"90%Cut,Full",101
prm15_wcost_re3_c2p1_co2_cut90p_tn,Wind,Argentina,85927.435874753,631578.0,85927.435874753,1,0,3,0,"90%Cut,Full",100
prm15_wcost_re18_c2p1_co2_cut90p_tn,SolarPV,Chile,25440.129451574,94117.1,25440.129451574,1,0,18,1,"90%Cut,Full",101
prm15_wcost_re18_c2p1_co2_cut90p_tn,SolarPV,Uruguay,4271.9447954136,8111.2,4271.9447954136,1,0,18,1,"90%Cut,Full",101
prm15_wcost_re3_c2p1_co2_cut90p_tn,SolarPV,Paraguay,8276.620028341,11360.1,8276.620028341,1,0,3,0,"90%Cut,Full",100
prm15_wcost_re3_c2p1_co2_cut90p_tn,SolarPV,Chile,32522.3037928426,94117.1,32522.3037928426,1,0,3,0,"90%Cut,Full",100
prm15_wcost_re3_c2p1_co2_cut90p_tn,SolarPV,Brazil,134739.3,134739.3,134739.3,1,0,3,0,"90%Cut,Full",100
prm15_wcost_re3_c2p1_co2_cut90p_tn,SolarPV,Argentina,12033.794385585,68590.4,12033.794385585,1,0,3,0,"90%Cut,Full",100
prm15_wcost_re17_c2p1_co2_cut90p_tn,SolarPV,Argentina,801.3587528802,68590.4,801.3587528802,1,0,17,1,"90%Cut,Full",101
prm15_wcost_re7_c2p1_co2_cut90p_tn,Wind,Chile,0.0,25245.0,0.0,1,0,7,0,"90%Cut,Full",100
prm15_wcost_re17_c2p1_co2_cut90p_tn,SolarPV,Brazil,132761.999999999,134739.3,132761.999999999,1,0,17,1,"90%Cut,Full",101
prm15_wcost_re17_c2p1_co2_cut90p_tn,SolarPV,Chile,23028.38304142,94117.1,23028.38304142,1,0,17,1,"90%Cut,Full",101
prm15_wcost_re17_c2p1_co2_cut90p_tn,SolarPV,Paraguay,5926.7,11360.1,5926.7,1,0,17,1,"90%Cut,Full",101
prm15_wcost_re17_c2p1_co2_cut90p_tn,SolarPV,Uruguay,4179.3866758385,8111.2,4179.3866758385,1,0,17,1,"90%Cut,Full",101
prm15_wcost_re17_c2p1_co2_cut90p_tn,Wind,Argentina,95002.7783506992,631578.0,95002.7783506992,1,0,17,1,"90%Cut,Full",101
prm15_wcost_re17_c2p1_co2_cut90p_tn,Wind,Brazil,175475.9999999978,281991.0,175475.9999999978,1,0,17,1,"90%Cut,Full",101
prm15_wcost_re17_c2p1_co2_cut90p_tn,Wind,Chile,0.0,25245.0,0.0,1,0,17,1,"90%Cut,Full",101
prm15_wcost_re17_c2p1_co2_cut90p_tn,Wind,Paraguay,15767.179385015,80313.0,15767.179385015,1,0,17,1,"90%Cut,Full",101
prm15_wcost_re17_c2p1_co2_cut90p_tn,Wind,Uruguay,8277.1477848046,102552.0,8277.1477848046,1,0,17,1,"90%Cut,Full",101
prm15_wcost_re10_c2p1_co2_cut90p_tn,Wind,Uruguay,6591.5978863795,102552.0,6591.5978863795,1,0,10,0,"90%Cut,Full",100
prm15_wcost_re18_c2p1_co2_cut90p_tn,Wind,Uruguay,9097.0646517507,102552.0,9097.0646517507,1,0,18,1,"90%Cut,Full",101
prm15_wcost_re18_c2p1_co2_cut90p_tn,Wind,Paraguay,16819.394608817,80313.0,16819.394608817,1,0,18,1,"90%Cut,Full",101
prm15_wcost_re18_c2p1_co2_cut90p_tn,Wind,Chile,0.0,25245.0,0.0,1,0,18,1,"90%Cut,Full",101
prm15_wcost_re18_c2p1_co2_cut90p_tn,Wind,Brazil,174497.093030993,281991.0,174497.093030993,1,0,18,1,"90%Cut,Full",101
prm15_wcost_re18_c2p1_co2_cut90p_tn,Wind,Argentina,104034.0,631578.0,104034.0,1,0,18,1,"90%Cut,Full",101
prm15_wcost_re18_c2p1_co2_cut90p_tn,SolarPV,Paraguay,5488.470342536,11360.1,5488.470342536,1,0,18,1,"90%Cut,Full",101
prm15_wcost_re7_c2p1_co2_cut90p_tn,Wind,Brazil,161186.9999999951,281991.0,161186.9999999951,1,0,7,0,"90%Cut,Full",100
prm15_wcost_re7_c2p1_co2_cut90p_tn,SolarPV,Argentina,8463.3,68590.4,8463.3,1,0,7,0,"90%Cut,Full",100
prm15_wcost_re7_c2p1_co2_cut90p_tn,SolarPV,Uruguay,4329.264825714785,8111.2,4329.264825714785,1,0,7,0,"90%Cut,Full",100
prm15_wcost_re20_c2p1_co2_cut90p_tn,SolarPV,Argentina,679.9729913169,68590.4,679.9729913169,1,0,20,1,"90%Cut,Full",101
prm15_wcost_re4_c2p1_co2_cut90p_tn,Wind,Uruguay,8025.71655587,102552.0,8025.71655587,1,0,4,0,"90%Cut,Full",100
prm15_wcost_re5_c2p1_co2_cut90p_tn,SolarPV,Argentina,8702.3,68590.4,8702.3,1,0,5,0,"90%Cut,Full",100
prm15_wcost_re5_c2p1_co2_cut90p_tn,SolarPV,Brazil,134516.3226002288,134739.3,134516.3226002288,1,0,5,0,"90%Cut,Full",100
prm15_wcost_re5_c2p1_co2_cut90p_tn,SolarPV,Chile,31763.931619624,94117.1,31763.931619624,1,0,5,0,"90%Cut,Full",100
prm15_wcost_re5_c2p1_co2_cut90p_tn,SolarPV,Paraguay,7693.2,11360.1,7693.2,1,0,5,0,"90%Cut,Full",100
prm15_wcost_re5_c2p1_co2_cut90p_tn,SolarPV,Uruguay,4436.0567314405,8111.2,4436.0567314405,1,0,5,0,"90%Cut,Full",100
prm15_wcost_re5_c2p1_co2_cut90p_tn,Wind,Argentina,76631.3453289339,631578.0,76631.3453289339,1,0,5,0,"90%Cut,Full",100
prm15_wcost_re5_c2p1_co2_cut90p_tn,Wind,Brazil,161186.999999999,281991.0,161186.999999999,1,0,5,0,"90%Cut,Full",100
prm15_wcost_re5_c2p1_co2_cut90p_tn,Wind,Chile,0.0,25245.0,0.0,1,0,5,0,"90%Cut,Full",100
prm15_wcost_re20_c2p1_co2_cut90p_tn,SolarPV,Brazil,116706.9,134739.3,116706.9,1,0,20,1,"90%Cut,Full",101
prm15_wcost_re5_c2p1_co2_cut90p_tn,Wind,Paraguay,13971.487284935,80313.0,13971.487284935,1,0,5,0,"90%Cut,Full",100
prm15_wcost_re4_c2p1_co2_cut90p_tn,Wind,Paraguay,15397.356153023,80313.0,15397.356153023,1,0,4,0,"90%Cut,Full",100
prm15_wcost_re4_c2p1_co2_cut90p_tn,Wind,Chile,0.0,25245.0,0.0,1,0,4,0,"90%Cut,Full",100
prm15_wcost_re4_c2p1_co2_cut90p_tn,Wind,Brazil,166491.024304039,281991.0,166491.024304039,1,0,4,0,"90%Cut,Full",100
prm15_wcost_re4_c2p1_co2_cut90p_tn,Wind,Argentina,81246.3816782552,631578.0,81246.3816782552,1,0,4,0,"90%Cut,Full",100
prm15_wcost_re4_c2p1_co2_cut90p_tn,SolarPV,Uruguay,4539.0223130616005,8111.2,4539.0223130616005,1,0,4,0,"90%Cut,Full",100
prm15_wcost_re4_c2p1_co2_cut90p_tn,SolarPV,Paraguay,7852.8,11360.1,7852.8,1,0,4,0,"90%Cut,Full",100
prm15_wcost_re4_c2p1_co2_cut90p_tn,SolarPV,Chile,33385.4583901975,94117.1,33385.4583901975,1,0,4,0,"90%Cut,Full",100
prm15_wcost_re4_c2p1_co2_cut90p_tn,SolarPV,Brazil,134739.2999999996,134739.3,134739.2999999996,1,0,4,0,"90%Cut,Full",100
prm15_wcost_re4_c2p1_co2_cut90p_tn,SolarPV,Argentina,10132.9816059692,68590.4,10132.9816059692,1,0,4,0,"90%Cut,Full",100
prm15_wcost_re15_c2p1_co2_cut90p_tn,SolarPV,Argentina,636.7,68590.4,636.7,1,0,15,1,"90%Cut,Full",101
prm15_wcost_re5_c2p1_co2_cut90p_tn,Wind,Uruguay,7550.5128481549,102552.0,7550.5128481549,1,0,5,0,"90%Cut,Full",100
prm15_wcost_re12_c2p1_co2_cut90p_tn,Wind,Uruguay,8610.132932508,102552.0,8610.132932508,1,0,12,1,"90%Cut,Full",101
prm15_wcost_re20_c2p1_co2_cut90p_tn,SolarPV,Chile,23473.5672605635,94117.1,23473.5672605635,1,0,20,1,"90%Cut,Full",101
prm15_wcost_re20_c2p1_co2_cut90p_tn,SolarPV,Uruguay,3326.65767798114,8111.2,3326.65767798114,1,0,20,1,"90%Cut,Full",101
prm15_wcost_re15_c2p1_co2_cut90p_tn,SolarPV,Paraguay,6060.2,11360.1,6060.2,1,0,15,1,"90%Cut,Full",101
prm15_wcost_re15_c2p1_co2_cut90p_tn,SolarPV,Uruguay,4175.15069619416,8111.2,4175.15069619416,1,0,15,1,"90%Cut,Full",101
prm15_wcost_re15_c2p1_co2_cut90p_tn,Wind,Argentina,100167.708582734,631578.0,100167.708582734,1,0,15,1,"90%Cut,Full",101
prm15_wcost_re15_c2p1_co2_cut90p_tn,Wind,Brazil,170632.674729724,281991.0,170632.674729724,1,0,15,1,"90%Cut,Full",101
prm15_wcost_re15_c2p1_co2_cut90p_tn,Wind,Chile,0.0,25245.0,0.0,1,0,15,1,"90%Cut,Full",101
prm15_wcost_re15_c2p1_co2_cut90p_tn,Wind,Paraguay,15912.5160502945,80313.0,15912.5160502945,1,0,15,1,"90%Cut,Full",101
prm15_wcost_re15_c2p1_co2_cut90p_tn,Wind,Uruguay,8386.704586804699,102552.0,8386.704586804699,1,0,15,1,"90%Cut,Full",101
prm15_wcost_re13_c2p1_co2_cut90p_tn,Wind,Uruguay,9313.38675331,102552.0,9313.38675331,1,0,13,1,"90%Cut,Full",101
prm15_wcost_re13_c2p1_co2_cut90p_tn,Wind,Paraguay,17009.456038645,80313.0,17009.456038645,1,0,13,1,"90%Cut,Full",101
prm15_wcost_re13_c2p1_co2_cut90p_tn,Wind,Chile,0.0,25245.0,0.0,1,0,13,1,"90%Cut,Full",101
prm15_wcost_re20_c2p1_co2_cut90p_tn,SolarPV,Paraguay,5896.42915166,11360.1,5896.42915166,1,0,20,1,"90%Cut,Full",101
prm15_wcost_re13_c2p1_co2_cut90p_tn,Wind,Brazil,170214.867921082,281991.0,170214.867921082,1,0,13,1,"90%Cut,Full",101
prm15_wcost_re13_c2p1_co2_cut90p_tn,SolarPV,Uruguay,4498.3071395936,8111.2,4498.3071395936,1,0,13,1,"90%Cut,Full",101
prm15_wcost_re13_c2p1_co2_cut90p_tn,SolarPV,Paraguay,5910.460036841,11360.1,5910.460036841,1,0,13,1,"90%Cut,Full",101
prm15_wcost_re13_c2p1_co2_cut90p_tn,SolarPV,Chile,29217.5316343551,94117.1,29217.5316343551,1,0,13,1,"90%Cut,Full",101
prm15_wcost_re13_c2p1_co2_cut90p_tn,SolarPV,Brazil,134567.7999999992,134739.3,134567.7999999992,1,0,13,1,"90%Cut,Full",101
prm15_wcost_re13_c2p1_co2_cut90p_tn,SolarPV,Argentina,1934.0282548054,68590.4,1934.0282548054,1,0,13,1,"90%Cut,Full",101
prm15_wcost_re20_c2p1_co2_cut90p_tn,Wind,Uruguay,7744.006290659,102552.0,7744.006290659,1,0,20,1,"90%Cut,Full",101
prm15_wcost_re20_c2p1_co2_cut90p_tn,Wind,Paraguay,13109.66869301,80313.0,13109.66869301,1,0,20,1,"90%Cut,Full",101
prm15_wcost_re20_c2p1_co2_cut90p_tn,Wind,Chile,69.0,25245.0,69.0,1,0,20,1,"90%Cut,Full",101
prm15_wcost_re20_c2p1_co2_cut90p_tn,Wind,Brazil,172352.6841739809,281991.0,172352.6841739809,1,0,20,1,"90%Cut,Full",101
prm15_wcost_re20_c2p1_co2_cut90p_tn,Wind,Argentina,82242.4118591344,631578.0,82242.4118591344,1,0,20,1,"90%Cut,Full",101
prm15_wcost_re13_c2p1_co2_cut90p_tn,Wind,Argentina,104034.0,631578.0,104034.0,1,0,13,1,"90%Cut,Full",101
prm15_wcost_re16_c2p1_co2_cut90p_tn,SolarPV,Argentina,776.9,68590.4,776.9,1,0,16,1,"90%Cut,Full",101
prm15_wcost_re16_c2p1_co2_cut90p_tn,SolarPV,Brazil,127887.4,134739.3,127887.4,1,0,16,1,"90%Cut,Full",101
prm15_wcost_re16_c2p1_co2_cut90p_tn,SolarPV,Chile,23640.8534676398,94117.1,23640.8534676398,1,0,16,1,"90%Cut,Full",101
prm15_wcost_re1_c2p1_co2_cut90p_tn,Wind,Chile,0.0,25245.0,0.0,1,0,1,0,"90%Cut,Full",100
prm15_wcost_re1_c2p1_co2_cut90p_tn,Wind,Brazil,148524.821607413,281991.0,148524.821607413,1,0,1,0,"90%Cut,Full",100
prm15_wcost_re1_c2p1_co2_cut90p_tn,Wind,Argentina,67783.4364402958,631578.0,67783.4364402958,1,0,1,0,"90%Cut,Full",100
prm15_wcost_re1_c2p1_co2_cut90p_tn,SolarPV,Uruguay,4188.6503964419,8111.2,4188.6503964419,1,0,1,0,"90%Cut,Full",100
prm15_wcost_re1_c2p1_co2_cut90p_tn,SolarPV,Paraguay,7352.2922137425,11360.1,7352.2922137425,1,0,1,0,"90%Cut,Full",100
prm15_wcost_re1_c2p1_co2_cut90p_tn,SolarPV,Chile,34141.923941762,94117.1,34141.923941762,1,0,1,0,"90%Cut,Full",100
prm15_wcost_re1_c2p1_co2_cut90p_tn,SolarPV,Brazil,131494.1396395443,134739.3,131494.1396395443,1,0,1,0,"90%Cut,Full",100
prm15_wcost_re1_c2p1_co2_cut90p_tn,SolarPV,Argentina,6124.0395687818,68590.4,6124.0395687818,1,0,1,0,"90%Cut,Full",100
prm15_wcost_re2_c2p1_co2_cut90p_tn,SolarPV,Argentina,9140.0996677807,68590.4,9140.0996677807,1,0,2,0,"90%Cut,Full",100
prm15_wcost_re2_c2p1_co2_cut90p_tn,SolarPV,Brazil,134739.2999999997,134739.3,134739.2999999997,1,0,2,0,"90%Cut,Full",100
prm15_wcost_re1_c2p1_co2_cut90p_tn,Wind,Paraguay,11322.044662921,80313.0,11322.044662921,1,0,1,0,"90%Cut,Full",100
prm15_wcost_re2_c2p1_co2_cut90p_tn,SolarPV,Chile,34237.532069548,94117.1,34237.532069548,1,0,2,0,"90%Cut,Full",100
prm15_wcost_re2_c2p1_co2_cut90p_tn,SolarPV,Uruguay,4594.36148848466,8111.2,4594.36148848466,1,0,2,0,"90%Cut,Full",100
prm15_wcost_re2_c2p1_co2_cut90p_tn,Wind,Argentina,77885.8233342429,631578.0,77885.8233342429,1,0,2,0,"90%Cut,Full",100
prm15_wcost_re2_c2p1_co2_cut90p_tn,Wind,Brazil,161774.581302271,281991.0,161774.581302271,1,0,2,0,"90%Cut,Full",100
prm15_wcost_re2_c2p1_co2_cut90p_tn,Wind,Chile,0.0,25245.0,0.0,1,0,2,0,"90%Cut,Full",100
prm15_wcost_re16_c2p1_co2_cut90p_tn,Wind,Uruguay,7843.23046435,102552.0,7843.23046435,1,0,16,1,"90%Cut,Full",101
prm15_wcost_re2_c2p1_co2_cut90p_tn,Wind,Paraguay,14656.53858142,80313.0,14656.53858142,1,0,2,0,"90%Cut,Full",100
prm15_wcost_re15_c2p1_co2_cut90p_tn,SolarPV,Brazil,133528.0,134739.3,133528.0,1,0,15,1,"90%Cut,Full",101
prm15_wcost_re7_c2p1_co2_cut90p_tn,SolarPV,Brazil,134202.49999999953,134739.3,134202.49999999953,1,0,7,0,"90%Cut,Full",100
prm15_wcost_re7_c2p1_co2_cut90p_tn,SolarPV,Chile,31609.869065414998,94117.1,31609.869065414998,1,0,7,0,"90%Cut,Full",100
prm15_wcost_re7_c2p1_co2_cut90p_tn,SolarPV,Paraguay,7718.0494802816,11360.1,7718.0494802816,1,0,7,0,"90%Cut,Full",100
prm15_wcost_re2_c2p1_co2_cut90p_tn,SolarPV,Paraguay,7693.2,11360.1,7693.2,1,0,2,0,"90%Cut,Full",100
prm15_wcost_re12_c2p1_co2_cut90p_tn,SolarPV,Argentina,912.926470964546,68590.4,912.926470964546,1,0,12,1,"90%Cut,Full",101
prm15_wcost_re12_c2p1_co2_cut90p_tn,SolarPV,Brazil,134567.8,134739.3,134567.8,1,0,12,1,"90%Cut,Full",101
prm15_wcost_re12_c2p1_co2_cut90p_tn,SolarPV,Chile,24879.0378881089,94117.1,24879.0378881089,1,0,12,1,"90%Cut,Full",101
prm15_wcost_re16_c2p1_co2_cut90p_tn,SolarPV,Paraguay,5581.62672729,11360.1,5581.62672729,1,0,16,1,"90%Cut,Full",101
prm15_wcost_re16_c2p1_co2_cut90p_tn,SolarPV,Uruguay,4183.31622290417,8111.2,4183.31622290417,1,0,16,1,"90%Cut,Full",101
prm15_wcost_re16_c2p1_co2_cut90p_tn,Wind,Argentina,89730.4174751477,631578.0,89730.4174751477,1,0,16,1,"90%Cut,Full",101
prm15_wcost_re16_c2p1_co2_cut90p_tn,Wind,Brazil,166759.456025877,281991.0,166759.456025877,1,0,16,1,"90%Cut,Full",101
prm15_wcost_re16_c2p1_co2_cut90p_tn,Wind,Chile,0.0,25245.0,0.0,1,0,16,1,"90%Cut,Full",101
prm15_wcost_re16_c2p1_co2_cut90p_tn,Wind,Paraguay,14237.902109969,80313.0,14237.902109969,1,0,16,1,"90%Cut,Full",101
prm15_wcost_re1_c2p1_co2_cut90p_tn,Wind,Uruguay,6817.19407409733,102552.0,6817.19407409733,1,0,1,0,"90%Cut,Full",100
prm15_wcost_re6_c2p1_co2_cut90p_tn,SolarPV,Argentina,6743.6,68590.4,6743.6,1,0,6,0,"90%Cut,Full",100
prm15_wcost_re6_c2p1_co2_cut90p_tn,SolarPV,Brazil,132564.7274670951,134739.3,132564.7274670951,1,0,6,0,"90%Cut,Full",100
prm15_wcost_re6_c2p1_co2_cut90p_tn,SolarPV,Chile,34184.3008057191,94117.1,34184.3008057191,1,0,6,0,"90%Cut,Full",100
prm15_wcost_re6_c2p1_co2_cut90p_tn,SolarPV,Paraguay,7285.9952533888,11360.1,7285.9952533888,1,0,6,0,"90%Cut,Full",100
prm15_wcost_re6_c2p1_co2_cut90p_tn,SolarPV,Uruguay,4318.0579075968,8111.2,4318.0579075968,1,0,6,0,"90%Cut,Full",100
prm15_wcost_re6_c2p1_co2_cut90p_tn,Wind,Argentina,71204.7029537988,631578.0,71204.7029537988,1,0,6,0,"90%Cut,Full",100
prm15_wcost_re6_c2p1_co2_cut90p_tn,Wind,Brazil,148850.150807335,281991.0,148850.150807335,1,0,6,0,"90%Cut,Full",100
prm15_wcost_re6_c2p1_co2_cut90p_tn,Wind,Chile,0.0,25245.0,0.0,1,0,6,0,"90%Cut,Full",100
prm15_wcost_re6_c2p1_co2_cut90p_tn,Wind,Paraguay,12068.745442307,80313.0,12068.745442307,1,0,6,0,"90%Cut,Full",100
prm15_wcost_re14_c2p1_co2_cut90p_tn,Wind,Uruguay,8943.4662676134,102552.0,8943.4662676134,1,0,14,1,"90%Cut,Full",101
prm15_wcost_re12_c2p1_co2_cut90p_tn,Wind,Paraguay,16080.174477639,80313.0,16080.174477639,1,0,12,1,"90%Cut,Full",101
prm15_wcost_re12_c2p1_co2_cut90p_tn,Wind,Chile,0.0,25245.0,0.0,1,0,12,1,"90%Cut,Full",101
prm15_wcost_re12_c2p1_co2_cut90p_tn,Wind,Brazil,175053.016390149,281991.0,175053.016390149,1,0,12,1,"90%Cut,Full",101
prm15_wcost_re12_c2p1_co2_cut90p_tn,Wind,Argentina,102360.7806407768,631578.0,102360.7806407768,1,0,12,1,"90%Cut,Full",101
prm15_wcost_re12_c2p1_co2_cut90p_tn,SolarPV,Uruguay,4318.0785168432,8111.2,4318.0785168432,1,0,12,1,"90%Cut,Full",101
prm15_wcost_re12_c2p1_co2_cut90p_tn,SolarPV,Paraguay,6215.2423565602,11360.1,6215.2423565602,1,0,12,1,"90%Cut,Full",101
prm15_wcost_re7_c2p1_co2_cut90p_tn,Wind,Argentina,74211.024140416,631578.0,74211.024140416,1,0,7,0,"90%Cut,Full",100
prm15_wcost_re6_c2p1_co2_cut90p_tn,Wind,Uruguay,7018.9818115868,102552.0,7018.9818115868,1,0,6,0,"90%Cut,Full",100
