period,load_zone,Battery,Biomass_new,Coal_new,Diesel_new,Gas_new,Geothermal_new,Hydro_new,Nuclear_new,Solar_new,Wind_new,sc_name,total_new_cap,emis_policy,op_char,fixed_pv,turbine,Battery_trd,Biomass_new_trd,Coal_new_trd,Diesel_new_trd,Gas_new_trd,Geothermal_new_trd,Hydro_new_trd,Nuclear_new_trd,Solar_new_trd,Wind_new_trd,sc_name_trd,total_new_cap_trd,gas_diff,hydro_diff,solar_diff,wind_diff,nuclear_diff,battery_diff,total_diff
2050,Argentina,0.0,0.0,0.0,0.0,30.42996319252,0.0,8.932,0.0,1.0312,104.034,prm15_wcost_re18_c2p1_co2_cut90p_tn,144.42716319252,True,18,True,8,0.0,0.0,0.0,0.0,5.207073175597089,0.0,9.232,0.0,17.481099999999998,76.93008192392368,prm15_wcost_re18_c2p1_co2_cut90p_t1,108.85025509952077,-25.22289001692291,0.29999999999999893,16.4499,-27.103918076076326,0.0,0.0,-35.57690809299923
2050,Argentina,0.0,0.0,0.0,0.0,80.91003347013,0.0,2.11,0.0,5.3027147007046,0.0,prm15_wcost_re8_c2p1_tn,88.3227481708346,False,8,False,8,0.0,0.0,0.0,0.0,47.84670104890284,0.0,2.11,0.0,7.134310606093096,0.0,prm15_wcost_re8_c2p1_t1,57.09101165499593,-33.063332421227166,0.0,1.8315959053884958,0.0,0.0,0.0,-31.23173651583867
2050,Argentina,0.0,0.0,0.0,0.0,36.935000000040006,0.0,10.048,0.0,0.8013587528802,95.0027783506992,prm15_wcost_re17_c2p1_co2_cut90p_tn,142.78713710361941,True,17,True,7,0.0,0.0,0.0,0.0,20.112550202023364,0.0,9.232,0.0,13.283693640913675,73.46290414870086,prm15_wcost_re17_c2p1_co2_cut90p_t1,116.0911479916379,-16.822449798016642,-0.8160000000000007,12.482334888033476,-21.539874201998344,0.0,0.0,-26.69598911198152
2050,Argentina,0.0,0.0,0.0,0.0,36.935000000069,0.0,9.232,0.0,10.6804275810774,85.9274358747533,prm15_wcost_re3_c2p1_co2_cut90p_tn,142.77486345589972,True,3,False,3,0.0,0.0,0.0,0.0,8.065013186970493,0.0,11.359,0.0,32.3134,65.8794533651327,prm15_wcost_re3_c2p1_co2_cut90p_t1,117.6168665521032,-28.86998681309851,2.1270000000000007,21.632972418922602,-20.047982509620596,0.0,0.0,-25.157996903796516
2050,Argentina,0.0,0.0,0.0,0.0,36.93500000001,0.0,9.232,0.0,0.7768999999999999,89.7304174751477,prm15_wcost_re16_c2p1_co2_cut90p_tn,136.6743174751577,True,16,True,6,0.0,0.0,0.0,0.0,27.0416859678305,0.0,9.232,0.0,9.950099501600482,69.33306180287242,prm15_wcost_re16_c2p1_co2_cut90p_t1,115.5568472723034,-9.8933140321795,0.0,9.173199501600482,-20.397355672275282,0.0,0.0,-21.117470202854292
2050,Argentina,0.0,0.0,0.0,0.0,71.39113696219,0.0,2.11,0.0,4.6317,8.991,prm15_wcost_re1_c2p1_tn,87.12383696219,False,1,False,1,0.0,0.0,0.0,0.0,50.04394665759126,0.0,2.11,0.0,5.089910608246093,8.991,prm15_wcost_re1_c2p1_t1,66.23485726583735,-21.34719030459874,0.0,0.45821060824609283,0.0,0.0,0.0,-20.88897969635265
2050,Argentina,0.0,0.0,0.0,0.0,40.249083749837,0.0,9.232,0.0,0.5019,86.634436863304,prm15_wcost_re11_c2p1_co2_cut90p_tn,136.617420613141,True,11,True,1,0.0,0.0,0.0,0.0,31.98325224322702,0.0,6.112,0.0,9.6606,68.45922096668279,prm15_wcost_re11_c2p1_co2_cut90p_t1,116.21507320990982,-8.265831506609977,-3.119999999999999,9.1587,-18.17521589662121,0.0,0.0,-20.40234740323119
2050,Brazil,0.0,0.0,0.0,0.0,43.168822170982,0.0,68.182,3.79951409213,134.73930000000027,164.421525495665,prm15_wcost_re8_c2p1_co2_cut90p_tn,414.3111617587773,True,8,False,8,0.0,6.773430344567575,0.0,0.0,13.69189675677465,0.0,68.005,9.95,134.7393,161.25644006544752,prm15_wcost_re8_c2p1_co2_cut90p_t1,394.41606716678973,-29.476925414207347,-0.1770000000000067,-2.8421709430404007e-13,-3.165085430217488,6.150485907869999,0.0,-19.895094591987572
2050,Argentina,0.0,0.0,0.0,0.0,59.73054726245999,0.0,2.11,0.0,0.0,8.991,prm15_wcost_re11_c2p1_tn,70.83154726245999,False,11,True,1,0.0,0.0,0.0,0.0,42.99205472159151,0.0,2.11,0.0,0.0,7.973857284734425,prm15_wcost_re11_c2p1_t1,53.075912006325936,-16.738492540868485,0.0,0.0,-1.0171427152655745,0.0,0.0,-17.755635256134056
2050,Argentina,0.0,0.0,0.0,0.0,36.935,0.0,9.232,0.0,1.062139999338,106.4951591573599,prm15_wcost_re14_c2p1_co2_cut90p_tn,153.7242991566979,True,14,True,4,0.0,0.0,0.0,0.0,31.31009795157179,0.0,9.232,0.0,17.624,77.80747342537371,prm15_wcost_re14_c2p1_co2_cut90p_t1,135.9735713769455,-5.624902048428211,0.0,16.561860000661998,-28.68768573198618,0.0,0.0,-17.750727779752395
2050,Argentina,0.0,0.0,0.0,0.0,70.03279521189,0.0,2.11,0.0,2.3093999999996,12.75,prm15_wcost_re10_c2p1_tn,87.2021952118896,False,10,False,10,0.0,0.0,0.0,0.0,50.3973454287474,0.0,2.11,0.0,4.7597,12.75,prm15_wcost_re10_c2p1_t1,70.0170454287474,-19.635449783142604,0.0,2.4503000000003996,0.0,0.0,0.0,-17.185149783142208
2050,Chile,0.0,0.0,0.0,0.0,34.58000000001,0.0,0.575,0.0,5.6408174960710005,0.0,prm15_wcost_re3_c2p1_tn,40.79581749608101,False,3,False,3,0.0,0.0,0.0,0.0,17.19,0.0,0.575,0.0,6.56687939369794,0.0,prm15_wcost_re3_c2p1_t1,24.33187939369794,-17.39000000001,0.0,0.9260618976269397,0.0,0.0,0.0,-16.463938102383068
2050,Brazil,0.0,0.0,0.0,0.0,43.2031897001038,0.0,68.182,0.0,134.7392999999997,181.7853761156429,prm15_wcost_re9_c2p1_co2_cut90p_tn,427.9098658157464,True,9,False,9,0.0,2.4119766959555844,0.0,0.0,20.626773449981474,0.0,68.005,9.95,134.7393,176.35995563530255,prm15_wcost_re9_c2p1_co2_cut90p_t1,412.09300578123964,-22.576416250122325,-0.1770000000000067,2.8421709430404007e-13,-5.425420480340335,9.95,0.0,-15.81686003450676
2050,Brazil,0.0,0.0,0.0,0.0,80.72500000002,0.0,50.905,0.0,112.91939999999984,55.979999999996,prm15_wcost_re7_c2p1_tn,300.5294000000158,False,7,False,7,0.0,0.0,0.0,0.0,56.132206258404615,0.0,50.905,0.0,122.0154,55.98,prm15_wcost_re7_c2p1_t1,285.0326062584046,-24.592793741615388,0.0,9.09600000000016,4.000355602329364e-12,0.0,0.0,-15.496793741611214
2050,Chile,0.0,0.0,0.0,0.0,34.580000000003,0.0,0.575,0.0,0.0,0.0,prm15_wcost_re17_c2p1_tn,35.155000000003,False,17,True,7,0.0,0.0,0.0,0.0,19.409818571428573,0.0,0.575,0.0,0.0,0.0,prm15_wcost_re17_c2p1_t1,19.984818571428573,-15.170181428574423,0.0,0.0,0.0,0.0,0.0,-15.170181428574427
2050,Argentina,0.0,0.0,0.0,0.0,36.934999999990005,0.0,8.295,0.0,1.9166961234762,101.57842707718424,prm15_wcost_re19_c2p1_co2_cut90p_tn,148.72512320065044,True,19,True,9,0.0,0.0,0.0,0.0,27.42567380394305,0.0,11.359,0.0,17.624,77.99731047384753,prm15_wcost_re19_c2p1_co2_cut90p_t1,134.4059842777906,-9.509326196046956,3.064,15.707303876523799,-23.58111660333671,0.0,0.0,-14.31913892285985
2050,Argentina,0.0,0.0,0.0,0.0,62.78569786639,0.0,2.11,0.0,5.4661543116697,0.0,prm15_wcost_re9_c2p1_tn,70.3618521780597,False,9,False,9,0.0,0.0,0.0,0.0,47.84546951422742,0.0,2.11,0.0,7.126616401915071,0.0,prm15_wcost_re9_c2p1_t1,57.08208591614249,-14.940228352162585,0.0,1.660462090245371,0.0,0.0,0.0,-13.279766261917217
2050,Brazil,0.0,0.0,0.0,0.0,78.595430433005,0.0,51.62,0.0,119.05269999999912,51.96672290521,prm15_wcost_re2_c2p1_tn,301.2348533382141,False,2,False,2,0.0,0.0,0.0,0.0,60.47855513851096,0.0,50.905,0.0,126.35917232388906,50.64300000000001,prm15_wcost_re2_c2p1_t1,288.38572746240004,-18.116875294494044,-0.7149999999999963,7.306472323889935,-1.3237229052099906,0.0,0.0,-12.849125875814082
2050,Argentina,0.0,0.0,0.0,0.0,36.934999999959,0.0,9.232,0.0,0.912926470964546,102.3607806407768,prm15_wcost_re12_c2p1_co2_cut90p_tn,149.44070711170033,True,12,True,2,0.0,0.0,0.0,0.0,34.66588504038165,0.0,9.232,0.0,17.624,75.35581825359837,prm15_wcost_re12_c2p1_co2_cut90p_t1,136.87770329398,-2.269114959577344,0.0,16.711073529035453,-27.004962387178423,0.0,0.0,-12.563003817720329
2050,Brazil,0.0,0.0,0.0,0.0,80.72500000008,0.0,50.905,0.0,114.71000000000018,53.433632667155706,prm15_wcost_re5_c2p1_tn,299.7736326672359,False,5,False,5,0.0,0.0,0.0,0.0,62.62134668501936,0.0,50.905,0.0,122.90679867398651,51.231,prm15_wcost_re5_c2p1_t1,287.6641453590059,-18.10365331506064,0.0,8.196798673986336,-2.2026326671557044,0.0,0.0,-12.10948730823003
2050,Brazil,0.0,0.0,0.0,0.0,78.49534913979,0.0,54.489,0.0,78.9542000000001,80.016,prm15_wcost_re17_c2p1_tn,291.9545491397901,False,17,True,7,0.0,0.0,0.0,0.0,62.90505024707491,0.0,54.489,0.0,80.84552113893226,81.609,prm15_wcost_re17_c2p1_t1,279.84857138600717,-15.590298892715083,0.0,1.891321138932156,1.5929999999999893,0.0,0.0,-12.105977753782952
2050,Brazil,0.0,0.0,0.0,0.0,80.72499999998,0.0,54.489,0.0,82.6265000000003,72.17699999999701,prm15_wcost_re15_c2p1_tn,290.0174999999773,False,15,True,5,0.0,0.0,0.0,0.0,69.08380880454179,0.0,54.489,0.0,82.6265,72.177,prm15_wcost_re15_c2p1_t1,278.3763088045418,-11.64119119543821,0.0,-3.126388037344441e-13,2.9984903449076228e-12,0.0,0.0,-11.64119119543551
2050,Argentina,0.0,0.0,0.0,0.0,55.11180991911,0.0,2.11,0.0,5.0894743024727,0.0,prm15_wcost_re4_c2p1_tn,62.3112842215827,False,4,False,4,0.0,0.0,0.0,0.0,43.87532195571429,0.0,2.11,0.0,7.1343106060930985,0.0,prm15_wcost_re4_c2p1_t1,53.11963256180739,-11.23648796339571,0.0,2.0448363036203983,0.0,0.0,0.0,-9.19165165977531
2050,Brazil,0.0,0.0,0.0,0.0,80.72499999998,0.0,54.489,0.0,97.69294983946412,62.4659999999999,prm15_wcost_re14_c2p1_tn,295.372949839444,False,14,True,4,0.0,0.0,0.0,0.0,69.88613684760455,0.0,54.489,0.0,98.2613,64.17231478575975,prm15_wcost_re14_c2p1_t1,286.8087516333643,-10.838863152375453,0.0,0.5683501605358856,1.7063147857598508,0.0,0.0,-8.564198206079709
2050,Argentina,0.0,0.0,0.0,0.0,74.51090408593,0.0,2.11,0.0,0.0,4.819996510302,prm15_wcost_re12_c2p1_tn,81.440900596232,False,12,True,2,0.0,0.0,0.0,0.0,64.97999661363487,0.0,2.11,0.0,0.239,5.851443019231026,prm15_wcost_re12_c2p1_t1,73.1804396328659,-9.530907472295127,0.0,0.239,1.031446508929026,0.0,0.0,-8.2604609633661
2050,Uruguay,0.8527612232163001,0.0,0.0,0.0,5.53,0.0,0.0,0.0,4.97620475315735,8.450882841699,prm15_wcost_re3_c2p1_co2_cut90p_tn,19.809848818072652,True,3,False,3,0.5632423774039176,0.0,0.0,0.0,0.0283158351317404,0.0,0.0,0.0,4.0148801561259,8.291034070977801,prm15_wcost_re3_c2p1_co2_cut90p_t1,12.89747243963936,-5.5016841648682595,0.0,-0.9613245970314495,-0.15984877072119907,0.0,-0.2895188458123825,-6.912376378433292
2050,Uruguay,0.4633120467659999,0.0,0.0,0.0,5.53,0.0,0.0,0.0,4.28540705246279,8.943466267613399,prm15_wcost_re14_c2p1_co2_cut90p_tn,19.22218536684219,True,14,True,4,0.6732971508635942,0.0,0.0,0.0,0.0,0.0,0.0,0.0,4.135218068949216,8.348681297129191,prm15_wcost_re14_c2p1_co2_cut90p_t1,13.157196516942001,-5.53,0.0,-0.15018898351357368,-0.5947849704842074,0.0,0.2099851040975943,-6.064988849900189
2050,Paraguay,1.16165658082,0.0,0.0,0.0,0.0,0.0,0.0,0.0,7.8528,15.397356153023,prm15_wcost_re4_c2p1_co2_cut90p_tn,24.411812733843,True,4,False,4,5.509246811392358,0.0,0.0,0.0,0.9317863761909964,0.0,0.0,0.0,8.721909531608967,3.445900749174372,prm15_wcost_re4_c2p1_co2_cut90p_t1,18.608843468366693,0.9317863761909964,0.0,0.8691095316089665,-11.951455403848628,0.0,4.347590230572358,-5.802969265476307
2050,Argentina,0.0,0.0,0.0,0.0,36.935,0.0,9.232,0.0,1.9340282548055,104.0340000000003,prm15_wcost_re13_c2p1_co2_cut90p_tn,152.1350282548058,True,13,True,3,0.0,0.0,0.0,0.0,37.47677174839758,0.0,11.359,0.0,20.1799,77.45266279824604,prm15_wcost_re13_c2p1_co2_cut90p_t1,146.46833454664363,0.5417717483975792,2.1270000000000007,18.2458717451945,-26.581337201754266,0.0,0.0,-5.666693708162171
2050,Uruguay,0.268368296718,0.0,0.0,0.0,5.53,0.0,0.0,0.0,4.43836859383634,9.0844251763664,prm15_wcost_re19_c2p1_co2_cut90p_tn,19.321162066920742,True,19,True,9,0.5358555244644672,0.0,0.0,0.0,0.0,0.0,0.0,0.0,4.0494685336647445,9.071105096823064,prm15_wcost_re19_c2p1_co2_cut90p_t1,13.656429154952276,-5.53,0.0,-0.3889000601715953,-0.013320079543335694,0.0,0.26748722774646716,-5.664732911968466
2050,Brazil,0.0,1.57092771428,0.0,0.0,38.885378652839,0.0,68.182,9.95,134.5677999999996,170.2148679210865,prm15_wcost_re13_c2p1_co2_cut90p_tn,423.37097428820516,True,13,True,3,0.0,14.321121670311742,0.0,0.0,17.122097589458214,0.0,68.005,9.95,134.7393,173.7400741873388,prm15_wcost_re13_c2p1_co2_cut90p_t1,417.8775934471087,-21.763281063380788,-0.1770000000000067,0.17150000000037835,3.5252062662522974,0.0,0.0,-5.493380841096439
2050,Paraguay,2.16657753988,0.0,0.0,0.0,0.0,0.0,0.0,0.0,6.2152423565602,16.080174477639,prm15_wcost_re12_c2p1_co2_cut90p_tn,24.461994374079204,True,12,True,2,5.493774424258546,0.0,0.0,0.125,1.0815757275968554,0.0,0.0,0.0,8.312700000000001,4.091712972131846,prm15_wcost_re12_c2p1_co2_cut90p_t1,19.104763123987247,1.0815757275968554,0.0,2.0974576434398013,-11.988461505507155,0.0,3.3271968843785458,-5.3572312500919566
2050,Paraguay,0.0,0.0,0.0,0.0,0.0,0.0,0.0,0.0,8.771299999999599,15.374592401803,prm15_wcost_re9_c2p1_co2_cut90p_tn,24.145892401802598,True,9,False,9,5.567946030104053,0.0,0.0,0.0,0.9140773412231492,0.0,0.0,0.0,8.828283137729125,3.542838521690292,prm15_wcost_re9_c2p1_co2_cut90p_t1,18.853145030746617,0.9140773412231492,0.0,0.056983137729526234,-11.831753880112707,0.0,5.567946030104053,-5.292747371055981
2050,Brazil,0.0,0.0,0.0,0.0,80.72499999990701,0.0,54.489,0.0,125.52900000000044,38.430000000003,prm15_wcost_re9_c2p1_tn,299.1729999999105,False,9,False,9,0.0,0.0,0.0,0.0,72.40619761285878,0.0,54.489,0.0,128.5789,38.43,prm15_wcost_re9_c2p1_t1,293.9040976128588,-8.318802387048237,0.0,3.0498999999995675,-2.9984903449076228e-12,0.0,0.0,-5.268902387051696
2050,Paraguay,1.29813466139,0.0,0.0,0.0,0.0,0.0,0.0,0.0,7.6932,14.65653858142,prm15_wcost_re2_c2p1_co2_cut90p_tn,23.64787324281,True,2,False,2,5.507820373377084,0.0,0.0,0.0,0.8892163478035895,0.0,0.0,0.0,8.717751070963832,3.34754200079681,prm15_wcost_re2_c2p1_co2_cut90p_t1,18.462329792941315,0.8892163478035895,0.0,1.024551070963832,-11.30899658062319,0.0,4.209685711987084,-5.185543449868685
2050,Paraguay,2.09567031661,0.0,0.0,0.0,0.0,0.0,0.0,0.0,6.0602,15.9125160502945,prm15_wcost_re15_c2p1_co2_cut90p_tn,24.068386366904498,True,15,True,5,5.484431741556164,0.0,0.0,0.125,1.088450643524214,0.0,0.0,0.0,8.188755861101448,4.085750982879945,prm15_wcost_re15_c2p1_co2_cut90p_t1,18.972389229061772,1.088450643524214,0.0,2.1285558611014483,-11.826765067414554,0.0,3.3887614249461637,-5.095997137842726
2050,Paraguay,0.104059666667,0.0,0.0,0.0,0.0,0.0,0.0,0.0,8.8327230042999,15.069000000001,prm15_wcost_re8_c2p1_co2_cut90p_tn,24.0057826709679,True,8,False,8,5.570296318056846,0.0,0.0,0.0,0.9905599727232712,0.0,0.0,0.0,8.788065045801103,3.590676922561538,prm15_wcost_re8_c2p1_co2_cut90p_t1,18.93959825914276,0.9905599727232712,0.0,-0.04465795849879761,-11.47832307743946,0.0,5.4662366513898455,-5.066184411825141
2050,Paraguay,2.04310589152,0.0,0.0,0.0,0.0,0.0,0.0,0.0,5.926699999999999,15.7671793850164,prm15_wcost_re17_c2p1_co2_cut90p_tn,23.7369852765364,True,17,True,7,5.405118580033288,0.0,0.0,0.125,1.0955196694190894,0.0,0.0,0.0,8.0102,4.114267430476213,prm15_wcost_re17_c2p1_co2_cut90p_t1,18.750105679928588,1.0955196694190894,0.0,2.0835,-11.652911954540187,0.0,3.3620126885132877,-4.986879596607814
2050,Argentina,0.0,0.0,0.0,0.0,60.596851951160005,0.0,2.11,0.0,0.5019,0.0,prm15_wcost_re13_c2p1_tn,63.208751951160004,False,13,True,3,0.0,0.0,0.0,0.0,53.649497469124434,0.0,2.11,0.0,1.8788,0.585,prm15_wcost_re13_c2p1_t1,58.22329746912443,-6.947354482035571,0.0,1.3769,0.585,0.0,0.0,-4.985454482035571
2050,Paraguay,0.0330269190673,0.0,0.0,0.0,0.0,0.0,0.0,0.0,8.276620028341,15.0946510530524,prm15_wcost_re3_c2p1_co2_cut90p_tn,23.4042980004607,True,3,False,3,5.562521543097455,0.0,0.0,0.0,0.9920393188672546,0.0,0.0,0.0,8.84231366333866,3.6438689135955658,prm15_wcost_re3_c2p1_co2_cut90p_t1,19.040743438898936,0.9920393188672546,0.0,0.5656936349976593,-11.450782139456834,0.0,5.529494624030155,-4.363554561561763
2050,Paraguay,0.722253113683,0.0,0.0,0.0,0.0,0.0,0.0,0.0,7.7180494802816,13.75438226028,prm15_wcost_re7_c2p1_co2_cut90p_tn,22.1946848542446,True,7,False,7,5.153550106169125,0.0,0.0,0.0,1.0134880830328648,0.0,0.0,0.0,8.474602747232897,3.382244762046632,prm15_wcost_re7_c2p1_co2_cut90p_t1,18.023885698481518,1.0134880830328648,0.0,0.7565532669512969,-10.372137498233368,0.0,4.431296992486125,-4.170799155763081
2050,Paraguay,0.6903046318430001,0.0,0.0,0.0,0.0,0.0,0.0,0.0,7.69320000000029,13.971487284935,prm15_wcost_re5_c2p1_co2_cut90p_tn,22.35499191677829,True,5,False,5,5.269905332268702,0.0,0.0,0.0,0.9930688287401944,0.0,0.0,0.0,8.544129620928047,3.3779084346997257,prm15_wcost_re5_c2p1_co2_cut90p_t1,18.185012216636668,0.9930688287401944,0.0,0.850929620927757,-10.593578850235275,0.0,4.5796007004257016,-4.169979700141621
2050,Uruguay,0.0,0.0,0.0,0.0,5.53,0.0,0.0,0.0,2.4667153845877,6.957512015371,prm15_wcost_re15_c2p1_tn,14.9542273999587,False,15,True,5,0.1248386864272949,0.0,0.0,0.0,0.0,0.0,0.0,0.0,3.067755049043202,7.616403368421052,prm15_wcost_re15_c2p1_t1,10.80899710389155,-5.53,0.0,0.6010396644555018,0.658891353050052,0.0,0.1248386864272949,-4.145230296067151
2050,Argentina,0.0,0.0,0.0,0.0,36.93500000001,0.0,9.232,0.0,0.6367,100.16770858273428,prm15_wcost_re15_c2p1_co2_cut90p_tn,146.9714085827443,True,15,True,5,0.0,0.0,0.0,0.0,41.923998647558896,0.0,9.232,0.0,17.624,74.33376612253124,prm15_wcost_re15_c2p1_co2_cut90p_t1,143.11376477009014,4.988998647548897,0.0,16.987299999999998,-25.833942460203033,0.0,0.0,-3.857643812654146
2050,Paraguay,0.444197112156,0.0,0.0,0.0,0.0,0.0,0.0,0.0,6.4453810152936,16.52754968334,prm15_wcost_re14_c2p1_co2_cut90p_tn,23.417127810789598,True,14,True,4,5.9228497413551215,0.0,0.0,0.0,1.0599421260946424,0.0,0.0,0.0,8.83609940286921,4.031132338815482,prm15_wcost_re14_c2p1_co2_cut90p_t1,19.850023609134457,1.0599421260946424,0.0,2.3907183875756104,-12.496417344524517,0.0,5.4786526291991215,-3.567104201655141
2050,Chile,0.0,0.0,0.0,0.0,34.58,0.0,0.575,0.0,5.6408174960710005,0.0,prm15_wcost_re6_c2p1_tn,40.795817496071,False,6,False,6,0.0,0.0,0.0,0.0,30.268802036922875,0.0,0.575,0.0,6.566879393697939,0.0,prm15_wcost_re6_c2p1_t1,37.41068143062081,-4.311197963077124,0.0,0.9260618976269388,0.0,0.0,0.0,-3.3851360654501903
2050,Argentina,0.0,0.0,0.0,0.0,36.935,0.0,9.232,0.0,0.6799729913169,82.2424118591344,prm15_wcost_re20_c2p1_co2_cut90p_tn,129.08938485045132,True,20,True,10,0.0,0.0,0.0,0.0,41.681172827581584,0.0,9.232,0.0,8.5272,66.30853664347357,prm15_wcost_re20_c2p1_co2_cut90p_t1,125.74890947105516,4.7461728275815815,0.0,7.847227008683101,-15.933875215660834,0.0,0.0,-3.3404753793961675
2050,Argentina,0.0,0.0,0.0,0.0,63.37305413545731,0.0,2.11,0.0,0.5019,0.0,prm15_wcost_re19_c2p1_tn,65.98495413545731,False,19,True,9,0.0,0.0,0.0,0.0,57.20853086689405,0.0,2.11,0.0,1.868308310605281,1.4917352227069245,prm15_wcost_re19_c2p1_t1,62.67857440020625,-6.164523268563258,0.0,1.366408310605281,1.4917352227069245,0.0,0.0,-3.3063797352510633
2050,Paraguay,0.0,0.0,0.0,0.0,0.0,0.0,0.0,0.0,5.89642915166,13.109668693015,prm15_wcost_re20_c2p1_co2_cut90p_tn,19.006097844674997,True,20,True,10,4.419295232896464,0.0,0.0,0.125,1.3324653259928845,0.0,0.0,0.0,5.6242,4.461638764176462,prm15_wcost_re20_c2p1_co2_cut90p_t1,15.96259932306581,1.3324653259928845,0.0,-0.2722291516599995,-8.648029928838536,0.0,4.419295232896464,-3.0434985216091874
2050,Paraguay,0.097219712087,0.0,0.0,0.0,0.0,0.0,0.0,0.0,6.6408000000004,16.37289825162,prm15_wcost_re19_c2p1_co2_cut90p_tn,23.1109179637074,True,19,True,9,5.912204659902812,0.0,0.0,0.0,1.0574222271673874,0.0,0.0,0.0,9.214781543988895,4.061245258158216,prm15_wcost_re19_c2p1_co2_cut90p_t1,20.245653689217313,1.0574222271673874,0.0,2.573981543988495,-12.311652993461784,0.0,5.814984947815812,-2.8652642744900874
2050,Chile,7.61582552775,0.0,0.0,0.0,24.64880755601,0.2,4.4,0.0,34.237532069545104,0.0,prm15_wcost_re2_c2p1_co2_cut90p_tn,71.1021651533051,True,2,False,2,10.0,0.0,0.0,0.0,10.134038704264697,0.2,4.4,0.0,30.607368415845727,13.048620360779472,prm15_wcost_re2_c2p1_co2_cut90p_t1,68.3900274808899,-14.514768851745302,0.0,-3.630163653699377,13.048620360779472,0.0,2.38417447225,-2.7121376724151958
2050,Paraguay,0.0212216117812,0.0,0.0,0.0,0.0,0.0,0.0,0.0,5.910460036841,17.009456038645,prm15_wcost_re13_c2p1_co2_cut90p_tn,22.941137687267197,True,13,True,3,5.892225560628209,0.11,0.0,0.0,1.0932629363943636,0.0,0.0,0.0,9.5232,3.883575666491688,prm15_wcost_re13_c2p1_co2_cut90p_t1,20.50226416351426,1.0932629363943636,0.0,3.612739963158999,-13.125880372153311,0.0,5.871003948847009,-2.438873523752939
2050,Argentina,0.0,0.0,0.0,0.0,44.08805363717,0.0,8.295,0.0,5.8177255460056,66.61791967610799,prm15_wcost_re10_c2p1_co2_cut90p_tn,124.81869885928359,True,10,False,10,0.0,0.0,0.0,0.0,40.27435986637868,0.0,3.047,0.0,18.5847,60.47903230379957,prm15_wcost_re10_c2p1_co2_cut90p_t1,122.38509217017825,-3.8136937707913177,-5.247999999999999,12.7669744539944,-6.138887372308417,0.0,0.0,-2.433606689105332
2050,Chile,0.0,0.0,0.0,0.0,21.783472498013,0.0,0.575,0.0,0.0,0.0,prm15_wcost_re18_c2p1_tn,22.358472498013,False,18,True,8,0.0,0.0,0.0,0.0,19.40981857142858,0.0,0.575,0.0,0.0,0.0,prm15_wcost_re18_c2p1_t1,19.98481857142858,-2.3736539265844208,0.0,0.0,0.0,0.0,0.0,-2.3736539265844208
2050,Paraguay,0.256706723604,0.0,0.0,0.0,0.0,0.0,0.0,0.0,5.581626727290001,14.237902109969,prm15_wcost_re16_c2p1_co2_cut90p_tn,20.076235560863,True,16,True,6,5.108373324839638,0.0,0.0,0.125,1.107832663897556,0.0,0.0,0.0,7.396158234474258,4.1185865654971066,prm15_wcost_re16_c2p1_co2_cut90p_t1,17.855950788708558,1.107832663897556,0.0,1.814531507184257,-10.119315544471892,0.0,4.851666601235638,-2.220284772154443
2050,Paraguay,0.0,0.0,0.0,0.0,0.0,0.0,0.0,0.0,5.5415014666807005,13.666201125616,prm15_wcost_re11_c2p1_co2_cut90p_tn,19.2077025922967,True,11,True,1,4.865179183078656,0.0,0.0,0.125,1.17446083025356,0.0,0.0,0.0,6.6408000000000005,4.282587154236233,prm15_wcost_re11_c2p1_co2_cut90p_t1,17.08802716756845,1.17446083025356,0.0,1.0992985333193,-9.383613971379766,0.0,4.865179183078656,-2.1196754247282534
2050,Paraguay,0.0486141970857,0.0,0.0,0.0,0.0,0.0,0.0,0.0,5.488470342536201,16.819394608817003,prm15_wcost_re18_c2p1_co2_cut90p_tn,22.356479148438904,True,18,True,8,5.9142249933417,0.0694455221626308,0.0,0.0,1.096654344140214,0.0,0.0,0.0,9.2172,3.984376830264386,prm15_wcost_re18_c2p1_co2_cut90p_t1,20.28190168990893,1.096654344140214,0.0,3.7287296574637994,-12.835017778552617,0.0,5.865610796256,-2.0745774585299728
2050,Paraguay,0.374071143526,0.0,0.0,0.0,0.0,0.0,0.0,0.0,7.285995253388799,12.068745442307,prm15_wcost_re6_c2p1_co2_cut90p_tn,19.728811839221798,True,6,False,6,5.055457229149791,0.0,0.0,0.0,0.9673343157285296,0.0,0.0,0.0,8.389944730016278,3.25473310788188,prm15_wcost_re6_c2p1_co2_cut90p_t1,17.667469382776478,0.9673343157285296,0.0,1.1039494766274798,-8.814012334425119,0.0,4.681386085623791,-2.0613424564453204
2050,Paraguay,0.0,0.0,0.0,0.0,0.0,0.0,0.0,0.0,5.376493492129399,5.592,prm15_wcost_re18_c2p1_tn,10.968493492129399,False,18,True,8,2.3622585635555406,0.0,0.0,0.125,4.395691627661139,0.0,0.0,0.0,2.488623316887592,0.0,prm15_wcost_re18_c2p1_t1,9.371573508104273,4.395691627661139,0.0,-2.8878701752418072,-5.592,0.0,2.3622585635555406,-1.596919984025126
2050,Uruguay,0.8688765437524001,0.0,0.0,0.0,5.53,0.0,0.0,0.0,4.9202878246285,8.2467582861587,prm15_wcost_re8_c2p1_co2_cut90p_tn,19.565922654539598,True,8,False,8,0.5776437455975891,0.0,0.0,0.0,5.53,0.0,0.0,0.0,3.909078566511509,7.9800440374199955,prm15_wcost_re8_c2p1_co2_cut90p_t1,17.996766349529096,0.0,0.0,-1.011209258116991,-0.26671424873870464,0.0,-0.29123279815481096,-1.5691563050105017
2050,Argentina,0.0,0.0,0.0,0.0,71.51653768423,0.0,2.11,0.0,0.0,12.7499999999998,prm15_wcost_re20_c2p1_tn,86.3765376842298,False,20,True,10,0.0,0.0,0.0,0.0,69.96769140512797,0.0,2.11,0.0,0.0,12.75,prm15_wcost_re20_c2p1_t1,84.82769140512796,-1.5488462791020368,0.0,0.0,2.007283228522283e-13,0.0,0.0,-1.5488462791018378
2050,Paraguay,0.0,0.0,0.0,0.0,0.0,0.0,0.0,0.0,5.6214,5.28718857526,prm15_wcost_re13_c2p1_tn,10.908588575260001,False,13,True,3,2.362258563555539,0.0,0.0,0.125,4.39569162766114,0.0,0.0,0.0,2.488623316887592,0.0,prm15_wcost_re13_c2p1_t1,9.371573508104271,4.39569162766114,0.0,-3.132776683112408,-5.28718857526,0.0,2.362258563555539,-1.53701506715573
2050,Uruguay,0.7141298654069999,0.0,0.0,0.0,5.53,0.0,0.0,0.0,5.00155570481487,8.394351081934001,prm15_wcost_re9_c2p1_co2_cut90p_tn,19.64003665215587,True,9,False,9,0.5362768101285045,0.0,0.0,0.0,5.53,0.0,0.0,0.0,4.123783337917368,7.923470883205544,prm15_wcost_re9_c2p1_co2_cut90p_t1,18.11353103125142,0.0,0.0,-0.8777723668975019,-0.470880198728457,0.0,-0.17785305527849538,-1.5265056209044516
2050,Uruguay,0.6379135500580001,0.0,0.0,0.0,5.53,0.0,0.0,0.0,4.3180579075973,7.018981811586801,prm15_wcost_re6_c2p1_co2_cut90p_tn,17.5049532692421,True,6,False,6,0.3555723310433382,0.0,0.0,0.0,5.53,0.0,0.0,0.0,3.1776812362738407,7.018095214439477,prm15_wcost_re6_c2p1_co2_cut90p_t1,16.081348781756656,0.0,0.0,-1.1403766713234593,-0.0008865971473239753,0.0,-0.2823412190146619,-1.423604487485445
2050,Uruguay,0.7057065581966999,0.0,0.0,0.0,5.53,0.0,0.0,0.0,4.5390223130624,8.02571655587,prm15_wcost_re4_c2p1_co2_cut90p_tn,18.800445427129098,True,4,False,4,0.5095153304563269,0.0,0.0,0.0,5.53,0.0,0.0,0.0,3.637251736029974,7.720197643403622,prm15_wcost_re4_c2p1_co2_cut90p_t1,17.39696470988992,0.0,0.0,-0.9017705770324262,-0.3055189124663782,0.0,-0.196191227740373,-1.4034807172391766
2050,Paraguay,0.0,0.0,0.0,0.0,0.0,0.0,0.0,0.0,7.543378022166,10.9169739165607,prm15_wcost_re10_c2p1_co2_cut90p_tn,18.4603519387267,True,10,False,10,5.043043604462186,0.0,0.0,0.125,0.7459001540856652,0.0,0.0,0.0,7.8528,3.306013869628037,prm15_wcost_re10_c2p1_co2_cut90p_t1,17.072757628175886,0.7459001540856652,0.0,0.30942197783399994,-7.610960046932663,0.0,5.043043604462186,-1.3875943105508135
2050,Uruguay,0.702567809249,0.0,0.0,0.0,5.53,0.0,0.0,0.0,4.59436148848466,7.688703652137,prm15_wcost_re2_c2p1_co2_cut90p_tn,18.51563294987066,True,2,False,2,0.4870798924689583,0.0,0.0,0.0,5.53,0.0,0.0,0.0,3.738987531663544,7.3830035108255965,prm15_wcost_re2_c2p1_co2_cut90p_t1,17.1390709349581,0.0,0.0,-0.8553739568211158,-0.30570014131140333,0.0,-0.2154879167800417,-1.3765620149125617
2050,Uruguay,0.699819583556,0.0,0.0,0.0,5.53,0.0,0.0,0.0,4.436056731440621,7.5505128481549,prm15_wcost_re5_c2p1_co2_cut90p_tn,18.21638916315152,True,5,False,5,0.4646300366042425,0.0,0.0,0.0,5.53,0.0,0.0,0.0,3.5063,7.3391468237622846,prm15_wcost_re5_c2p1_co2_cut90p_t1,16.84007686036653,0.0,0.0,-0.9297567314406208,-0.21136602439261587,0.0,-0.23518954695175753,-1.3763123027849886
2050,Argentina,0.0,0.0,0.0,0.0,76.98908993617,0.0,2.11,0.0,0.0,6.1053422981450005,prm15_wcost_re16_c2p1_tn,85.20443223431501,False,16,True,6,0.0,0.0,0.0,0.0,73.4086572825856,0.0,2.11,0.0,0.0,8.318068708627894,prm15_wcost_re16_c2p1_t1,83.83672599121348,-3.5804326535844098,0.0,0.0,2.212726410482894,0.0,0.0,-1.367706243101523
2050,Paraguay,0.0,0.0,0.0,0.0,0.0,0.0,0.0,0.0,5.0113,5.65978078323,prm15_wcost_re19_c2p1_tn,10.67108078323,False,19,True,9,2.362258563555541,0.0,0.0,0.125,4.395691627661139,0.0,0.0,0.0,2.488623316887591,0.0,prm15_wcost_re19_c2p1_t1,9.371573508104271,4.395691627661139,0.0,-2.5226766831124094,-5.65978078323,0.0,2.362258563555541,-1.2995072751257286
2050,Brazil,0.0,0.0,0.0,0.0,40.24854936991,0.0,67.406,0.0,134.7393,166.491024304039,prm15_wcost_re4_c2p1_co2_cut90p_tn,408.88487367394896,True,4,False,4,0.0,0.0,0.0,0.0,18.35849037003106,0.0,68.005,5.761415977453504,134.7393,180.777,prm15_wcost_re4_c2p1_co2_cut90p_t1,407.6412063474845,-21.890058999878942,0.5989999999999895,0.0,14.285975695960985,5.761415977453504,0.0,-1.2436673264644469
2050,Uruguay,0.503744232073,0.0,0.0,0.0,5.53,0.0,0.0,0.0,4.246704836766971,6.5915978863795,prm15_wcost_re10_c2p1_co2_cut90p_tn,16.87204695521947,True,10,False,10,0.2637679772795314,0.0,0.0,0.0,5.53,0.0,0.0,0.0,3.1184815852447274,6.754501834606377,prm15_wcost_re10_c2p1_co2_cut90p_t1,15.666751397130636,0.0,0.0,-1.1282232515222432,0.16290394822687748,0.0,-0.23997625479346862,-1.2052955580888352
2050,Chile,0.0,0.0,0.0,0.0,22.548830666673,0.0,0.575,0.0,0.0,0.0,prm15_wcost_re19_c2p1_tn,23.123830666672998,False,19,True,9,0.0,0.0,0.0,0.0,21.38011857142857,0.0,0.575,0.0,0.0,0.0,prm15_wcost_re19_c2p1_t1,21.95511857142857,-1.1687120952444268,0.0,0.0,0.0,0.0,0.0,-1.1687120952444268
2050,Uruguay,0.369855676646,0.0,0.0,0.0,5.53,0.0,0.0,0.0,4.271944795413701,9.0970646517507,prm15_wcost_re18_c2p1_co2_cut90p_tn,19.2688651238104,True,18,True,8,0.6823775899738079,0.0,0.0,0.0,4.416844615755217,0.0,0.0,0.0,4.119157479399002,8.919254151952622,prm15_wcost_re18_c2p1_co2_cut90p_t1,18.13763383708065,-1.1131553842447834,0.0,-0.15278731601469886,-0.17781049979807761,0.0,0.31252191332780793,-1.1312312867297507
2050,Uruguay,0.599479265781,0.0,0.0,0.0,5.530000000006,0.0,0.0,0.0,4.18865039644223,6.81719407409733,prm15_wcost_re1_c2p1_co2_cut90p_tn,17.13532373632656,True,1,False,1,0.5620222815625913,0.0,0.0,0.0,5.53,0.0,0.0,0.0,3.2316178433097247,6.734288667423786,prm15_wcost_re1_c2p1_co2_cut90p_t1,16.057928792296103,-5.999645225074346e-12,0.0,-0.9570325531325055,-0.08290540667354396,0.0,-0.037456984218408707,-1.0773949440304555
2050,Chile,0.0,0.0,0.0,0.0,20.54561512553,0.0,0.575,0.0,5.6408174960710005,0.0,prm15_wcost_re5_c2p1_tn,26.761432621601,False,5,False,5,0.0,0.0,0.0,0.0,18.579588116862464,0.0,0.575,0.0,6.566879393697937,0.0,prm15_wcost_re5_c2p1_t1,25.7214675105604,-1.9660270086675347,0.0,0.9260618976269361,0.0,0.0,0.0,-1.0399651110405976
2050,Chile,0.0,0.0,0.0,0.0,21.109919999993,0.0,0.575,0.0,0.0,0.0,prm15_wcost_re13_c2p1_tn,21.684919999993,False,13,True,3,0.0,0.0,0.0,0.0,20.08614195395764,0.0,0.575,0.0,0.0,0.0,prm15_wcost_re13_c2p1_t1,20.66114195395764,-1.0237780460353605,0.0,0.0,0.0,0.0,0.0,-1.0237780460353605
2050,Paraguay,0.0,0.0,0.0,0.0,0.0,0.0,0.0,0.0,7.3522922137425,11.322044662921,prm15_wcost_re1_c2p1_co2_cut90p_tn,18.6743368766635,True,1,False,1,5.592395080379152,0.0,0.0,0.0,0.7203931110144446,0.0,0.0,0.0,8.145547817718256,3.269351032344911,prm15_wcost_re1_c2p1_co2_cut90p_t1,17.727687041456765,0.7203931110144446,0.0,0.7932556039757559,-8.052693630576089,0.0,5.592395080379152,-0.9466498352067347
2050,Brazil,0.0,0.0,0.0,0.0,80.72499999993998,0.0,50.635,0.0,21.0567,100.8600007440987,prm15_wcost_re11_c2p1_tn,253.2767007440387,False,11,True,1,0.0,0.0,0.0,0.0,72.15398716925567,0.0,50.635,0.0,23.835891347964264,105.852,prm15_wcost_re11_c2p1_t1,252.47687851721994,-8.57101283068431,0.0,2.7791913479642645,4.991999255901305,0.0,0.0,-0.7998222268187476
2050,Uruguay,0.662287729494,0.0,0.0,0.0,5.53,0.0,0.0,0.0,4.329264825715575,7.4427197994529,prm15_wcost_re7_c2p1_co2_cut90p_tn,17.964272354662477,True,7,False,7,0.5431345742161228,0.0,0.0,0.0,5.53,0.0,0.0,0.0,3.601804186456867,7.492366717376604,prm15_wcost_re7_c2p1_co2_cut90p_t1,17.167305478049595,0.0,0.0,-0.7274606392587084,0.04964691792370424,0.0,-0.11915315527787729,-0.7969668766128812
2050,Uruguay,0.547434942339,0.0,0.0,0.0,5.53,0.0,0.0,0.0,4.18331622290417,7.84323046435,prm15_wcost_re16_c2p1_co2_cut90p_tn,18.10398162959317,True,16,True,6,0.634527510369936,0.0,0.0,0.0,5.53,0.0,0.0,0.0,3.781507642521961,7.419561170495035,prm15_wcost_re16_c2p1_co2_cut90p_t1,17.36559632338693,0.0,0.0,-0.40180858038220935,-0.42366929385496555,0.0,0.08709256803093601,-0.73838530620624
2050,Uruguay,0.555085747763,0.0,0.0,0.0,5.53,0.0,0.0,0.0,4.3180785168432,8.610132932508,prm15_wcost_re12_c2p1_co2_cut90p_tn,19.0132971971142,True,12,True,2,0.6820369551138992,0.0,0.0,0.0,5.53,0.0,0.0,0.0,4.098635287214651,8.086359333072402,prm15_wcost_re12_c2p1_co2_cut90p_t1,18.397031575400952,0.0,0.0,-0.21944322962854912,-0.5237735994355983,0.0,0.12695120735089915,-0.6162656217132465
2050,Uruguay,0.57372978075,0.0,0.0,0.0,5.53,0.0,0.0,0.0,4.1793866758385,8.277147784806,prm15_wcost_re17_c2p1_co2_cut90p_tn,18.5602642413945,True,17,True,7,0.8301579794130287,0.0,0.0,0.0,5.53,0.0,0.0,0.0,3.753528072785969,7.862562460169801,prm15_wcost_re17_c2p1_co2_cut90p_t1,17.976248512368798,0.0,0.0,-0.42585860305253087,-0.41458532463619946,0.0,0.2564281986630287,-0.5840157290257011
2050,Argentina,0.0,0.0,0.0,0.0,76.47329942976799,0.0,2.11,0.0,3.7506316736725,3.054,prm15_wcost_re6_c2p1_tn,85.3879311034405,False,6,False,6,0.0,0.0,0.0,0.0,73.42432572159476,0.0,2.11,0.0,6.0130467615311805,3.258,prm15_wcost_re6_c2p1_t1,84.80537248312594,-3.0489737081732358,0.0,2.2624150878586806,0.20400000000000018,0.0,0.0,-0.5825586203145576
2050,Uruguay,0.552571501923,0.0,0.0,0.0,5.53,0.0,0.0,0.0,4.17515069619466,8.386704586804699,prm15_wcost_re15_c2p1_co2_cut90p_tn,18.64442678492236,True,15,True,5,0.8718340783662764,0.0,0.0,0.0,5.53,0.0,0.0,0.0,3.7446337802808527,8.0271928405264,prm15_wcost_re15_c2p1_co2_cut90p_t1,18.173660699173528,0.0,0.0,-0.4305169159138069,-0.35951174627829907,0.0,0.3192625764432764,-0.4707660857488314
2050,Uruguay,0.467468679294,0.0,0.0,0.0,5.53,0.0,0.0,0.0,3.7884074274709,7.644129104409,prm15_wcost_re11_c2p1_co2_cut90p_tn,17.4300052111739,True,11,True,1,0.6340805481714303,0.0,0.0,0.0,5.53,0.0,0.0,0.0,3.5654382887632576,7.271489440037978,prm15_wcost_re11_c2p1_co2_cut90p_t1,17.001008276972666,0.0,0.0,-0.22296913870764223,-0.3726396643710217,0.0,0.16661186887743035,-0.4289969342012334
2050,Chile,0.0,0.0,0.0,0.0,21.375014571433,0.0,0.575,0.0,0.0,0.0,prm15_wcost_re12_c2p1_tn,21.950014571432998,False,12,True,2,0.0,0.0,0.0,0.0,21.03617828571429,0.0,0.575,0.0,0.0,0.0,prm15_wcost_re12_c2p1_t1,21.61117828571429,-0.3388362857187097,0.0,0.0,0.0,0.0,0.0,-0.3388362857187097
2050,Chile,0.0,0.0,0.0,0.0,34.58000000002,0.0,0.575,0.0,6.572469161897899,0.0,prm15_wcost_re1_c2p1_tn,41.7274691619179,False,1,False,1,0.0,0.0,0.0,0.0,34.58,0.0,0.575,0.0,6.566879393697939,0.0,prm15_wcost_re1_c2p1_t1,41.72187939369794,-2.000177801164682e-11,0.0,-0.0055897681999601545,0.0,0.0,0.0,-0.005589768219962821
2050,Brazil,0.0,0.0,0.0,0.0,80.72500000003,0.0,54.489,0.0,109.5835,47.649,prm15_wcost_re19_c2p1_tn,292.44650000002997,False,19,True,9,0.0,0.0,0.0,0.0,80.725,0.0,54.489,0.0,109.5835,47.649,prm15_wcost_re19_c2p1_t1,292.4465,-2.999911430379143e-11,0.0,0.0,0.0,0.0,0.0,-2.9956481739645824e-11
2050,Chile,0.0,0.0,0.0,0.0,19.839003683312995,0.0,0.575,0.0,0.0,0.0,prm15_wcost_re16_c2p1_tn,20.414003683312995,False,16,True,6,0.0,0.0,0.0,0.0,19.8472907948718,0.0,0.575,0.0,0.0,0.0,prm15_wcost_re16_c2p1_t1,20.4222907948718,0.008287111558804128,0.0,0.0,0.0,0.0,0.0,0.008287111558804128
2050,Uruguay,0.19177474186,0.0,0.0,0.0,5.53,0.0,0.0,0.0,3.32665767798114,7.744006290659,prm15_wcost_re20_c2p1_co2_cut90p_tn,16.79243871050014,True,20,True,10,0.5496017831727652,0.0,0.0,0.0,5.53,0.0,0.0,0.0,3.5786344141931354,7.146526308133914,prm15_wcost_re20_c2p1_co2_cut90p_t1,16.804762505499813,0.0,0.0,0.25197673621199534,-0.597479982525086,0.0,0.3578270413127652,0.01232379499967351
2050,Uruguay,0.0,0.0,0.0,0.0,5.53,0.0,0.0,0.0,2.1048,3.9320165045322,prm15_wcost_re14_c2p1_tn,11.5668165045322,False,14,True,4,3.6736377010129e-06,0.0,0.0,0.0,0.6666896916744077,0.0,0.0,0.0,3.368607936072067,7.56945213044104,prm15_wcost_re14_c2p1_t1,11.604753431825216,-4.863310308325593,0.0,1.2638079360720669,3.6374356259088403,0.0,3.6736377010129e-06,0.0379369272930159
2050,Uruguay,0.0,0.0,0.0,0.0,5.5300000000030005,0.0,0.0,0.0,3.228098656574,6.5468508291999,prm15_wcost_re1_c2p1_tn,15.304949485776902,False,1,False,1,0.0442833675579636,0.0,0.0,0.0,5.53,0.0,0.0,0.0,3.1726100433480378,6.634680505363126,prm15_wcost_re1_c2p1_t1,15.381573916269126,-3.000266701747023e-12,0.0,-0.055488613225962435,0.08782967616322601,0.0,0.0442833675579636,0.0766244304922239
2050,Brazil,0.0,0.0,0.0,0.0,80.72500000003001,0.0,54.489,0.0,109.4327515290905,49.41,prm15_wcost_re18_c2p1_tn,294.0567515291205,False,18,True,8,0.0,0.0,0.0,0.0,80.725,0.0,54.489,0.0,109.5835,49.41,prm15_wcost_re18_c2p1_t1,294.2075,-3.001332515850663e-11,0.0,0.15074847090950527,0.0,0.0,0.0,0.15074847087947774
2050,Uruguay,0.0,0.0,0.0,0.0,5.53,0.0,0.0,0.0,2.7827842713880098,6.705628166045001,prm15_wcost_re10_c2p1_tn,15.01841243743301,False,10,False,10,0.0,0.0,0.0,0.0,5.53,0.0,0.0,0.0,3.1746165521911114,6.53060097365173,prm15_wcost_re10_c2p1_t1,15.235217525842842,0.0,0.0,0.3918322808031016,-0.17502719239327114,0.0,0.0,0.21680508840983137
2050,Paraguay,0.0,0.0,0.0,0.0,0.0,0.0,0.0,0.0,2.9149334021696,6.192000057304,prm15_wcost_re14_c2p1_tn,9.1069334594736,False,14,True,4,2.362258563555544,0.0,0.0,0.125,4.3956916276611375,0.0,0.0,0.0,2.488623316887592,0.0,prm15_wcost_re14_c2p1_t1,9.371573508104273,4.3956916276611375,0.0,-0.42631008528200764,-6.192000057304,0.0,2.362258563555544,0.2646400486306728
2050,Uruguay,0.0,0.0,0.0,0.0,0.0,0.0,0.0,0.0,2.0091684838231,7.34384494025,prm15_wcost_re20_c2p1_tn,9.3530134240731,False,20,True,10,0.042129043656311,0.0,0.0,0.0,0.0,0.0,0.0,0.0,2.4636679151903427,7.183921896415075,prm15_wcost_re20_c2p1_t1,9.689718855261729,0.0,0.0,0.4544994313672426,-0.15992304383492506,0.0,0.042129043656311,0.33670543118862817
2050,Chile,0.0,0.0,0.0,0.0,22.548830666673,0.0,0.575,0.0,0.0,0.0,prm15_wcost_re14_c2p1_tn,23.123830666672998,False,14,True,4,0.0,0.0,0.0,0.0,22.88781857142857,0.0,0.575,0.0,0.0,0.0,prm15_wcost_re14_c2p1_t1,23.46281857142857,0.33898790475557306,0.0,0.0,0.0,0.0,0.0,0.33898790475557306
2050,Chile,0.0,0.0,0.0,0.0,20.578054476183,0.0,0.575,0.0,0.0,0.0,prm15_wcost_re20_c2p1_tn,21.153054476182998,False,20,True,10,0.0,0.0,0.0,0.0,20.93184673015873,0.0,0.575,0.0,0.0,0.0,prm15_wcost_re20_c2p1_t1,21.506846730158728,0.35379225397572966,0.0,0.0,0.0,0.0,0.0,0.35379225397572966
2050,Paraguay,0.0,0.0,0.0,0.0,0.0,0.0,0.0,0.0,1.5928,7.11319561251,prm15_wcost_re12_c2p1_tn,8.70599561251,False,12,True,2,2.4344305397975767,0.0,0.0,0.125,4.310684111517428,0.0,0.0,0.0,2.571046059269936,0.1149784016360185,prm15_wcost_re12_c2p1_t1,9.55613911222096,4.310684111517428,0.0,0.978246059269936,-6.998217210873982,0.0,2.4344305397975767,0.8501434997109598
2050,Uruguay,0.0,0.0,0.0,0.0,0.0,0.0,0.0,0.0,2.180886721087,7.137706676142,prm15_wcost_re16_c2p1_tn,9.318593397229,False,16,True,6,0.0980326634015879,0.0,0.0,0.0,0.0,0.0,0.0,0.0,2.748715863163657,7.329189917907082,prm15_wcost_re16_c2p1_t1,10.175938444472326,0.0,0.0,0.5678291420766568,0.19148324176508247,0.0,0.0980326634015879,0.8573450472433262
2050,Uruguay,0.0,0.0,0.0,0.0,5.5299999999983,0.0,0.0,0.0,3.53464593433572,6.082857578158,prm15_wcost_re5_c2p1_tn,15.14750351249202,False,5,False,5,0.0790191532076422,0.0,0.0,0.0,5.53,0.0,0.0,0.0,3.754941805602406,6.648635064140196,prm15_wcost_re5_c2p1_t1,16.012596022950245,1.6999734953060397e-12,0.0,0.22029587126668604,0.5657774859821956,0.0,0.0790191532076422,0.8650925104582239
2050,Uruguay,0.0,0.0,0.0,0.0,0.1840355343059999,0.0,0.0,0.0,2.41720874023607,7.178948707216899,prm15_wcost_re17_c2p1_tn,9.780192981758969,False,17,True,7,0.1250112694308444,0.0,0.0,0.0,0.0,0.0,0.0,0.0,3.006004694077064,7.5628491405141,prm15_wcost_re17_c2p1_t1,10.69386510402201,-0.1840355343059999,0.0,0.5887959538409944,0.38390043329720047,0.0,0.1250112694308444,0.9136721222630406
2050,Chile,0.0,0.0,0.0,0.0,34.58000000004,0.0,0.575,0.0,5.6408174960710005,0.0,prm15_wcost_re7_c2p1_tn,40.795817496111006,False,7,False,7,0.0,0.0,0.0,0.0,34.58,0.0,0.575,0.0,6.566879393697935,0.0,prm15_wcost_re7_c2p1_t1,41.72187939369793,-4.000355602329364e-11,0.0,0.9260618976269344,0.0,0.0,0.0,0.9260618975869264
2050,Chile,0.0,0.0,0.0,0.0,34.579999999959995,0.0,0.575,0.0,5.6408174960710005,0.0,prm15_wcost_re2_c2p1_tn,40.795817496031,False,2,False,2,0.0,0.0,0.0,0.0,34.58,0.0,0.575,0.0,6.566879393697942,0.0,prm15_wcost_re2_c2p1_t1,41.72187939369795,4.000355602329364e-11,0.0,0.9260618976269415,0.0,0.0,0.0,0.9260618976669477
2050,Chile,0.0,0.0,0.0,0.0,19.404714571433,0.0,0.575,0.0,0.0,0.0,prm15_wcost_re15_c2p1_tn,19.979714571433,False,15,True,5,0.0,0.0,0.0,0.0,20.48024847651777,0.0,0.575,0.0,0.0,0.0,prm15_wcost_re15_c2p1_t1,21.055248476517768,1.075533905084768,0.0,0.0,0.0,0.0,0.0,1.075533905084768
2050,Chile,6.173192648150001,0.0,0.0,0.0,34.579999999979,0.2,4.4,0.0,33.98718555869707,0.06,prm15_wcost_re10_c2p1_co2_cut90p_tn,79.40037820682608,True,10,False,10,10.0,0.0,0.0,0.0,25.505233849625014,0.2,4.4,0.0,27.5855,12.92815906444478,prm15_wcost_re10_c2p1_co2_cut90p_t1,80.6188929140698,-9.074766150353987,0.0,-6.401685558697071,12.868159064444779,0.0,3.8268073518499994,1.2185147072437275
2050,Paraguay,0.0,0.0,0.0,0.0,0.0,0.0,0.0,0.0,0.5167,7.64759229429,prm15_wcost_re17_c2p1_tn,8.16429229429,False,17,True,7,2.450344299444132,0.0,0.0,0.125,4.29061029041554,0.0,0.0,0.0,2.5778707038930686,0.1445183288624039,prm15_wcost_re17_c2p1_t1,9.588343622615144,4.29061029041554,0.0,2.0611707038930684,-7.503073965427596,0.0,2.450344299444132,1.4240513283251435
2050,Paraguay,0.0,0.0,0.0,0.0,0.0,0.0,0.0,0.0,0.932801171671,7.161000000001001,prm15_wcost_re15_c2p1_tn,8.093801171672,False,15,True,5,2.4508223580495936,0.0,0.0,0.125,4.291953847944824,0.0,0.0,0.0,2.5766455137320907,0.1443551025814632,prm15_wcost_re15_c2p1_t1,9.58877682230797,4.291953847944824,0.0,1.6438443420610906,-7.016644897419537,0.0,2.4508223580495936,1.4949756506359702
2050,Paraguay,0.0,0.0,0.0,0.0,0.0,0.0,0.0,0.0,0.0,10.031543306193,prm15_wcost_re20_c2p1_tn,10.031543306193,False,20,True,10,3.172356358617132,0.0,0.0,0.125,3.1113221555739297,0.0,0.0,0.0,3.5633164188517275,1.8403347537687444,prm15_wcost_re20_c2p1_t1,11.812329686811532,3.1113221555739297,0.0,3.5633164188517275,-8.191208552424257,0.0,3.172356358617132,1.7807863806185313
2050,Paraguay,0.0,0.0,0.0,0.0,0.0,0.0,0.0,0.0,0.0,10.188984305614,prm15_wcost_re16_c2p1_tn,10.188984305614,False,16,True,6,3.420621279621019,0.0,0.0,0.125,3.06675731605146,0.0,0.0,0.0,3.7005,1.8407077973988768,prm15_wcost_re16_c2p1_t1,12.153586393071357,3.06675731605146,0.0,3.7005,-8.348276508215122,0.0,3.420621279621019,1.964602087457358
2050,Uruguay,0.0,0.0,0.0,0.0,4.20683414097,0.0,0.0,0.0,3.4047627053797,6.2235928786117,prm15_wcost_re7_c2p1_tn,13.835189724961399,False,7,False,7,0.0542439270304721,0.0,0.0,0.0,5.53,0.0,0.0,0.0,3.694142012828936,6.589204481626341,prm15_wcost_re7_c2p1_t1,15.86759042148575,1.3231658590300004,0.0,0.2893793074492361,0.36561160301464124,0.0,0.0542439270304721,2.03240069652435
2050,Argentina,0.0,0.0,0.0,0.0,36.935,0.0,8.295,0.0,10.0860246741644,83.92677479617831,prm15_wcost_re9_c2p1_co2_cut90p_tn,139.2427994703427,True,9,False,9,0.0,0.0,0.0,0.0,32.272432443577344,0.0,9.232,0.0,30.28700287322105,69.55855394155455,prm15_wcost_re9_c2p1_co2_cut90p_t1,141.34998925835293,-4.662567556422658,0.9369999999999994,20.20097819905665,-14.368220854623758,0.0,0.0,2.1071897880102313
2050,Paraguay,0.0,0.0,0.0,0.0,0.0,0.0,0.0,0.0,0.0,9.837501095999,prm15_wcost_re11_c2p1_tn,9.837501095999,False,11,True,1,3.297516147930058,0.0,0.0,0.125,3.082621795036498,0.0,0.0,0.0,3.6088991262330734,1.866690411221058,prm15_wcost_re11_c2p1_t1,11.980727480420686,3.082621795036498,0.0,3.6088991262330734,-7.970810684777942,0.0,3.297516147930058,2.143226384421686
2050,Chile,0.0,0.0,0.0,0.0,33.179377394258,0.0,0.575,0.0,5.6408174960710005,0.0,prm15_wcost_re4_c2p1_tn,39.395194890329,False,4,False,4,0.0,0.0,0.0,0.0,34.58,0.0,0.575,0.0,6.566879393697939,0.0,prm15_wcost_re4_c2p1_t1,41.72187939369794,1.4006226057420008,0.0,0.9260618976269388,0.0,0.0,0.0,2.326684503368938
2050,Paraguay,0.0,0.0,0.0,0.0,0.0,0.0,0.0,0.0,2.0131,7.376124352465,prm15_wcost_re10_c2p1_tn,9.389224352465,False,10,False,10,3.4038018069642413,0.0,0.0,0.125,2.8297112697538216,0.0,0.0,0.0,3.5548663669040743,1.940373831368368,prm15_wcost_re10_c2p1_t1,11.853753274990506,2.8297112697538216,0.0,1.5417663669040742,-5.435750521096632,0.0,3.4038018069642413,2.4645289225255063
2050,Paraguay,0.0,0.0,0.0,0.0,0.0,0.0,0.0,0.0,5.4657999999995,4.232687901036,prm15_wcost_re1_c2p1_tn,9.698487901035499,False,1,False,1,3.5519502023542997,0.0,0.0,0.125,2.7854300336971445,0.0,0.0,0.0,3.872641092151616,1.8809891765592093,prm15_wcost_re1_c2p1_t1,12.21601050476227,2.7854300336971445,0.0,-1.5931589078478838,-2.3516987244767904,0.0,3.5519502023542997,2.5175226037267713
2050,Argentina,0.0,0.0,0.0,0.0,58.419642446578,0.0,2.11,0.0,0.3733999999999999,0.0250804437636,prm15_wcost_re18_c2p1_tn,60.9281228903416,False,18,True,8,0.0,0.0,0.0,0.0,58.59040080294767,0.0,2.11,0.0,1.3618245957191029,1.452,prm15_wcost_re18_c2p1_t1,63.51422539866677,0.1707583563696673,0.0,0.9884245957191029,1.4269195562363999,0.0,0.0,2.586102508325169
2050,Paraguay,0.0,0.0,0.0,0.0,0.0,0.0,0.0,0.0,4.8572,4.574756488673,prm15_wcost_re6_c2p1_tn,9.431956488672999,False,6,False,6,3.540610145157012,0.0,0.0,0.125,2.7132901937149474,0.0,0.0,0.0,3.8416,1.809378018794368,prm15_wcost_re6_c2p1_t1,12.029878357666327,2.7132901937149474,0.0,-1.0155999999999996,-2.7653784698786317,0.0,3.540610145157012,2.5979218689933283
2050,Brazil,0.0,0.0,0.0,0.0,67.46535930875001,0.0,50.635,0.0,15.7254,110.918999999994,prm15_wcost_re20_c2p1_tn,244.744759308744,False,20,True,10,0.0,0.0,0.0,0.0,62.600004629557965,0.0,50.635,0.0,18.1614,116.14694076827864,prm15_wcost_re20_c2p1_t1,247.54334539783662,-4.865354679192045,0.0,2.436,5.22794076828464,0.0,0.0,2.7985860890926233
2050,Brazil,0.0,0.0,0.0,0.0,67.18843232728,0.0,54.489,0.0,89.1680000000006,65.337000000002,prm15_wcost_re12_c2p1_tn,276.18243232728264,False,12,True,2,0.0,0.0,0.0,0.0,70.29691949869189,0.0,54.489,0.0,89.11044347734699,65.337,prm15_wcost_re12_c2p1_t1,279.2333629760389,3.1084871714118947,0.0,-0.057556522653612774,-2.0037305148434825e-12,0.0,0.0,3.050930648756264
2050,Paraguay,0.0,0.0,0.0,0.0,0.0,0.0,0.0,0.0,5.7797999999999,3.9627555379,prm15_wcost_re7_c2p1_tn,9.7425555378999,False,7,False,7,3.900918054051829,0.0,0.0,0.125,2.98189901935642,0.0,0.0,0.0,5.6214,0.3378630851880269,prm15_wcost_re7_c2p1_t1,12.967080158596275,2.98189901935642,0.0,-0.15839999999989995,-3.6248924527119732,0.0,3.900918054051829,3.224524620696375
2050,Paraguay,0.0,0.0,0.0,0.0,0.0,0.0,0.0,0.0,6.2038,3.72495670827,prm15_wcost_re2_c2p1_tn,9.92875670827,False,2,False,2,4.017549092340297,0.0,0.0,0.125,2.9964665734546614,0.0,0.0,0.0,6.146495324876189,0.0,prm15_wcost_re2_c2p1_t1,13.285510990671147,2.9964665734546614,0.0,-0.05730467512381132,-3.72495670827,0.0,4.017549092340297,3.3567542824011465
2050,Argentina,0.0,0.0,0.0,0.0,65.10954424657001,0.0,2.11,0.0,5.7705800186787,0.0,prm15_wcost_re3_c2p1_tn,72.99012426524871,False,3,False,3,0.0,0.0,0.0,0.0,67.20109367882556,0.0,2.11,0.0,7.134310606093095,0.0,prm15_wcost_re3_c2p1_t1,76.44540428491865,2.0915494322555475,0.0,1.3637305874143948,0.0,0.0,0.0,3.4552800196699422
2050,Paraguay,0.0,0.0,0.0,0.0,0.0,0.0,0.0,0.0,7.6931999999999,1.773096065168,prm15_wcost_re9_c2p1_tn,9.4662960651679,False,9,False,9,4.017549092340296,0.0,0.0,0.125,2.9964665734546623,0.0,0.0,0.0,6.146495324876189,0.0,prm15_wcost_re9_c2p1_t1,13.285510990671147,2.9964665734546623,0.0,-1.5467046751237108,-1.773096065168,0.0,4.017549092340296,3.819214925503248
2050,Paraguay,0.0,0.0,0.0,0.0,0.0,0.0,0.0,0.0,5.77979999999981,3.564526309204,prm15_wcost_re5_c2p1_tn,9.34432630920381,False,5,False,5,3.995438865621311,0.0,0.0,0.125,2.9985478188822983,0.0,0.0,0.0,6.0602,0.0488306871973184,prm15_wcost_re5_c2p1_t1,13.228017371700927,2.9985478188822983,0.0,0.2804000000001903,-3.5156956220066817,0.0,3.995438865621311,3.8836910624971175
2050,Brazil,0.0,0.0,0.0,0.0,80.43004118243002,0.0,54.489,0.0,113.34350109163304,40.070306355836,prm15_wcost_re13_c2p1_tn,288.33284862989905,False,13,True,3,0.0,0.0,0.0,0.0,80.725,0.0,54.489,0.0,114.4798,42.54467802780746,prm15_wcost_re13_c2p1_t1,292.23847802780745,0.2949588175699773,0.0,1.1362989083669532,2.474371671971454,0.0,0.0,3.905629397908399
2050,Uruguay,0.0,0.0,0.0,0.0,1.717142789915,0.0,0.0,0.0,3.1978835773198004,6.71471605193,prm15_wcost_re6_c2p1_tn,11.6297424191648,False,6,False,6,0.0526354897662973,0.0,0.0,0.0,5.53,0.0,0.0,0.0,3.356095760393116,6.65820628628062,prm15_wcost_re6_c2p1_t1,15.596937536440034,3.8128572100850002,0.0,0.15821218307331542,-0.056509765649379595,0.0,0.0526354897662973,3.967195117275235
2050,Paraguay,0.0,0.0,0.0,0.0,0.0,0.0,0.0,0.0,6.9869000299025,2.238381143955,prm15_wcost_re4_c2p1_tn,9.2252811738575,False,4,False,4,4.017549092340295,0.0,0.0,0.125,2.9964665734546623,0.0,0.0,0.0,6.146495324876189,0.0,prm15_wcost_re4_c2p1_t1,13.285510990671145,2.9964665734546623,0.0,-0.8404047050263115,-2.238381143955,0.0,4.017549092340295,4.060229816813646
2050,Uruguay,0.0,0.0,0.0,0.0,0.0,0.0,0.0,0.0,2.288330526690184,4.82699999999938,prm15_wcost_re12_c2p1_tn,7.115330526689564,False,12,True,2,0.1354875896533032,0.0,0.0,0.0,0.148450272798162,0.0,0.0,0.0,3.351539829085288,7.651403284671533,prm15_wcost_re12_c2p1_t1,11.286880976208286,0.148450272798162,0.0,1.0632093023951037,2.8244032846721527,0.0,0.1354875896533032,4.171550449518722
2050,Uruguay,0.0,0.0,0.0,0.0,5.53,0.0,0.0,0.0,1.97172078145316,0.0,prm15_wcost_re18_c2p1_tn,7.501720781453161,False,18,True,8,0.0200071426298929,0.0,0.0,0.0,0.3858233255516515,0.0,0.0,0.0,3.628520595912104,7.717999729802756,prm15_wcost_re18_c2p1_t1,11.752350793896404,-5.144176674448349,0.0,1.656799814458944,7.717999729802756,0.0,0.0200071426298929,4.250630012443244
2050,Argentina,0.0,0.0,0.0,0.0,36.935,0.0,9.232,0.0,8.037411542652,74.21102414041681,prm15_wcost_re7_c2p1_co2_cut90p_tn,128.4154356830688,True,7,False,7,0.0,0.0,0.0,0.0,30.1494856520562,0.0,9.232,0.0,23.1655,70.17125514200248,prm15_wcost_re7_c2p1_co2_cut90p_t1,132.7182407940587,-6.785514347943803,0.0,15.128088457348001,-4.039768998414331,0.0,0.0,4.30280511098988
2050,Chile,10.0,0.0,0.0,0.0,27.948117752567,0.2,4.4,0.0,34.1843008057191,0.0,prm15_wcost_re6_c2p1_co2_cut90p_tn,76.7324185582861,True,6,False,6,10.0,0.0,0.0,0.0,24.91923954624841,0.2,4.4,0.0,29.535705971482912,12.277034443390985,prm15_wcost_re6_c2p1_co2_cut90p_t1,81.3319799611223,-3.0288782063185913,0.0,-4.648594834236185,12.277034443390985,0.0,0.0,4.599561402836201
2050,Paraguay,0.0,0.0,0.0,0.0,0.0,0.0,0.0,0.0,7.8528,0.68369588628,prm15_wcost_re8_c2p1_tn,8.536495886280001,False,8,False,8,4.017549092340296,0.0,0.0,0.125,2.9964665734546623,0.0,0.0,0.0,6.146495324876189,0.0,prm15_wcost_re8_c2p1_t1,13.285510990671147,2.9964665734546623,0.0,-1.7063046751238113,-0.68369588628,0.0,4.017549092340296,4.749015104391146
2050,Chile,8.08471036329,0.0,0.0,0.0,24.7980926632,0.2,4.4,0.0,31.7639316196242,0.0,prm15_wcost_re5_c2p1_co2_cut90p_tn,69.24673464611419,True,5,False,5,10.0,0.0,0.0,0.0,16.61510872822906,0.2,4.4,0.0,30.773105143327957,12.056537581529216,prm15_wcost_re5_c2p1_co2_cut90p_t1,74.04475145308623,-8.182983934970938,0.0,-0.9908264762962418,12.056537581529216,0.0,1.9152896367099999,4.7980168069720435
2050,Paraguay,0.0,0.0,0.0,0.0,0.0,0.0,0.0,0.0,7.852800000000499,0.372817087962,prm15_wcost_re3_c2p1_tn,8.2256170879625,False,3,False,3,4.017549092340296,0.0,0.0,0.125,2.996466573454662,0.0,0.0,0.0,6.146495324876189,0.0,prm15_wcost_re3_c2p1_t1,13.285510990671145,2.996466573454662,0.0,-1.7063046751243105,-0.372817087962,0.0,4.017549092340296,5.059893902708646
2050,Uruguay,0.378131793801,0.0,0.0,0.0,0.0,0.0,0.0,0.0,4.498307139594,9.31338675331,prm15_wcost_re13_c2p1_co2_cut90p_tn,14.189825686705,True,13,True,3,0.6989722824563323,0.0,0.0,0.0,5.53,0.0,0.0,0.0,4.297693048752998,9.259785077812044,prm15_wcost_re13_c2p1_co2_cut90p_t1,19.786450409021374,5.53,0.0,-0.20061409084100212,-0.05360167549795669,0.0,0.32084048865533227,5.596624722316374
2050,Chile,9.56834247837,0.0,0.0,0.0,28.48206549813,0.2,4.4,0.0,34.141923941761,0.0,prm15_wcost_re1_c2p1_co2_cut90p_tn,76.792331918261,True,1,False,1,10.0,0.0,0.0,0.0,26.37326983273567,0.2,4.4,0.0,29.276438614299835,12.3245913361675,prm15_wcost_re1_c2p1_co2_cut90p_t1,82.57429978320302,-2.1087956653943323,0.0,-4.865485327461165,12.3245913361675,0.0,0.43165752162999915,5.781967864942018
2050,Brazil,0.0,0.0,0.0,0.0,65.70302722055001,0.0,50.905,0.0,49.20217313864,91.68300000000612,prm15_wcost_re16_c2p1_tn,257.4932003591961,False,16,True,6,0.0,0.0,0.0,0.0,62.8203095582431,0.0,50.905,0.0,54.0415,95.582682417868,prm15_wcost_re16_c2p1_t1,263.3494919761111,-2.8827176623069093,0.0,4.83932686136,3.8996824178618823,0.0,0.0,5.856291616914973
2050,Uruguay,0.0,0.0,0.0,0.0,0.0143879060234,0.0,0.0,0.0,2.1048,7.3916429706473,prm15_wcost_re11_c2p1_tn,9.5108308766707,False,11,True,1,0.0688694661681754,0.0,0.0,0.0,5.53,0.0,0.0,0.0,2.6090134007682786,7.191057904188354,prm15_wcost_re11_c2p1_t1,15.39894077112481,5.515612093976601,0.0,0.5042134007682786,-0.20058506645894614,0.0,0.0688694661681754,5.888109894454109
2050,Uruguay,0.0,0.0,0.0,0.0,5.5299999999963205,0.0,0.0,0.0,3.2462004338391,1.86,prm15_wcost_re9_c2p1_tn,10.63620043383542,False,9,False,9,0.247899931798543,0.0,0.0,0.0,5.53,0.0,0.0,0.0,4.506310008307901,6.273338202561742,prm15_wcost_re9_c2p1_t1,16.557548142668185,3.679723192817619e-12,0.0,1.260109574468801,4.413338202561742,0.0,0.247899931798543,5.921347708832766
2050,Brazil,0.0,0.0,0.0,0.0,39.736624984262,0.0,68.182,0.0,134.56779999999998,175.0530163901588,prm15_wcost_re12_c2p1_co2_cut90p_tn,417.5394413744208,True,12,True,2,0.0,3.2260593062231115,0.0,0.0,19.13698351476792,0.0,68.005,5.63087919079114,134.7393,192.963,prm15_wcost_re12_c2p1_co2_cut90p_t1,423.70122201178214,-20.59964146949408,-0.1770000000000067,0.17150000000000887,17.90998360984119,5.63087919079114,0.0,6.161780637361346
2050,Brazil,0.0,0.0,0.0,0.0,42.21123881322,0.0,68.182,8.75090182026,133.8752000000008,174.497093030991,prm15_wcost_re18_c2p1_co2_cut90p_tn,427.51643366447183,True,18,True,8,0.0,12.820276693887392,0.0,0.0,38.95622473390127,0.0,68.005,9.95,134.7393,169.28303230745533,prm15_wcost_re18_c2p1_co2_cut90p_t1,433.7538337352439,-3.2550140793187268,-0.1770000000000067,0.8640999999991834,-5.214060723535681,1.19909817974,0.0,6.2374000707720825
2050,Uruguay,0.0,0.0,0.0,0.0,0.583534653149,0.0,0.0,0.0,3.7595999999999,5.4240000000004,prm15_wcost_re2_c2p1_tn,9.767134653149299,False,2,False,2,0.1457805897987,0.0,0.0,0.0,5.53,0.0,0.0,0.0,4.008701610159315,6.576093530784887,prm15_wcost_re2_c2p1_t1,16.260575730742904,4.946465346851,0.0,0.24910161015941545,1.1520935307844873,0.0,0.1457805897987,6.493441077593605
2050,Brazil,0.0,0.0,0.0,0.0,80.72500000002599,0.0,51.96,0.0,121.43689999999911,44.673708703571,prm15_wcost_re4_c2p1_tn,298.7956087035961,False,4,False,4,0.0,0.0,0.0,0.0,75.92893678705127,0.0,54.489,0.0,127.7857,47.27509642138583,prm15_wcost_re4_c2p1_t1,305.4787332084371,-4.796063212974715,2.5289999999999964,6.348800000000892,2.6013877178148306,0.0,0.0,6.683124504841032
2050,Argentina,0.0,0.0,0.0,0.0,36.935,0.0,8.295,0.0,6.1240395687818,67.7834364402958,prm15_wcost_re1_c2p1_co2_cut90p_tn,119.1374760090776,True,1,False,1,0.0,0.0,0.0,0.0,41.67473311964861,0.0,3.047,0.0,18.213,63.0475644383629,prm15_wcost_re1_c2p1_co2_cut90p_t1,125.98229755801151,4.739733119648605,-5.247999999999999,12.0889604312182,-4.735872001932904,0.0,0.0,6.844821548933908
2050,Argentina,0.0,0.0,0.0,0.0,36.935,0.0,8.295,0.0,6.743600000000001,71.2047029538028,prm15_wcost_re6_c2p1_co2_cut90p_tn,123.1783029538028,True,6,False,6,0.0,0.0,0.0,0.0,40.5667611836153,0.0,3.047,0.0,21.07282713390312,65.57802932657762,prm15_wcost_re6_c2p1_co2_cut90p_t1,130.26461764409603,3.6317611836152963,-5.247999999999999,14.329227133903121,-5.626673627225173,0.0,0.0,7.086314690293236
2050,Brazil,0.0,0.0,0.0,0.0,68.32751161847499,0.0,54.489,0.0,125.528999999999,38.745,prm15_wcost_re8_c2p1_tn,287.09051161847395,False,8,False,8,0.0,0.0,0.0,0.0,72.38177031660851,0.0,54.489,0.0,128.5789,38.745,prm15_wcost_re8_c2p1_t1,294.1946703166085,4.054258698133523,0.0,3.049900000001003,0.0,0.0,0.0,7.10415869813454
2050,Brazil,0.0,0.0,0.0,0.0,37.94068586814,0.0,68.182,0.0,133.52800000000062,170.63267472973,prm15_wcost_re15_c2p1_co2_cut90p_tn,410.2833605978706,True,15,True,5,0.0,1.3790235208992152,0.0,0.0,14.792695810158293,0.0,68.005,4.659181031173674,134.7393,193.866,prm15_wcost_re15_c2p1_co2_cut90p_t1,417.44120036223114,-23.14799005798171,-0.1770000000000067,1.211299999999369,23.23332527027,4.659181031173674,0.0,7.157839764360517
2050,Brazil,0.0,0.0,0.0,0.0,69.483261950732,0.0,54.489,0.0,127.1566848417228,30.093,prm15_wcost_re3_c2p1_tn,281.2219467924548,False,3,False,3,0.0,0.0,0.0,0.0,76.815617194031,0.0,54.489,0.0,128.7297,28.587,prm15_wcost_re3_c2p1_t1,288.621317194031,7.332355243299006,0.0,1.5730151582772152,-1.5060000000000002,0.0,0.0,7.3993704015762205
2050,Uruguay,0.0,0.0,0.0,0.0,0.497963772731,0.0,0.0,0.0,3.5422729781046,3.898701463748,prm15_wcost_re4_c2p1_tn,7.9389382145836,False,4,False,4,0.1423866408381748,0.0,0.0,0.0,4.933681699758626,0.0,0.0,0.0,4.117086027475343,6.622161585355635,prm15_wcost_re4_c2p1_t1,15.815315953427778,4.435717927027627,0.0,0.5748130493707433,2.7234601216076353,0.0,0.1423866408381748,7.876377738844178
2050,Uruguay,0.0,0.0,0.0,0.0,0.355466666667,0.0,0.0,0.0,3.0355784417513,0.0,prm15_wcost_re3_c2p1_tn,3.3910451084183,False,3,False,3,0.322110930422094,0.0,0.0,0.0,0.3197973074931815,0.0,0.0,0.0,4.6206908889171565,6.203921787464457,prm15_wcost_re3_c2p1_t1,11.46652091429689,-0.03566935917381847,0.0,1.5851124471658564,6.203921787464457,0.0,0.322110930422094,8.07547580587859
2050,Brazil,0.0,0.0,0.0,0.0,38.97037045123,0.0,67.317,5.6526298459,134.6427999999992,190.21402738009505,prm15_wcost_re19_c2p1_co2_cut90p_tn,436.79682767722426,True,19,True,9,0.0,7.21869828271685,0.0,0.0,38.31123192180134,0.0,68.005,9.95,134.7393,187.18043209372735,prm15_wcost_re19_c2p1_co2_cut90p_t1,445.4046622982455,-0.6591385294286667,0.6880000000000024,0.09650000000078762,-3.0335952863676994,4.297370154099999,0.0,8.607834621021254
2050,Argentina,0.0,0.0,0.0,0.0,36.934999999978,0.0,9.232,0.0,7.666600000000001,76.6313453289378,prm15_wcost_re5_c2p1_co2_cut90p_tn,130.4649453289158,True,5,False,5,0.0,0.0,0.0,0.0,36.53150862510175,0.0,6.112,0.0,24.25170764774589,72.32209512219181,prm15_wcost_re5_c2p1_co2_cut90p_t1,139.21731139503947,-0.4034913748762463,-3.119999999999999,16.585107647745886,-4.309250206745986,0.0,0.0,8.75236606612367
2050,Argentina,0.0,0.0,0.0,0.0,31.27014503314,0.0,9.232,0.0,9.7176120721839,85.4423621816702,prm15_wcost_re8_c2p1_co2_cut90p_tn,135.66211928699408,True,8,False,8,0.0,0.0,0.0,0.0,36.9059140759694,0.0,9.232,0.0,29.62681946830824,69.033,prm15_wcost_re8_c2p1_co2_cut90p_t1,144.79773354427766,5.6357690428293985,0.0,19.90920739612434,-16.409362181670204,0.0,0.0,9.135614257283578
2050,Uruguay,0.0,0.0,0.0,0.0,0.0260176,0.0,0.0,0.0,1.9717207814532,0.0,prm15_wcost_re19_c2p1_tn,1.9977383814532002,False,19,True,9,0.0492800671870361,0.0,0.0,0.0,0.0,0.0,0.0,0.0,3.853095773447498,7.584227203482047,prm15_wcost_re19_c2p1_t1,11.486603044116581,-0.0260176,0.0,1.8813749919942981,7.584227203482047,0.0,0.0492800671870361,9.488864662663381
2050,Argentina,0.0,0.0,0.0,0.0,54.80707496215,0.0,2.11,0.0,4.2784419673877,0.0,prm15_wcost_re2_c2p1_tn,61.195516929537696,False,2,False,2,0.0,0.0,0.0,0.0,61.8947619145472,0.0,2.11,0.0,7.012020883884406,0.0,prm15_wcost_re2_c2p1_t1,71.0167827984316,7.087686952397206,0.0,2.7335789164967066,0.0,0.0,0.0,9.82126586889391
2050,Uruguay,0.0,0.0,0.0,0.0,5.53,0.0,0.0,0.0,1.939260881981,0.0,prm15_wcost_re13_c2p1_tn,7.4692608819810005,False,13,True,3,0.1079665405144082,0.0,0.0,0.0,5.53,0.0,0.0,0.0,3.957620732272493,7.709872733686066,prm15_wcost_re13_c2p1_t1,17.305460006472966,0.0,0.0,2.0183598502914926,7.709872733686066,0.0,0.1079665405144082,9.836199124491966
2050,Argentina,0.0,0.0,0.0,0.0,56.29704835129,0.0,2.11,0.0,0.0,4.742384602643,prm15_wcost_re15_c2p1_tn,63.149432953933,False,15,True,5,0.0,0.0,0.0,0.0,66.04617508562151,0.0,2.11,0.0,0.0,5.931463456174226,prm15_wcost_re15_c2p1_t1,74.08763854179574,9.749126734331512,0.0,0.0,1.1890788535312264,0.0,0.0,10.93820558786274
2050,Uruguay,0.0,0.0,0.0,0.0,0.3625527999999,0.0,0.0,0.0,3.23026258784608,1.86,prm15_wcost_re8_c2p1_tn,5.45281538784598,False,8,False,8,0.198536808588731,0.0,0.0,0.0,5.53,0.0,0.0,0.0,4.296359449472198,6.538809280838827,prm15_wcost_re8_c2p1_t1,16.563705538899757,5.1674472000001,0.0,1.066096861626118,4.678809280838827,0.0,0.198536808588731,11.110890151053777
2050,Argentina,0.0,0.0,0.0,0.0,55.06205328117,0.0,2.11,0.0,0.239,3.174911855474,prm15_wcost_re14_c2p1_tn,60.585965136644,False,14,True,4,0.0,0.0,0.0,0.0,63.32405112527192,0.0,2.11,0.0,0.5019,5.769032277127862,prm15_wcost_re14_c2p1_t1,71.70498340239979,8.26199784410192,0.0,0.2629,2.5941204216538623,0.0,0.0,11.119018265755791
2050,Chile,8.77868361301,0.0,0.0,0.0,25.561912776256,0.2,4.4,0.0,31.609869065415,0.0,prm15_wcost_re7_c2p1_co2_cut90p_tn,70.550465454681,True,7,False,7,10.0,0.0,0.0,0.0,26.29389536864707,0.2,4.4,0.0,30.575741608958488,11.509687408479008,prm15_wcost_re7_c2p1_co2_cut90p_t1,82.97932438608457,0.7319825923910699,0.0,-1.0341274564565133,11.509687408479008,0.0,1.2213163869900008,12.428858931403568
2050,Argentina,0.0,0.0,0.0,0.0,36.935,0.0,8.295,0.0,8.1333516098677,77.8858233342429,prm15_wcost_re2_c2p1_co2_cut90p_tn,131.24917494411062,True,2,False,2,0.0,0.0,0.0,0.0,36.20859035057619,0.0,9.232,0.0,25.329494391261345,72.97981556733643,prm15_wcost_re2_c2p1_co2_cut90p_t1,143.74990030917397,-0.7264096494238146,0.9369999999999994,17.196142781393647,-4.90600776690647,0.0,0.0,12.500725365063346
2050,Chile,0.0546275296891,0.0,0.0,0.0,23.129748858443,0.2,4.4,0.0,29.217531634355,0.0,prm15_wcost_re13_c2p1_co2_cut90p_tn,57.0019080224871,True,13,True,3,10.0,2.36,0.0,0.0,6.631601324829165,0.2,4.4,0.0,27.89465026752098,18.54747737030557,prm15_wcost_re13_c2p1_co2_cut90p_t1,70.03372896265572,-16.498147533613835,0.0,-1.3228813668340216,18.54747737030557,0.0,9.9453724703109,13.031820940168615
2050,Chile,7.80396956389,0.0,0.0,0.0,23.9295580908092,0.2,4.4,0.0,33.3854583901946,0.0,prm15_wcost_re4_c2p1_co2_cut90p_tn,69.7189860448938,True,4,False,4,10.0,1.2038472746202804,0.0,0.0,25.00560997919828,0.2,4.4,0.0,30.249060214167653,11.99794668577228,prm15_wcost_re4_c2p1_co2_cut90p_t1,83.05646415375848,1.076051888389081,0.0,-3.1363981760269475,11.99794668577228,0.0,2.19603043611,13.337478108864687
2050,Chile,0.0,0.0,0.0,0.0,23.188689458428,0.2,4.4,0.0,28.684800643166703,0.0,prm15_wcost_re19_c2p1_co2_cut90p_tn,56.473490101594706,True,19,True,9,10.0,2.36,0.0,0.0,6.652202819287147,0.2,4.4,0.0,27.70435407458525,18.6755931631788,prm15_wcost_re19_c2p1_co2_cut90p_t1,69.9921500570512,-16.536486639140854,0.0,-0.9804465685814527,18.6755931631788,0.0,10.0,13.5186599554565
2050,Chile,0.0,0.0,0.0,0.0,20.835546730153,0.0,0.575,0.0,0.0,0.0,prm15_wcost_re11_c2p1_tn,21.410546730152998,False,11,True,1,0.0,0.0,0.0,0.0,34.58,0.0,0.575,0.0,0.0,0.0,prm15_wcost_re11_c2p1_t1,35.155,13.744453269847,0.0,0.0,0.0,0.0,0.0,13.744453269847003
2050,Chile,0.0,0.0,0.0,0.0,21.354502933945003,0.0,0.575,0.0,5.6408174960710005,0.0,prm15_wcost_re10_c2p1_tn,27.570320430016004,False,10,False,10,0.0,0.0,0.0,0.0,34.58,0.0,0.575,0.0,6.566625560847521,0.0,prm15_wcost_re10_c2p1_t1,41.72162556084752,13.225497066054995,0.0,0.9258080647765201,0.0,0.0,0.0,14.151305130831517
2050,Chile,0.203718303205,0.0,0.0,0.0,34.04919267213499,0.2,4.4,0.0,23.4735672605637,0.069,prm15_wcost_re20_c2p1_co2_cut90p_tn,62.395478235903695,True,20,True,10,10.0,0.0,0.0,0.0,23.98759423976665,0.2,4.4,0.0,16.023398493621116,22.5,prm15_wcost_re20_c2p1_co2_cut90p_t1,77.11099273338777,-10.061598432368342,0.0,-7.450168766942586,22.431,0.0,9.796281696795,14.71551449748408
2050,Argentina,0.0,0.0,0.0,0.0,62.23475780518001,0.0,2.11,0.0,5.107954311669699,0.0,prm15_wcost_re5_c2p1_tn,69.45271211684971,False,5,False,5,0.0,0.0,0.0,0.0,75.7505011414896,0.0,2.11,0.0,6.474467052270434,0.0,prm15_wcost_re5_c2p1_t1,84.33496819376003,13.515743336309583,0.0,1.3665127406007347,0.0,0.0,0.0,14.882256076910323
2050,Brazil,0.0,0.0,0.0,0.0,66.11890357202401,0.0,50.585,0.0,95.55397502669862,86.802633739105,prm15_wcost_re10_c2p1_tn,299.0605123378276,False,10,False,10,0.0,0.0,0.0,0.0,66.96614347995474,0.0,50.585,0.0,110.4614,86.04700931161719,prm15_wcost_re10_c2p1_t1,314.05955279157195,0.847239907930728,0.0,14.907424973301374,-0.7556244274878168,0.0,0.0,14.999040453744328
2050,Argentina,0.0,0.0,0.0,0.0,36.93500000002,0.0,8.295,0.0,9.0972816059696,81.2463816782552,prm15_wcost_re4_c2p1_co2_cut90p_tn,135.5736632842448,True,4,False,4,0.0,0.0,0.0,0.0,40.90795177799152,0.0,9.232,0.0,25.531357586983447,75.70404374297378,prm15_wcost_re4_c2p1_co2_cut90p_t1,151.37535310794874,3.9729517779715238,0.9369999999999994,16.434075981013848,-5.542337935281424,0.0,0.0,15.801689823703953
2050,Brazil,0.0,0.0,0.0,0.0,54.594248712760006,0.0,50.635,0.0,103.36460000000052,64.263,prm15_wcost_re6_c2p1_tn,272.85684871276055,False,6,False,6,0.0,0.0,0.0,0.0,51.46388837470959,0.0,50.635,0.0,118.1068,68.85,prm15_wcost_re6_c2p1_t1,289.0556883747096,-3.1303603380504157,0.0,14.742199999999485,4.586999999999989,0.0,0.0,16.198839661949023
2050,Chile,0.0,0.0,0.0,0.0,19.03791512553,0.0,0.575,0.0,5.6408174960710005,0.0,prm15_wcost_re9_c2p1_tn,25.253732621601,False,9,False,9,0.0,0.0,0.0,0.0,34.58,0.0,0.575,0.0,6.566879393697941,0.0,prm15_wcost_re9_c2p1_t1,41.72187939369794,15.54208487447,0.0,0.9260618976269406,0.0,0.0,0.0,16.46814677209694
2050,Chile,0.0,0.0,0.0,0.0,18.57531512551,0.0,0.575,0.0,5.6408174960710005,0.0,prm15_wcost_re8_c2p1_tn,24.791132621581,False,8,False,8,0.0,0.0,0.0,0.0,34.58,0.0,0.575,0.0,6.566879393697938,0.0,prm15_wcost_re8_c2p1_t1,41.72187939369794,16.00468487449,0.0,0.9260618976269379,0.0,0.0,0.0,16.93074677211694
2050,Chile,5.985212464272,0.0,0.0,0.0,23.95691146629,0.2,4.4,0.0,32.5223037928426,0.0,prm15_wcost_re3_c2p1_co2_cut90p_tn,67.0644277234046,True,3,False,3,10.0,1.4363439478701778,0.0,0.0,25.01262976215684,0.2,4.4,0.0,30.41770949836274,12.885562973823374,prm15_wcost_re3_c2p1_co2_cut90p_t1,84.35224618221312,1.0557182958668427,0.0,-2.1045942944798597,12.885562973823374,0.0,4.014787535728,17.287818458808516
2050,Chile,0.362685502603,0.0,0.0,0.0,25.392127919193,0.2,4.4,0.0,25.7630000000022,0.0,prm15_wcost_re14_c2p1_co2_cut90p_tn,56.1178134217982,True,14,True,4,10.0,1.6284373078390804,0.0,0.0,10.79455770721932,0.2,4.4,0.0,26.97369866234388,19.479,prm15_wcost_re14_c2p1_co2_cut90p_t1,73.47569367740228,-14.59757021197368,0.0,1.2106986623416809,19.479,0.0,9.637314497397,17.357880255604073
2050,Chile,5.988802159374001,0.0,0.0,0.0,23.618824588498,0.2,4.4,0.0,31.710863829933,0.0,prm15_wcost_re8_c2p1_co2_cut90p_tn,65.918490577805,True,8,False,8,10.0,1.398831648807758,0.0,0.0,25.54927044797998,0.2,4.4,0.0,30.47368995367293,12.02509249075339,prm15_wcost_re8_c2p1_co2_cut90p_t1,84.04688454121407,1.9304458594819778,0.0,-1.2371738762600692,12.02509249075339,0.0,4.011197840625999,18.128393963409067
2050,Argentina,0.0,0.0,0.0,0.0,49.13787230703,0.0,2.11,0.0,4.1904804280824,0.0,prm15_wcost_re7_c2p1_tn,55.4383527351124,False,7,False,7,0.0,0.0,0.0,0.0,65.75284929530477,0.0,2.11,0.0,6.2128000000000005,0.0,prm15_wcost_re7_c2p1_t1,74.07564929530477,16.61497698827477,0.0,2.022319571917601,0.0,0.0,0.0,18.637296560192368
2050,Brazil,0.0,0.0,0.0,0.0,39.85633359364,0.0,68.005,1.13000635046,134.6427999999996,176.5125246929226,prm15_wcost_re14_c2p1_co2_cut90p_tn,420.1466646370222,True,14,True,4,0.0,1.94845833872806,0.0,0.0,38.40319879366342,0.0,68.005,9.95,134.7393,186.195,prm15_wcost_re14_c2p1_co2_cut90p_t1,439.2409571323915,-1.4531347999765813,0.0,0.09650000000038972,9.682475307077397,8.819993649539999,0.0,19.094292495369302
2050,Brazil,0.0,0.0,0.0,0.0,34.00589874905,0.0,68.182,8.00272446373,134.73930000000024,156.0867479454448,prm15_wcost_re3_c2p1_co2_cut90p_tn,401.01667115822505,True,3,False,3,0.0,12.630969343362835,0.0,0.0,41.79649664276765,0.0,68.005,9.95,134.7393,153.37150501544284,prm15_wcost_re3_c2p1_co2_cut90p_t1,420.4932710015733,7.790597893717653,-0.1770000000000067,-2.5579538487363607e-13,-2.7152429300019776,1.9472755362699985,0.0,19.476599843348254
2050,Chile,6.242224355313001,0.0,0.0,0.0,20.62381927977,0.2,4.4,0.0,33.780284769449,0.0,prm15_wcost_re9_c2p1_co2_cut90p_tn,65.246328404532,True,9,False,9,10.0,1.4224475000193404,0.0,0.0,25.65906730686057,0.2,4.4,0.0,30.298115608544148,12.875200395445365,prm15_wcost_re9_c2p1_co2_cut90p_t1,84.85483081086942,5.035248027090571,0.0,-3.4821691609048493,12.875200395445365,0.0,3.7577756446869994,19.608502406337422
2050,Brazil,0.0,0.0,0.0,0.0,53.407420696440006,0.0,50.585,0.0,112.1521999999996,78.8849999999986,prm15_wcost_re1_c2p1_tn,295.0296206964382,False,1,False,1,0.0,0.0,0.0,0.0,68.31218102855892,0.0,50.635,0.0,115.5618,80.235,prm15_wcost_re1_c2p1_t1,314.74398102855895,14.904760332118919,0.04999999999999716,3.4096000000004096,1.3500000000014012,0.0,0.0,19.714360332120748
2050,Brazil,0.0,0.0,0.0,0.0,39.18967565964,0.0,68.005,0.0,131.4941396395451,148.524821607416,prm15_wcost_re1_c2p1_co2_cut90p_tn,387.2136369066011,True,1,False,1,0.0,0.0,0.0,0.0,34.32274953519491,0.0,65.683,0.0,134.36620000000002,173.86370084141618,prm15_wcost_re1_c2p1_co2_cut90p_t1,408.23565037661115,-4.866926124445094,-2.3219999999999885,2.872060360454924,25.33887923400019,0.0,0.0,21.02201347001005
2050,Chile,0.3008090024979999,0.0,0.0,0.0,30.617961153989,0.2,4.4,0.0,23.3708830071351,0.0,prm15_wcost_re11_c2p1_co2_cut90p_tn,58.8896531636221,True,11,True,1,10.0,0.0,0.0,0.0,24.375375815250525,0.2,4.4,0.0,18.261985324275887,22.716,prm15_wcost_re11_c2p1_co2_cut90p_t1,79.95336113952641,-6.2425853387384755,0.0,-5.108897682859212,22.716,0.0,9.699190997502,21.063707975904308
2050,Brazil,0.0,0.0,0.0,0.0,37.32409290571,0.0,68.005,0.0,116.7069,172.3526841739849,prm15_wcost_re20_c2p1_co2_cut90p_tn,394.3886770796949,True,20,True,10,0.0,0.0,0.0,0.0,35.8404595615234,0.0,55.77900000000002,0.0,125.7154,199.05458651674488,prm15_wcost_re20_c2p1_co2_cut90p_t1,416.3894460782683,-1.4836333441866003,-12.225999999999978,9.008499999999998,26.70190234275998,0.0,0.0,22.000768998573392
2050,Chile,0.53190103133,0.0,0.0,0.0,28.361304212731003,0.2,4.4,0.0,23.6408534676398,0.0,prm15_wcost_re16_c2p1_co2_cut90p_tn,57.1340587117008,True,16,True,6,10.0,0.7249039782906816,0.0,0.0,24.0103141957342,0.2,4.4,0.0,20.03310943371516,22.5,prm15_wcost_re16_c2p1_co2_cut90p_t1,81.86832760774004,-4.350990016996803,0.0,-3.6077440339246394,22.5,0.0,9.46809896867,24.73426889603924
2050,Argentina,0.0,0.0,0.0,0.0,47.62263621615,0.0,2.11,0.0,0.0,4.793291876703,prm15_wcost_re17_c2p1_tn,54.525928092853,False,17,True,7,0.0,0.0,0.0,0.0,72.12597121149744,0.0,2.11,0.0,0.0,5.921185416290466,prm15_wcost_re17_c2p1_t1,80.15715662778791,24.503334995347444,0.0,0.0,1.1278935395874656,0.0,0.0,25.631228534934912
2050,Brazil,0.0,0.0,0.0,0.0,38.4089719925395,0.0,68.005,0.0,134.20249999999993,161.18699999999512,prm15_wcost_re7_c2p1_co2_cut90p_tn,401.8034719925346,True,7,False,7,0.0,0.2838504699180912,0.0,0.0,34.320776492222244,0.0,68.005,0.0,134.7393,190.527,prm15_wcost_re7_c2p1_co2_cut90p_t1,427.8759269621403,-4.088195500317255,0.0,0.5368000000000563,29.340000000004864,0.0,0.0,26.0724549696057
2050,Brazil,0.0,0.0,0.0,0.0,39.518029575364,0.0,68.005,0.0,134.51632260022822,161.18699999999902,prm15_wcost_re5_c2p1_co2_cut90p_tn,403.2263521755913,True,5,False,5,0.0,0.9134986426457464,0.0,0.0,39.29563932525014,0.0,68.005,0.7383044858871212,134.7393,188.439,prm15_wcost_re5_c2p1_co2_cut90p_t1,432.130742453783,-0.22239025011385394,0.0,0.22297739977176434,27.252000000000976,0.7383044858871212,0.0,28.904390278191727
2050,Brazil,0.0,0.0,0.0,0.0,39.95245858686601,0.0,68.182,0.0,134.7393000000003,161.774581302268,prm15_wcost_re2_c2p1_co2_cut90p_tn,404.64833988913426,True,2,False,2,0.0,1.5732527231471969,0.0,0.0,40.97395313605618,0.0,68.005,1.960925792338724,134.7393,186.51,prm15_wcost_re2_c2p1_co2_cut90p_t1,433.7624316515421,1.021494549190173,-0.1770000000000067,-3.126388037344441e-13,24.735418697732,1.960925792338724,0.0,29.11409176240784
2050,Brazil,0.0,0.0,0.0,0.0,37.577869870141,0.0,68.005,0.0,132.761999999999,175.4760000000008,prm15_wcost_re17_c2p1_co2_cut90p_tn,413.82086987014077,True,17,True,7,0.0,3.681404061500384,0.0,0.0,37.02630534231125,0.0,68.00500000000002,1.5228173335842825,134.7393,197.979,prm15_wcost_re17_c2p1_co2_cut90p_t1,442.95382673739596,-0.5515645278297541,2.842170943040401e-14,1.9773000000009802,22.50299999999922,1.5228173335842825,0.0,29.13295686725519
2050,Brazil,0.0,0.0,0.0,0.0,38.292574927,0.0,68.005,0.0,132.56472746709505,148.850150807337,prm15_wcost_re6_c2p1_co2_cut90p_tn,387.712453201432,True,6,False,6,0.0,0.0,0.0,0.0,34.18264449969157,0.0,67.718,0.0,134.7393,180.42003506389307,prm15_wcost_re6_c2p1_co2_cut90p_t1,417.05997956358465,-4.109930427308427,-0.28699999999999193,2.174572532904932,31.569884256556065,0.0,0.0,29.34752636215262
2050,Chile,1.01211701975,0.0,0.0,0.0,27.543004799898,0.2,4.4,0.0,23.27684408192,0.0,prm15_wcost_re15_c2p1_co2_cut90p_tn,56.431965901568006,True,15,True,5,10.0,1.102920899232935,0.0,0.0,24.24199988428801,0.2,4.4,0.0,26.96041167712594,19.479,prm15_wcost_re15_c2p1_co2_cut90p_t1,86.38433246064689,-3.3010049156099903,0.0,3.6835675952059397,19.479,0.0,8.98788298025,29.952366559078882
2050,Chile,0.7832512375899999,0.0,0.0,0.0,27.599155029985,0.2,4.4,0.0,23.02838304142,0.0,prm15_wcost_re17_c2p1_co2_cut90p_tn,56.010789308995,True,17,True,7,10.0,1.1641329137895415,0.0,0.0,24.318277163007306,0.2,4.4,0.0,26.472535733013306,19.479,prm15_wcost_re17_c2p1_co2_cut90p_t1,86.03394580981015,-3.2808778669776935,0.0,3.444152691593306,19.479,0.0,9.21674876241,30.023156500815148
2050,Brazil,0.0,0.0,0.0,0.0,39.50378342369,0.0,57.738,0.0,129.55239999999975,151.803316992299,prm15_wcost_re10_c2p1_co2_cut90p_tn,378.59750041598875,True,10,False,10,0.0,0.0,0.0,0.0,37.14047937439528,0.0,66.382,0.0,133.8524,171.3620143177098,prm15_wcost_re10_c2p1_co2_cut90p_t1,408.73689369210507,-2.363304049294726,8.644000000000005,4.300000000000239,19.558697325410805,0.0,0.0,30.139393276116323
2050,Chile,0.8594000264889999,0.0,0.0,0.0,24.950798646476,0.2,4.4,0.0,24.879037888108897,0.0,prm15_wcost_re12_c2p1_co2_cut90p_tn,55.28923656107389,True,12,True,2,10.0,1.394687968057932,0.0,0.0,24.232506552958533,0.2,4.4,0.0,27.031553841346263,19.296,prm15_wcost_re12_c2p1_co2_cut90p_t1,86.55474836236272,-0.7182920935174657,0.0,2.1525159532373657,19.296,0.0,9.140599973511,31.265511801288824
2050,Chile,0.0,0.0,0.0,0.0,23.399982263815,0.2,4.4,0.0,25.440129451576,0.0,prm15_wcost_re18_c2p1_co2_cut90p_tn,53.440111715391,True,18,True,8,9.999999999999998,2.36,0.0,0.0,22.632447701985956,0.2,4.4,0.0,27.854093728452003,17.426699820440547,prm15_wcost_re18_c2p1_co2_cut90p_t1,84.87324125087851,-0.767534561829045,0.0,2.413964276876005,17.426699820440547,0.0,9.999999999999998,31.43312953548751
2050,Brazil,0.0,0.0,0.0,0.0,41.68977733057,0.0,68.005,0.0,127.8874,166.75945602588018,prm15_wcost_re16_c2p1_co2_cut90p_tn,404.3416333564502,True,16,True,6,0.0,0.0,0.0,0.0,36.48874591047308,0.0,67.823,0.0,134.0267,201.3017220496492,prm15_wcost_re16_c2p1_co2_cut90p_t1,439.64016796012226,-5.201031420096925,-0.18200000000000216,6.139300000000006,34.542266023769,0.0,0.0,35.29853460367207
2050,Brazil,0.0,0.0,0.0,0.0,37.353331527760005,0.0,68.005,0.0,121.1568199583908,165.293999999996,prm15_wcost_re11_c2p1_co2_cut90p_tn,391.8091514861468,True,11,True,1,0.0,0.0,0.0,0.0,36.74886418489898,0.0,67.19,0.0,130.35788481820043,194.649,prm15_wcost_re11_c2p1_co2_cut90p_t1,428.9457490030994,-0.6044673428610281,-0.8149999999999977,9.201064859809634,29.355000000003997,0.0,0.0,37.136597516952634
