project,period,specified_capacity_mw,specified_capacity_mwh
E_Argentina_Coal_Sub_60s,2020,960.6,
E_Brazil_Biomass_60s,2020,0,
E_Brazil_Coal_Sub_60s,2020,252.0,
E_Argentina_Coal_Sub_70s,2020,216.0,
E_Brazil_Biomass_70s,2020,725.4,
E_Brazil_Coal_Sub_70s,2020,708.0,
E_Argentina_Coal_Sub_80s,2020,1982.2,
E_Brazil_Biomass_80s,2020,519.5,
E_Argentina_Coal_Sub_90s,2020,981.0,
E_Brazil_Biomass_90s,2020,979.0,
E_Brazil_Coal_Sub_90s,2020,387.4,
E_Argentina_Diesel_00s,2020,468.8,
E_Brazil_Biomass_00s,2020,3923.8,
E_Brazil_Coal_Sub_00s,2020,297.1,
E_Brazil_Diesel_00s,2020,180.79999999999973,
E_Argentina_Coal_Sub_10s,2020,13.2,
E_Argentina_Diesel_10s,2020,1194.2,
E_Brazil_Biomass_10s,2020,6653.9,
E_Brazil_Coal_Sub_10s,2020,1148.3,
E_Brazil_Diesel_10s,2020,4116.2,
E_Chile_Biomass_10s,2020,383.9,
E_Chile_Coal_Sub_10s,2020,4600.0,
E_Chile_Diesel_10s,2020,1404.0000000000002,
E_Uruguay_Biomass_10s,2020,412.7,
E_Uruguay_Diesel_10s,2020,84.0,
E_Argentina_Gas_OCGT_60s,2020,109.4,
E_Brazil_Gas_OCGT_60s,2020,9.5,
E_Argentina_Gas_OCGT_70s,2020,48.9,
E_Brazil_Gas_OCGT_70s,2020,32.1,
E_Argentina_Gas_OCGT_80s,2020,755.4,
E_Brazil_Gas_OCGT_80s,2020,15.5,
E_Argentina_Gas_OCGT_90s,2020,1757.3,
E_Brazil_Gas_OCGT_90s,2020,110.0,
E_Argentina_Gas_OCGT_00s,2020,931.8,
E_Brazil_Gas_OCGT_00s,2020,2643.6,
E_Argentina_Gas_OCGT_10s,2020,1561.8,
E_Brazil_Gas_OCGT_10s,2020,749.5,
E_Chile_Gas_OCGT_10s,2020,1507.7,
E_Uruguay_Gas_OCGT_10s,2020,265.7,
E_Argentina_Gas_CCGT_60s,2020,166.8,
E_Brazil_Gas_CCGT_60s,2020,20.5,
E_Argentina_Gas_CCGT_70s,2020,74.6,
E_Brazil_Gas_CCGT_70s,2020,69.6,
E_Argentina_Gas_CCGT_80s,2020,1152.1,
E_Brazil_Gas_CCGT_80s,2020,33.5,
E_Argentina_Gas_CCGT_90s,2020,2680.4,
E_Brazil_Gas_CCGT_90s,2020,238.5,
E_Argentina_Gas_CCGT_00s,2020,1421.2,
E_Brazil_Gas_CCGT_00s,2020,5730.2,
E_Argentina_Gas_CCGT_10s,2020,2382.1,
E_Brazil_Gas_CCGT_10s,2020,1624.7,
E_Chile_Gas_CCGT_10s,2020,1490.4,
E_Argentina_Biomass_2015_rest,2020,46.0,
E_Argentina_Gas_CCGT_2002_rest,2020,3389.7999999999997,
E_Argentina_Gas_OCGT_2002_rest,2020,2222.4,
E_Argentina_Nuclear_2015_rest,2020,1755.0,
E_Brazil_Biomass_2006_rest,2020,1224.5,
E_Brazil_Coal_Sub_1996_rest,2020,3063.2,
E_Brazil_Gas_CCGT_2005_rest,2020,3331.0,
E_Brazil_Gas_OCGT_2005_rest,2020,1536.8000000000002,
E_Brazil_Nuclear_2015_rest,2020,1990.0,
E_Chile_Biomass_2015_rest,2020,88.10000000000002,
E_Chile_Gas_CCGT_2015_rest,2020,1947.6,
E_Chile_Gas_OCGT_2015_rest,2020,1970.3,
E_Chile_Geothermal_2015_rest,2020,40.0,
E_Paraguay_Biomass_2015_rest,2020,22.0,
E_Paraguay_Diesel_2015_rest,2020,25.0,
E_Uruguay_Biomass_2015_rest,2020,12.300000000000011,
E_Uruguay_Gas_OCGT_2015_rest,2020,840.3,
E_Hydro_Argentina_Colorado,2020,74.0,
E_Hydro_Argentina_De_la_Plata,2020,1992.0,
E_Hydro_Argentina_Futaleufu,2020,472.0,
E_Hydro_Argentina_Negro,2020,4199.0,
E_Hydro_Argentina_Unknown,2020,328.0,
E_Hydro_Brazil_Amazonas,2020,8836.0,
E_Hydro_Brazil_De_la_Plata,2020,26062.0,
E_Hydro_Brazil_Doce,2020,131.0,
E_Hydro_Brazil_Jacui_Camaqua_Jaguaron,2020,662.0,
E_Hydro_Brazil_Paraiba_do_Sul,2020,408.0,
E_Hydro_Brazil_Paranaiba,2020,225.0,
E_Hydro_Brazil_Sao_Francisco,2020,6416.0,
E_Hydro_Brazil_Unknown,2020,15657.0,
E_Hydro_Chile_Maule_Itata,2020,400.0,
E_Hydro_Chile_Unknown,2020,377.0,
E_Hydro_Paraguay_De_la_Plata,2020,8810.0,
E_Hydro_Uruguay_De_la_Plata,2020,593.0,
E_Hydro_Argentina_wb_rest,2020,4245.0,
E_Hydro_Brazil_wb_rest,2020,46206.0,
E_Hydro_Chile_wb_rest,2020,6172.0,
E_Hydro_Uruguay_wb_rest,2020,945.0,
E_Argentina_SolarPV,2020,439.0,
E_Argentina_Wind,2020,1609.0,
E_Brazil_SolarPV,2020,2074.0,
E_Brazil_Wind,2020,1487.0,
E_Chile_SolarPV,2020,3258.0,
E_Chile_Wind,2020,2507.0,
E_Uruguay_SolarPV,2020,256.0,
E_Uruguay_Wind,2020,1514.0,
E_Argentina_Coal_Sub_60s,2025,960.6,
E_Brazil_Biomass_60s,2025,0,
E_Brazil_Coal_Sub_60s,2025,252.0,
E_Argentina_Coal_Sub_70s,2025,216.0,
E_Brazil_Biomass_70s,2025,0,
E_Brazil_Coal_Sub_70s,2025,708.0,
E_Argentina_Coal_Sub_80s,2025,1982.2,
E_Brazil_Biomass_80s,2025,519.5,
E_Argentina_Coal_Sub_90s,2025,981.0,
E_Brazil_Biomass_90s,2025,979.0,
E_Brazil_Coal_Sub_90s,2025,387.4,
E_Argentina_Diesel_00s,2025,468.8,
E_Brazil_Biomass_00s,2025,3923.8,
E_Brazil_Coal_Sub_00s,2025,297.1,
E_Brazil_Diesel_00s,2025,180.79999999999973,
E_Argentina_Coal_Sub_10s,2025,13.2,
E_Argentina_Diesel_10s,2025,1194.2,
E_Brazil_Biomass_10s,2025,6653.9,
E_Brazil_Coal_Sub_10s,2025,1148.3,
E_Brazil_Diesel_10s,2025,4116.2,
E_Chile_Biomass_10s,2025,383.9,
E_Chile_Coal_Sub_10s,2025,4600.0,
E_Chile_Diesel_10s,2025,1404.0000000000002,
E_Uruguay_Biomass_10s,2025,412.7,
E_Uruguay_Diesel_10s,2025,84.0,
E_Argentina_Gas_OCGT_60s,2025,0,
E_Brazil_Gas_OCGT_60s,2025,0,
E_Argentina_Gas_OCGT_70s,2025,48.9,
E_Brazil_Gas_OCGT_70s,2025,32.1,
E_Argentina_Gas_OCGT_80s,2025,755.4,
E_Brazil_Gas_OCGT_80s,2025,15.5,
E_Argentina_Gas_OCGT_90s,2025,1757.3,
E_Brazil_Gas_OCGT_90s,2025,110.0,
E_Argentina_Gas_OCGT_00s,2025,931.8,
E_Brazil_Gas_OCGT_00s,2025,2643.6,
E_Argentina_Gas_OCGT_10s,2025,1561.8,
E_Brazil_Gas_OCGT_10s,2025,749.5,
E_Chile_Gas_OCGT_10s,2025,1507.7,
E_Uruguay_Gas_OCGT_10s,2025,265.7,
E_Argentina_Gas_CCGT_60s,2025,0,
E_Brazil_Gas_CCGT_60s,2025,0,
E_Argentina_Gas_CCGT_70s,2025,74.6,
E_Brazil_Gas_CCGT_70s,2025,69.6,
E_Argentina_Gas_CCGT_80s,2025,1152.1,
E_Brazil_Gas_CCGT_80s,2025,33.5,
E_Argentina_Gas_CCGT_90s,2025,2680.4,
E_Brazil_Gas_CCGT_90s,2025,238.5,
E_Argentina_Gas_CCGT_00s,2025,1421.2,
E_Brazil_Gas_CCGT_00s,2025,5730.2,
E_Argentina_Gas_CCGT_10s,2025,2382.1,
E_Brazil_Gas_CCGT_10s,2025,1624.7,
E_Chile_Gas_CCGT_10s,2025,1490.4,
E_Argentina_Biomass_2015_rest,2025,46.0,
E_Argentina_Gas_CCGT_2002_rest,2025,3389.7999999999997,
E_Argentina_Gas_OCGT_2002_rest,2025,2222.4,
E_Argentina_Nuclear_2015_rest,2025,1755.0,
E_Brazil_Biomass_2006_rest,2025,1224.5,
E_Brazil_Coal_Sub_1996_rest,2025,3063.2,
E_Brazil_Gas_CCGT_2005_rest,2025,3331.0,
E_Brazil_Gas_OCGT_2005_rest,2025,1536.8000000000002,
E_Brazil_Nuclear_2015_rest,2025,1990.0,
E_Chile_Biomass_2015_rest,2025,88.10000000000002,
E_Chile_Gas_CCGT_2015_rest,2025,1947.6,
E_Chile_Gas_OCGT_2015_rest,2025,1970.3,
E_Chile_Geothermal_2015_rest,2025,40.0,
E_Paraguay_Biomass_2015_rest,2025,22.0,
E_Paraguay_Diesel_2015_rest,2025,25.0,
E_Uruguay_Biomass_2015_rest,2025,12.300000000000011,
E_Uruguay_Gas_OCGT_2015_rest,2025,840.3,
E_Hydro_Argentina_Colorado,2025,74.0,
E_Hydro_Argentina_De_la_Plata,2025,1992.0,
E_Hydro_Argentina_Futaleufu,2025,472.0,
E_Hydro_Argentina_Negro,2025,4199.0,
E_Hydro_Argentina_Unknown,2025,328.0,
E_Hydro_Brazil_Amazonas,2025,8836.0,
E_Hydro_Brazil_De_la_Plata,2025,26062.0,
E_Hydro_Brazil_Doce,2025,131.0,
E_Hydro_Brazil_Jacui_Camaqua_Jaguaron,2025,662.0,
E_Hydro_Brazil_Paraiba_do_Sul,2025,408.0,
E_Hydro_Brazil_Paranaiba,2025,225.0,
E_Hydro_Brazil_Sao_Francisco,2025,6416.0,
E_Hydro_Brazil_Unknown,2025,15657.0,
E_Hydro_Chile_Maule_Itata,2025,400.0,
E_Hydro_Chile_Unknown,2025,377.0,
E_Hydro_Paraguay_De_la_Plata,2025,8810.0,
E_Hydro_Uruguay_De_la_Plata,2025,593.0,
E_Hydro_Argentina_wb_rest,2025,4245.0,
E_Hydro_Brazil_wb_rest,2025,46206.0,
E_Hydro_Chile_wb_rest,2025,6172.0,
E_Hydro_Uruguay_wb_rest,2025,945.0,
E_Argentina_SolarPV,2025,439.0,
E_Argentina_Wind,2025,1609.0,
E_Brazil_SolarPV,2025,2074.0,
E_Brazil_Wind,2025,1487.0,
E_Chile_SolarPV,2025,3258.0,
E_Chile_Wind,2025,2507.0,
E_Uruguay_SolarPV,2025,256.0,
E_Uruguay_Wind,2025,1514.0,
E_Argentina_Coal_Sub_60s,2030,960.6,
E_Brazil_Biomass_60s,2030,0,
E_Brazil_Coal_Sub_60s,2030,252.0,
E_Argentina_Coal_Sub_70s,2030,216.0,
E_Brazil_Biomass_70s,2030,0,
E_Brazil_Coal_Sub_70s,2030,708.0,
E_Argentina_Coal_Sub_80s,2030,1982.2,
E_Brazil_Biomass_80s,2030,519.5,
E_Argentina_Coal_Sub_90s,2030,981.0,
E_Brazil_Biomass_90s,2030,979.0,
E_Brazil_Coal_Sub_90s,2030,387.4,
E_Argentina_Diesel_00s,2030,468.8,
E_Brazil_Biomass_00s,2030,3923.8,
E_Brazil_Coal_Sub_00s,2030,297.1,
E_Brazil_Diesel_00s,2030,180.79999999999973,
E_Argentina_Coal_Sub_10s,2030,13.2,
E_Argentina_Diesel_10s,2030,1194.2,
E_Brazil_Biomass_10s,2030,6653.9,
E_Brazil_Coal_Sub_10s,2030,1148.3,
E_Brazil_Diesel_10s,2030,4116.2,
E_Chile_Biomass_10s,2030,383.9,
E_Chile_Coal_Sub_10s,2030,4600.0,
E_Chile_Diesel_10s,2030,1404.0000000000002,
E_Uruguay_Biomass_10s,2030,412.7,
E_Uruguay_Diesel_10s,2030,84.0,
E_Argentina_Gas_OCGT_60s,2030,0,
E_Brazil_Gas_OCGT_60s,2030,0,
E_Argentina_Gas_OCGT_70s,2030,0,
E_Brazil_Gas_OCGT_70s,2030,32.1,
E_Argentina_Gas_OCGT_80s,2030,755.4,
E_Brazil_Gas_OCGT_80s,2030,15.5,
E_Argentina_Gas_OCGT_90s,2030,1757.3,
E_Brazil_Gas_OCGT_90s,2030,110.0,
E_Argentina_Gas_OCGT_00s,2030,931.8,
E_Brazil_Gas_OCGT_00s,2030,2643.6,
E_Argentina_Gas_OCGT_10s,2030,1561.8,
E_Brazil_Gas_OCGT_10s,2030,749.5,
E_Chile_Gas_OCGT_10s,2030,1507.7,
E_Uruguay_Gas_OCGT_10s,2030,265.7,
E_Argentina_Gas_CCGT_60s,2030,0,
E_Brazil_Gas_CCGT_60s,2030,0,
E_Argentina_Gas_CCGT_70s,2030,0,
E_Brazil_Gas_CCGT_70s,2030,69.6,
E_Argentina_Gas_CCGT_80s,2030,1152.1,
E_Brazil_Gas_CCGT_80s,2030,33.5,
E_Argentina_Gas_CCGT_90s,2030,2680.4,
E_Brazil_Gas_CCGT_90s,2030,238.5,
E_Argentina_Gas_CCGT_00s,2030,1421.2,
E_Brazil_Gas_CCGT_00s,2030,5730.2,
E_Argentina_Gas_CCGT_10s,2030,2382.1,
E_Brazil_Gas_CCGT_10s,2030,1624.7,
E_Chile_Gas_CCGT_10s,2030,1490.4,
E_Argentina_Biomass_2015_rest,2030,46.0,
E_Argentina_Gas_CCGT_2002_rest,2030,3389.7999999999997,
E_Argentina_Gas_OCGT_2002_rest,2030,2222.4,
E_Argentina_Nuclear_2015_rest,2030,1755.0,
E_Brazil_Biomass_2006_rest,2030,1224.5,
E_Brazil_Coal_Sub_1996_rest,2030,3063.2,
E_Brazil_Gas_CCGT_2005_rest,2030,3331.0,
E_Brazil_Gas_OCGT_2005_rest,2030,1536.8000000000002,
E_Brazil_Nuclear_2015_rest,2030,1990.0,
E_Chile_Biomass_2015_rest,2030,88.10000000000002,
E_Chile_Gas_CCGT_2015_rest,2030,1947.6,
E_Chile_Gas_OCGT_2015_rest,2030,1970.3,
E_Chile_Geothermal_2015_rest,2030,40.0,
E_Paraguay_Biomass_2015_rest,2030,22.0,
E_Paraguay_Diesel_2015_rest,2030,25.0,
E_Uruguay_Biomass_2015_rest,2030,12.300000000000011,
E_Uruguay_Gas_OCGT_2015_rest,2030,840.3,
E_Hydro_Argentina_Colorado,2030,74.0,
E_Hydro_Argentina_De_la_Plata,2030,1992.0,
E_Hydro_Argentina_Futaleufu,2030,472.0,
E_Hydro_Argentina_Negro,2030,4199.0,
E_Hydro_Argentina_Unknown,2030,328.0,
E_Hydro_Brazil_Amazonas,2030,8836.0,
E_Hydro_Brazil_De_la_Plata,2030,26062.0,
E_Hydro_Brazil_Doce,2030,131.0,
E_Hydro_Brazil_Jacui_Camaqua_Jaguaron,2030,662.0,
E_Hydro_Brazil_Paraiba_do_Sul,2030,408.0,
E_Hydro_Brazil_Paranaiba,2030,225.0,
E_Hydro_Brazil_Sao_Francisco,2030,6416.0,
E_Hydro_Brazil_Unknown,2030,15657.0,
E_Hydro_Chile_Maule_Itata,2030,400.0,
E_Hydro_Chile_Unknown,2030,377.0,
E_Hydro_Paraguay_De_la_Plata,2030,8810.0,
E_Hydro_Uruguay_De_la_Plata,2030,593.0,
E_Hydro_Argentina_wb_rest,2030,4245.0,
E_Hydro_Brazil_wb_rest,2030,46206.0,
E_Hydro_Chile_wb_rest,2030,6172.0,
E_Hydro_Uruguay_wb_rest,2030,945.0,
E_Argentina_SolarPV,2030,439.0,
E_Argentina_Wind,2030,1609.0,
E_Brazil_SolarPV,2030,2074.0,
E_Brazil_Wind,2030,1487.0,
E_Chile_SolarPV,2030,3258.0,
E_Chile_Wind,2030,2507.0,
E_Uruguay_SolarPV,2030,256.0,
E_Uruguay_Wind,2030,1514.0,
E_Argentina_Coal_Sub_60s,2035,0,
E_Brazil_Biomass_60s,2035,0,
E_Brazil_Coal_Sub_60s,2035,0,
E_Argentina_Coal_Sub_70s,2035,216.0,
E_Brazil_Biomass_70s,2035,0,
E_Brazil_Coal_Sub_70s,2035,708.0,
E_Argentina_Coal_Sub_80s,2035,1982.2,
E_Brazil_Biomass_80s,2035,0,
E_Argentina_Coal_Sub_90s,2035,981.0,
E_Brazil_Biomass_90s,2035,979.0,
E_Brazil_Coal_Sub_90s,2035,387.4,
E_Argentina_Diesel_00s,2035,468.8,
E_Brazil_Biomass_00s,2035,3923.8,
E_Brazil_Coal_Sub_00s,2035,297.1,
E_Brazil_Diesel_00s,2035,180.79999999999973,
E_Argentina_Coal_Sub_10s,2035,13.2,
E_Argentina_Diesel_10s,2035,1194.2,
E_Brazil_Biomass_10s,2035,6653.9,
E_Brazil_Coal_Sub_10s,2035,1148.3,
E_Brazil_Diesel_10s,2035,4116.2,
E_Chile_Biomass_10s,2035,383.9,
E_Chile_Coal_Sub_10s,2035,4600.0,
E_Chile_Diesel_10s,2035,1404.0000000000002,
E_Uruguay_Biomass_10s,2035,412.7,
E_Uruguay_Diesel_10s,2035,84.0,
E_Argentina_Gas_OCGT_60s,2035,0,
E_Brazil_Gas_OCGT_60s,2035,0,
E_Argentina_Gas_OCGT_70s,2035,0,
E_Brazil_Gas_OCGT_70s,2035,0,
E_Argentina_Gas_OCGT_80s,2035,755.4,
E_Brazil_Gas_OCGT_80s,2035,15.5,
E_Argentina_Gas_OCGT_90s,2035,1757.3,
E_Brazil_Gas_OCGT_90s,2035,110.0,
E_Argentina_Gas_OCGT_00s,2035,931.8,
E_Brazil_Gas_OCGT_00s,2035,2643.6,
E_Argentina_Gas_OCGT_10s,2035,1561.8,
E_Brazil_Gas_OCGT_10s,2035,749.5,
E_Chile_Gas_OCGT_10s,2035,1507.7,
E_Uruguay_Gas_OCGT_10s,2035,265.7,
E_Argentina_Gas_CCGT_60s,2035,0,
E_Brazil_Gas_CCGT_60s,2035,0,
E_Argentina_Gas_CCGT_70s,2035,0,
E_Brazil_Gas_CCGT_70s,2035,0,
E_Argentina_Gas_CCGT_80s,2035,1152.1,
E_Brazil_Gas_CCGT_80s,2035,33.5,
E_Argentina_Gas_CCGT_90s,2035,2680.4,
E_Brazil_Gas_CCGT_90s,2035,238.5,
E_Argentina_Gas_CCGT_00s,2035,1421.2,
E_Brazil_Gas_CCGT_00s,2035,5730.2,
E_Argentina_Gas_CCGT_10s,2035,2382.1,
E_Brazil_Gas_CCGT_10s,2035,1624.7,
E_Chile_Gas_CCGT_10s,2035,1490.4,
E_Argentina_Biomass_2015_rest,2035,46.0,
E_Argentina_Gas_CCGT_2002_rest,2035,3389.7999999999997,
E_Argentina_Gas_OCGT_2002_rest,2035,2222.4,
E_Argentina_Nuclear_2015_rest,2035,1755.0,
E_Brazil_Biomass_2006_rest,2035,1224.5,
E_Brazil_Coal_Sub_1996_rest,2035,3063.2,
E_Brazil_Gas_CCGT_2005_rest,2035,3331.0,
E_Brazil_Gas_OCGT_2005_rest,2035,1536.8000000000002,
E_Brazil_Nuclear_2015_rest,2035,1990.0,
E_Chile_Biomass_2015_rest,2035,88.10000000000002,
E_Chile_Gas_CCGT_2015_rest,2035,1947.6,
E_Chile_Gas_OCGT_2015_rest,2035,1970.3,
E_Chile_Geothermal_2015_rest,2035,40.0,
E_Paraguay_Biomass_2015_rest,2035,22.0,
E_Paraguay_Diesel_2015_rest,2035,25.0,
E_Uruguay_Biomass_2015_rest,2035,12.300000000000011,
E_Uruguay_Gas_OCGT_2015_rest,2035,840.3,
E_Hydro_Argentina_Colorado,2035,74.0,
E_Hydro_Argentina_De_la_Plata,2035,1992.0,
E_Hydro_Argentina_Futaleufu,2035,472.0,
E_Hydro_Argentina_Negro,2035,4199.0,
E_Hydro_Argentina_Unknown,2035,328.0,
E_Hydro_Brazil_Amazonas,2035,8836.0,
E_Hydro_Brazil_De_la_Plata,2035,26062.0,
E_Hydro_Brazil_Doce,2035,131.0,
E_Hydro_Brazil_Jacui_Camaqua_Jaguaron,2035,662.0,
E_Hydro_Brazil_Paraiba_do_Sul,2035,408.0,
E_Hydro_Brazil_Paranaiba,2035,225.0,
E_Hydro_Brazil_Sao_Francisco,2035,6416.0,
E_Hydro_Brazil_Unknown,2035,15657.0,
E_Hydro_Chile_Maule_Itata,2035,400.0,
E_Hydro_Chile_Unknown,2035,377.0,
E_Hydro_Paraguay_De_la_Plata,2035,8810.0,
E_Hydro_Uruguay_De_la_Plata,2035,593.0,
E_Hydro_Argentina_wb_rest,2035,4245.0,
E_Hydro_Brazil_wb_rest,2035,46206.0,
E_Hydro_Chile_wb_rest,2035,6172.0,
E_Hydro_Uruguay_wb_rest,2035,945.0,
E_Argentina_SolarPV,2035,439.0,
E_Argentina_Wind,2035,1609.0,
E_Brazil_SolarPV,2035,2074.0,
E_Brazil_Wind,2035,1487.0,
E_Chile_SolarPV,2035,3258.0,
E_Chile_Wind,2035,2507.0,
E_Uruguay_SolarPV,2035,256.0,
E_Uruguay_Wind,2035,1514.0,
E_Argentina_Coal_Sub_60s,2040,0,
E_Brazil_Biomass_60s,2040,0,
E_Brazil_Coal_Sub_60s,2040,0,
E_Argentina_Coal_Sub_70s,2040,0,
E_Brazil_Biomass_70s,2040,0,
E_Brazil_Coal_Sub_70s,2040,708.0,
E_Argentina_Coal_Sub_80s,2040,1982.2,
E_Brazil_Biomass_80s,2040,0,
E_Argentina_Coal_Sub_90s,2040,981.0,
E_Brazil_Biomass_90s,2040,979.0,
E_Brazil_Coal_Sub_90s,2040,387.4,
E_Argentina_Diesel_00s,2040,468.8,
E_Brazil_Biomass_00s,2040,3923.8,
E_Brazil_Coal_Sub_00s,2040,297.1,
E_Brazil_Diesel_00s,2040,180.79999999999973,
E_Argentina_Coal_Sub_10s,2040,13.2,
E_Argentina_Diesel_10s,2040,1194.2,
E_Brazil_Biomass_10s,2040,6653.9,
E_Brazil_Coal_Sub_10s,2040,1148.3,
E_Brazil_Diesel_10s,2040,4116.2,
E_Chile_Biomass_10s,2040,383.9,
E_Chile_Coal_Sub_10s,2040,4600.0,
E_Chile_Diesel_10s,2040,1404.0000000000002,
E_Uruguay_Biomass_10s,2040,412.7,
E_Uruguay_Diesel_10s,2040,84.0,
E_Argentina_Gas_OCGT_60s,2040,0,
E_Brazil_Gas_OCGT_60s,2040,0,
E_Argentina_Gas_OCGT_70s,2040,0,
E_Brazil_Gas_OCGT_70s,2040,0,
E_Argentina_Gas_OCGT_80s,2040,755.4,
E_Brazil_Gas_OCGT_80s,2040,15.5,
E_Argentina_Gas_OCGT_90s,2040,1757.3,
E_Brazil_Gas_OCGT_90s,2040,110.0,
E_Argentina_Gas_OCGT_00s,2040,931.8,
E_Brazil_Gas_OCGT_00s,2040,2643.6,
E_Argentina_Gas_OCGT_10s,2040,1561.8,
E_Brazil_Gas_OCGT_10s,2040,749.5,
E_Chile_Gas_OCGT_10s,2040,1507.7,
E_Uruguay_Gas_OCGT_10s,2040,265.7,
E_Argentina_Gas_CCGT_60s,2040,0,
E_Brazil_Gas_CCGT_60s,2040,0,
E_Argentina_Gas_CCGT_70s,2040,0,
E_Brazil_Gas_CCGT_70s,2040,0,
E_Argentina_Gas_CCGT_80s,2040,1152.1,
E_Brazil_Gas_CCGT_80s,2040,33.5,
E_Argentina_Gas_CCGT_90s,2040,2680.4,
E_Brazil_Gas_CCGT_90s,2040,238.5,
E_Argentina_Gas_CCGT_00s,2040,1421.2,
E_Brazil_Gas_CCGT_00s,2040,5730.2,
E_Argentina_Gas_CCGT_10s,2040,2382.1,
E_Brazil_Gas_CCGT_10s,2040,1624.7,
E_Chile_Gas_CCGT_10s,2040,1490.4,
E_Argentina_Biomass_2015_rest,2040,46.0,
E_Argentina_Gas_CCGT_2002_rest,2040,3389.7999999999997,
E_Argentina_Gas_OCGT_2002_rest,2040,2222.4,
E_Argentina_Nuclear_2015_rest,2040,1755.0,
E_Brazil_Biomass_2006_rest,2040,1224.5,
E_Brazil_Coal_Sub_1996_rest,2040,3063.2,
E_Brazil_Gas_CCGT_2005_rest,2040,3331.0,
E_Brazil_Gas_OCGT_2005_rest,2040,1536.8000000000002,
E_Brazil_Nuclear_2015_rest,2040,1990.0,
E_Chile_Biomass_2015_rest,2040,88.10000000000002,
E_Chile_Gas_CCGT_2015_rest,2040,1947.6,
E_Chile_Gas_OCGT_2015_rest,2040,1970.3,
E_Chile_Geothermal_2015_rest,2040,40.0,
E_Paraguay_Biomass_2015_rest,2040,22.0,
E_Paraguay_Diesel_2015_rest,2040,25.0,
E_Uruguay_Biomass_2015_rest,2040,12.300000000000011,
E_Uruguay_Gas_OCGT_2015_rest,2040,840.3,
E_Hydro_Argentina_Colorado,2040,74.0,
E_Hydro_Argentina_De_la_Plata,2040,1992.0,
E_Hydro_Argentina_Futaleufu,2040,472.0,
E_Hydro_Argentina_Negro,2040,4199.0,
E_Hydro_Argentina_Unknown,2040,328.0,
E_Hydro_Brazil_Amazonas,2040,8836.0,
E_Hydro_Brazil_De_la_Plata,2040,26062.0,
E_Hydro_Brazil_Doce,2040,131.0,
E_Hydro_Brazil_Jacui_Camaqua_Jaguaron,2040,662.0,
E_Hydro_Brazil_Paraiba_do_Sul,2040,408.0,
E_Hydro_Brazil_Paranaiba,2040,225.0,
E_Hydro_Brazil_Sao_Francisco,2040,6416.0,
E_Hydro_Brazil_Unknown,2040,15657.0,
E_Hydro_Chile_Maule_Itata,2040,400.0,
E_Hydro_Chile_Unknown,2040,377.0,
E_Hydro_Paraguay_De_la_Plata,2040,8810.0,
E_Hydro_Uruguay_De_la_Plata,2040,593.0,
E_Hydro_Argentina_wb_rest,2040,4245.0,
E_Hydro_Brazil_wb_rest,2040,46206.0,
E_Hydro_Chile_wb_rest,2040,6172.0,
E_Hydro_Uruguay_wb_rest,2040,945.0,
E_Argentina_SolarPV,2040,439.0,
E_Argentina_Wind,2040,1609.0,
E_Brazil_SolarPV,2040,2074.0,
E_Brazil_Wind,2040,1487.0,
E_Chile_SolarPV,2040,3258.0,
E_Chile_Wind,2040,2507.0,
E_Uruguay_SolarPV,2040,256.0,
E_Uruguay_Wind,2040,1514.0,
E_Argentina_Coal_Sub_60s,2045,0,
E_Brazil_Biomass_60s,2045,0,
E_Brazil_Coal_Sub_60s,2045,0,
E_Argentina_Coal_Sub_70s,2045,0,
E_Brazil_Biomass_70s,2045,0,
E_Brazil_Coal_Sub_70s,2045,0,
E_Argentina_Coal_Sub_80s,2045,1982.2,
E_Brazil_Biomass_80s,2045,0,
E_Argentina_Coal_Sub_90s,2045,981.0,
E_Brazil_Biomass_90s,2045,0,
E_Brazil_Coal_Sub_90s,2045,387.4,
E_Argentina_Diesel_00s,2045,468.8,
E_Brazil_Biomass_00s,2045,3923.8,
E_Brazil_Coal_Sub_00s,2045,297.1,
E_Brazil_Diesel_00s,2045,180.79999999999973,
E_Argentina_Coal_Sub_10s,2045,13.2,
E_Argentina_Diesel_10s,2045,1194.2,
E_Brazil_Biomass_10s,2045,6653.9,
E_Brazil_Coal_Sub_10s,2045,1148.3,
E_Brazil_Diesel_10s,2045,4116.2,
E_Chile_Biomass_10s,2045,383.9,
E_Chile_Coal_Sub_10s,2045,4600.0,
E_Chile_Diesel_10s,2045,1404.0000000000002,
E_Uruguay_Biomass_10s,2045,412.7,
E_Uruguay_Diesel_10s,2045,84.0,
E_Argentina_Gas_OCGT_60s,2045,0,
E_Brazil_Gas_OCGT_60s,2045,0,
E_Argentina_Gas_OCGT_70s,2045,0,
E_Brazil_Gas_OCGT_70s,2045,0,
E_Argentina_Gas_OCGT_80s,2045,0,
E_Brazil_Gas_OCGT_80s,2045,0,
E_Argentina_Gas_OCGT_90s,2045,1757.3,
E_Brazil_Gas_OCGT_90s,2045,110.0,
E_Argentina_Gas_OCGT_00s,2045,931.8,
E_Brazil_Gas_OCGT_00s,2045,2643.6,
E_Argentina_Gas_OCGT_10s,2045,1561.8,
E_Brazil_Gas_OCGT_10s,2045,749.5,
E_Chile_Gas_OCGT_10s,2045,1507.7,
E_Uruguay_Gas_OCGT_10s,2045,265.7,
E_Argentina_Gas_CCGT_60s,2045,0,
E_Brazil_Gas_CCGT_60s,2045,0,
E_Argentina_Gas_CCGT_70s,2045,0,
E_Brazil_Gas_CCGT_70s,2045,0,
E_Argentina_Gas_CCGT_80s,2045,0,
E_Brazil_Gas_CCGT_80s,2045,0,
E_Argentina_Gas_CCGT_90s,2045,2680.4,
E_Brazil_Gas_CCGT_90s,2045,238.5,
E_Argentina_Gas_CCGT_00s,2045,1421.2,
E_Brazil_Gas_CCGT_00s,2045,5730.2,
E_Argentina_Gas_CCGT_10s,2045,2382.1,
E_Brazil_Gas_CCGT_10s,2045,1624.7,
E_Chile_Gas_CCGT_10s,2045,1490.4,
E_Argentina_Biomass_2015_rest,2045,46.0,
E_Argentina_Gas_CCGT_2002_rest,2045,3389.7999999999997,
E_Argentina_Gas_OCGT_2002_rest,2045,2222.4,
E_Argentina_Nuclear_2015_rest,2045,1755.0,
E_Brazil_Biomass_2006_rest,2045,1224.5,
E_Brazil_Coal_Sub_1996_rest,2045,3063.2,
E_Brazil_Gas_CCGT_2005_rest,2045,3331.0,
E_Brazil_Gas_OCGT_2005_rest,2045,1536.8000000000002,
E_Brazil_Nuclear_2015_rest,2045,1990.0,
E_Chile_Biomass_2015_rest,2045,88.10000000000002,
E_Chile_Gas_CCGT_2015_rest,2045,1947.6,
E_Chile_Gas_OCGT_2015_rest,2045,1970.3,
E_Chile_Geothermal_2015_rest,2045,40.0,
E_Paraguay_Biomass_2015_rest,2045,22.0,
E_Paraguay_Diesel_2015_rest,2045,25.0,
E_Uruguay_Biomass_2015_rest,2045,12.300000000000011,
E_Uruguay_Gas_OCGT_2015_rest,2045,840.3,
E_Hydro_Argentina_Colorado,2045,74.0,
E_Hydro_Argentina_De_la_Plata,2045,1992.0,
E_Hydro_Argentina_Futaleufu,2045,472.0,
E_Hydro_Argentina_Negro,2045,4199.0,
E_Hydro_Argentina_Unknown,2045,328.0,
E_Hydro_Brazil_Amazonas,2045,8836.0,
E_Hydro_Brazil_De_la_Plata,2045,26062.0,
E_Hydro_Brazil_Doce,2045,131.0,
E_Hydro_Brazil_Jacui_Camaqua_Jaguaron,2045,662.0,
E_Hydro_Brazil_Paraiba_do_Sul,2045,408.0,
E_Hydro_Brazil_Paranaiba,2045,225.0,
E_Hydro_Brazil_Sao_Francisco,2045,6416.0,
E_Hydro_Brazil_Unknown,2045,15657.0,
E_Hydro_Chile_Maule_Itata,2045,400.0,
E_Hydro_Chile_Unknown,2045,377.0,
E_Hydro_Paraguay_De_la_Plata,2045,8810.0,
E_Hydro_Uruguay_De_la_Plata,2045,593.0,
E_Hydro_Argentina_wb_rest,2045,4245.0,
E_Hydro_Brazil_wb_rest,2045,46206.0,
E_Hydro_Chile_wb_rest,2045,6172.0,
E_Hydro_Uruguay_wb_rest,2045,945.0,
E_Argentina_SolarPV,2045,439.0,
E_Argentina_Wind,2045,1609.0,
E_Brazil_SolarPV,2045,2074.0,
E_Brazil_Wind,2045,1487.0,
E_Chile_SolarPV,2045,3258.0,
E_Chile_Wind,2045,2507.0,
E_Uruguay_SolarPV,2045,256.0,
E_Uruguay_Wind,2045,1514.0,
E_Argentina_Coal_Sub_60s,2050,0,
E_Brazil_Biomass_60s,2050,0,
E_Brazil_Coal_Sub_60s,2050,0,
E_Argentina_Coal_Sub_70s,2050,0,
E_Brazil_Biomass_70s,2050,0,
E_Brazil_Coal_Sub_70s,2050,0,
E_Argentina_Coal_Sub_80s,2050,0,
E_Brazil_Biomass_80s,2050,0,
E_Argentina_Coal_Sub_90s,2050,981.0,
E_Brazil_Biomass_90s,2050,0,
E_Brazil_Coal_Sub_90s,2050,387.4,
E_Argentina_Diesel_00s,2050,468.8,
E_Brazil_Biomass_00s,2050,3923.8,
E_Brazil_Coal_Sub_00s,2050,297.1,
E_Brazil_Diesel_00s,2050,180.79999999999973,
E_Argentina_Coal_Sub_10s,2050,13.2,
E_Argentina_Diesel_10s,2050,1194.2,
E_Brazil_Biomass_10s,2050,6653.9,
E_Brazil_Coal_Sub_10s,2050,1148.3,
E_Brazil_Diesel_10s,2050,4116.2,
E_Chile_Biomass_10s,2050,383.9,
E_Chile_Coal_Sub_10s,2050,4600.0,
E_Chile_Diesel_10s,2050,1404.0000000000002,
E_Uruguay_Biomass_10s,2050,412.7,
E_Uruguay_Diesel_10s,2050,84.0,
E_Argentina_Gas_OCGT_60s,2050,0,
E_Brazil_Gas_OCGT_60s,2050,0,
E_Argentina_Gas_OCGT_70s,2050,0,
E_Brazil_Gas_OCGT_70s,2050,0,
E_Argentina_Gas_OCGT_80s,2050,0,
E_Brazil_Gas_OCGT_80s,2050,0,
E_Argentina_Gas_OCGT_90s,2050,1757.3,
E_Brazil_Gas_OCGT_90s,2050,110.0,
E_Argentina_Gas_OCGT_00s,2050,931.8,
E_Brazil_Gas_OCGT_00s,2050,2643.6,
E_Argentina_Gas_OCGT_10s,2050,1561.8,
E_Brazil_Gas_OCGT_10s,2050,749.5,
E_Chile_Gas_OCGT_10s,2050,1507.7,
E_Uruguay_Gas_OCGT_10s,2050,265.7,
E_Argentina_Gas_CCGT_60s,2050,0,
E_Brazil_Gas_CCGT_60s,2050,0,
E_Argentina_Gas_CCGT_70s,2050,0,
E_Brazil_Gas_CCGT_70s,2050,0,
E_Argentina_Gas_CCGT_80s,2050,0,
E_Brazil_Gas_CCGT_80s,2050,0,
E_Argentina_Gas_CCGT_90s,2050,2680.4,
E_Brazil_Gas_CCGT_90s,2050,238.5,
E_Argentina_Gas_CCGT_00s,2050,1421.2,
E_Brazil_Gas_CCGT_00s,2050,5730.2,
E_Argentina_Gas_CCGT_10s,2050,2382.1,
E_Brazil_Gas_CCGT_10s,2050,1624.7,
E_Chile_Gas_CCGT_10s,2050,1490.4,
E_Argentina_Biomass_2015_rest,2050,46.0,
E_Argentina_Gas_CCGT_2002_rest,2050,3389.7999999999997,
E_Argentina_Gas_OCGT_2002_rest,2050,2222.4,
E_Argentina_Nuclear_2015_rest,2050,1755.0,
E_Brazil_Biomass_2006_rest,2050,1224.5,
E_Brazil_Coal_Sub_1996_rest,2050,3063.2,
E_Brazil_Gas_CCGT_2005_rest,2050,3331.0,
E_Brazil_Gas_OCGT_2005_rest,2050,1536.8000000000002,
E_Brazil_Nuclear_2015_rest,2050,1990.0,
E_Chile_Biomass_2015_rest,2050,88.10000000000002,
E_Chile_Gas_CCGT_2015_rest,2050,1947.6,
E_Chile_Gas_OCGT_2015_rest,2050,1970.3,
E_Chile_Geothermal_2015_rest,2050,40.0,
E_Paraguay_Biomass_2015_rest,2050,22.0,
E_Paraguay_Diesel_2015_rest,2050,25.0,
E_Uruguay_Biomass_2015_rest,2050,12.300000000000011,
E_Uruguay_Gas_OCGT_2015_rest,2050,840.3,
E_Hydro_Argentina_Colorado,2050,0,
E_Hydro_Argentina_De_la_Plata,2050,1992.0,
E_Hydro_Argentina_Futaleufu,2050,472.0,
E_Hydro_Argentina_Negro,2050,4199.0,
E_Hydro_Argentina_Unknown,2050,328.0,
E_Hydro_Brazil_Amazonas,2050,8836.0,
E_Hydro_Brazil_De_la_Plata,2050,26062.0,
E_Hydro_Brazil_Doce,2050,131.0,
E_Hydro_Brazil_Jacui_Camaqua_Jaguaron,2050,662.0,
E_Hydro_Brazil_Paraiba_do_Sul,2050,408.0,
E_Hydro_Brazil_Paranaiba,2050,225.0,
E_Hydro_Brazil_Sao_Francisco,2050,6416.0,
E_Hydro_Brazil_Unknown,2050,15657.0,
E_Hydro_Chile_Maule_Itata,2050,400.0,
E_Hydro_Chile_Unknown,2050,377.0,
E_Hydro_Paraguay_De_la_Plata,2050,8810.0,
E_Hydro_Uruguay_De_la_Plata,2050,593.0,
E_Hydro_Argentina_wb_rest,2050,4245.0,
E_Hydro_Brazil_wb_rest,2050,46206.0,
E_Hydro_Chile_wb_rest,2050,6172.0,
E_Hydro_Uruguay_wb_rest,2050,945.0,
E_Argentina_SolarPV,2050,0,
E_Argentina_Wind,2050,0,
E_Brazil_SolarPV,2050,0,
E_Brazil_Wind,2050,0,
E_Chile_SolarPV,2050,0,
E_Chile_Wind,2050,0,
E_Uruguay_SolarPV,2050,0,
E_Uruguay_Wind,2050,0,
