optional_feature_or_subscenarios,prm15_fix_wcost_re1_c2p1_tnt1,prm15_fix_wcost_re2_c2p1_tnt1,prm15_fix_wcost_re3_c2p1_tnt1,prm15_fix_wcost_re4_c2p1_tnt1,prm15_fix_wcost_re5_c2p1_tnt1,prm15_fix_wcost_re6_c2p1_tnt1,prm15_fix_wcost_re7_c2p1_tnt1,prm15_fix_wcost_re8_c2p1_tnt1,prm15_fix_wcost_re9_c2p1_tnt1,prm15_fix_wcost_re10_c2p1_tnt1,prm15_fix_wcost_re11_c2p1_tnt1,prm15_fix_wcost_re12_c2p1_tnt1,prm15_fix_wcost_re13_c2p1_tnt1,prm15_fix_wcost_re14_c2p1_tnt1,prm15_fix_wcost_re15_c2p1_tnt1,prm15_fix_wcost_re16_c2p1_tnt1,prm15_fix_wcost_re17_c2p1_tnt1,prm15_fix_wcost_re18_c2p1_tnt1,prm15_fix_wcost_re19_c2p1_tnt1,prm15_fix_wcost_re20_c2p1_tnt1,prm15_fix_wcost_re1_c2p1_co2_cut90p_tnt1,prm15_fix_wcost_re2_c2p1_co2_cut90p_tnt1,prm15_fix_wcost_re3_c2p1_co2_cut90p_tnt1,prm15_fix_wcost_re4_c2p1_co2_cut90p_tnt1,prm15_fix_wcost_re5_c2p1_co2_cut90p_tnt1,prm15_fix_wcost_re6_c2p1_co2_cut90p_tnt1,prm15_fix_wcost_re7_c2p1_co2_cut90p_tnt1,prm15_fix_wcost_re8_c2p1_co2_cut90p_tnt1,prm15_fix_wcost_re9_c2p1_co2_cut90p_tnt1,prm15_fix_wcost_re10_c2p1_co2_cut90p_tnt1,prm15_fix_wcost_re11_c2p1_co2_cut90p_tnt1,prm15_fix_wcost_re12_c2p1_co2_cut90p_tnt1,prm15_fix_wcost_re13_c2p1_co2_cut90p_tnt1,prm15_fix_wcost_re14_c2p1_co2_cut90p_tnt1,prm15_fix_wcost_re15_c2p1_co2_cut90p_tnt1,prm15_fix_wcost_re16_c2p1_co2_cut90p_tnt1,prm15_fix_wcost_re17_c2p1_co2_cut90p_tnt1,prm15_fix_wcost_re18_c2p1_co2_cut90p_tnt1,prm15_fix_wcost_re19_c2p1_co2_cut90p_tnt1,prm15_fix_wcost_re20_c2p1_co2_cut90p_tnt1
of_transmission,1,1,1,1,1,1,1,1,1,1,1,1,1,1,1,1,1,1,1,1,1,1,1,1,1,1,1,1,1,1,1,1,1,1,1,1,1,1,1,1
of_transmission_hurdle_rates,,,,,,,,,,,,,,,,,,,,,,,,,,,,,,,,,,,,,,,,
of_simultaneous_flow_limits,,,,,,,,,,,,,,,,,,,,,,,,,,,,,,,,,,,,,,,,
of_lf_reserves_up,,,,,,,,,,,,,,,,,,,,,,,,,,,,,,,,,,,,,,,,
of_lf_reserves_down,,,,,,,,,,,,,,,,,,,,,,,,,,,,,,,,,,,,,,,,
of_regulation_up,,,,,,,,,,,,,,,,,,,,,,,,,,,,,,,,,,,,,,,,
of_regulation_down,,,,,,,,,,,,,,,,,,,,,,,,,,,,,,,,,,,,,,,,
of_frequency_response,,,,,,,,,,,,,,,,,,,,,,,,,,,,,,,,,,,,,,,,
of_spinning_reserves,,,,,,,,,,,,,,,,,,,,,,,,,,,,,,,,,,,,,,,,
of_rps,,,,,,,,,,,,,,,,,,,,,,,,,,,,,,,,,,,,,,,,
of_carbon_cap,,,,,,,,,,,,,,,,,,,,,1,1,1,1,1,1,1,1,1,1,1,1,1,1,1,1,1,1,1,1
of_track_carbon_imports,,,,,,,,,,,,,,,,,,,,,,,,,,,,,,,,,,,,,,,,
of_prm,1,1,1,1,1,1,1,1,1,1,1,1,1,1,1,1,1,1,1,1,1,1,1,1,1,1,1,1,1,1,1,1,1,1,1,1,1,1,1,1
of_local_capacity,,,,,,,,,,,,,,,,,,,,,,,,,,,,,,,,,,,,,,,,
of_elcc_surface,,,,,,,,,,,,,,,,,,,,,,,,,,,,,,,,,,,,,,,,
of_markets,,,,,,,,,,,,,,,,,,,,,,,,,,,,,,,,,,,,,,,,
of_tuning,,,,,,,,,,,,,,,,,,,,,,,,,,,,,,,,,,,,,,,,
temporal_scenario_id,1,1,1,1,1,1,1,1,1,1,1,1,1,1,1,1,1,1,1,1,1,1,1,1,1,1,1,1,1,1,1,1,1,1,1,1,1,1,1,1
load_zone_scenario_id,1,1,1,1,1,1,1,1,1,1,1,1,1,1,1,1,1,1,1,1,1,1,1,1,1,1,1,1,1,1,1,1,1,1,1,1,1,1,1,1
load_scenario_id,1,1,1,1,1,1,1,1,1,1,1,1,1,1,1,1,1,1,1,1,1,1,1,1,1,1,1,1,1,1,1,1,1,1,1,1,1,1,1,1
project_portfolio_scenario_id,10,10,10,10,10,10,10,10,10,10,10,10,10,10,10,10,10,10,10,10,10,10,10,10,10,10,10,10,10,10,10,10,10,10,10,10,10,10,10,10
project_operational_chars_scenario_id,1,2,3,4,5,6,7,8,9,10,11,12,13,14,15,16,17,18,19,20,1,2,3,4,5,6,7,8,9,10,11,12,13,14,15,16,17,18,19,20
project_availability_scenario_id,1,1,1,1,1,1,1,1,1,1,1,1,1,1,1,1,1,1,1,1,1,1,1,1,1,1,1,1,1,1,1,1,1,1,1,1,1,1,1,1
project_load_zone_scenario_id,1,1,1,1,1,1,1,1,1,1,1,1,1,1,1,1,1,1,1,1,1,1,1,1,1,1,1,1,1,1,1,1,1,1,1,1,1,1,1,1
project_elcc_chars_scenario_id,1,1,1,1,1,1,1,1,1,1,1,1,1,1,1,1,1,1,1,1,1,1,1,1,1,1,1,1,1,1,1,1,1,1,1,1,1,1,1,1
project_specified_capacity_scenario_id,101,102,103,104,105,106,107,108,109,110,111,112,113,114,115,116,117,118,119,120,121,122,123,124,125,126,127,128,129,130,131,132,133,134,135,136,137,138,139,140
project_specified_fixed_cost_scenario_id,101,102,103,104,105,106,107,108,109,110,111,112,113,114,115,116,117,118,119,120,121,122,123,124,125,126,127,128,129,130,131,132,133,134,135,136,137,138,139,140
fuel_scenario_id,1,1,1,1,1,1,1,1,1,1,1,1,1,1,1,1,1,1,1,1,1,1,1,1,1,1,1,1,1,1,1,1,1,1,1,1,1,1,1,1
fuel_price_scenario_id,1,1,1,1,1,1,1,1,1,1,1,1,1,1,1,1,1,1,1,1,1,1,1,1,1,1,1,1,1,1,1,1,1,1,1,1,1,1,1,1
project_new_cost_scenario_id,,,,,,,,,,,,,,,,,,,,,,,,,,,,,,,,,,,,,,,,
project_new_potential_scenario_id,,,,,,,,,,,,,,,,,,,,,,,,,,,,,,,,,,,,,,,,
project_new_binary_build_size_scenario_id,,,,,,,,,,,,,,,,,,,,,,,,,,,,,,,,,,,,,,,,
project_capacity_group_requirement_scenario_id,,,,,,,,,,,,,,,,,,,,,,,,,,,,,,,,,,,,,,,,
project_capacity_group_scenario_id,,,,,,,,,,,,,,,,,,,,,,,,,,,,,,,,,,,,,,,,
transmission_portfolio_scenario_id,1,1,1,1,1,1,1,1,1,1,1,1,1,1,1,1,1,1,1,1,1,1,1,1,1,1,1,1,1,1,1,1,1,1,1,1,1,1,1,1
transmission_load_zone_scenario_id,1,1,1,1,1,1,1,1,1,1,1,1,1,1,1,1,1,1,1,1,1,1,1,1,1,1,1,1,1,1,1,1,1,1,1,1,1,1,1,1
transmission_specified_capacity_scenario_id,1,1,1,1,1,1,1,1,1,1,1,1,1,1,1,1,1,1,1,1,1,1,1,1,1,1,1,1,1,1,1,1,1,1,1,1,1,1,1,1
transmission_operational_chars_scenario_id,1,1,1,1,1,1,1,1,1,1,1,1,1,1,1,1,1,1,1,1,1,1,1,1,1,1,1,1,1,1,1,1,1,1,1,1,1,1,1,1
transmission_hurdle_rate_scenario_id,,,,,,,,,,,,,,,,,,,,,,,,,,,,,,,,,,,,,,,,
transmission_new_cost_scenario_id,,,,,,,,,,,,,,,,,,,,,,,,,,,,,,,,,,,,,,,,
transmission_carbon_cap_zone_scenario_id,,,,,,,,,,,,,,,,,,,,,,,,,,,,,,,,,,,,,,,,
transmission_simultaneous_flow_limit_scenario_id,,,,,,,,,,,,,,,,,,,,,,,,,,,,,,,,,,,,,,,,
transmission_simultaneous_flow_limit_line_group_scenario_id,,,,,,,,,,,,,,,,,,,,,,,,,,,,,,,,,,,,,,,,
lf_reserves_up_scenario_id,,,,,,,,,,,,,,,,,,,,,,,,,,,,,,,,,,,,,,,,
lf_reserves_up_ba_scenario_id,,,,,,,,,,,,,,,,,,,,,,,,,,,,,,,,,,,,,,,,
project_lf_reserves_up_ba_scenario_id,,,,,,,,,,,,,,,,,,,,,,,,,,,,,,,,,,,,,,,,
lf_reserves_down_scenario_id,,,,,,,,,,,,,,,,,,,,,,,,,,,,,,,,,,,,,,,,
lf_reserves_down_ba_scenario_id,,,,,,,,,,,,,,,,,,,,,,,,,,,,,,,,,,,,,,,,
project_lf_reserves_down_ba_scenario_id,,,,,,,,,,,,,,,,,,,,,,,,,,,,,,,,,,,,,,,,
regulation_up_scenario_id,,,,,,,,,,,,,,,,,,,,,,,,,,,,,,,,,,,,,,,,
regulation_up_ba_scenario_id,,,,,,,,,,,,,,,,,,,,,,,,,,,,,,,,,,,,,,,,
project_regulation_up_ba_scenario_id,,,,,,,,,,,,,,,,,,,,,,,,,,,,,,,,,,,,,,,,
regulation_down_scenario_id,,,,,,,,,,,,,,,,,,,,,,,,,,,,,,,,,,,,,,,,
regulation_down_ba_scenario_id,,,,,,,,,,,,,,,,,,,,,,,,,,,,,,,,,,,,,,,,
project_regulation_down_ba_scenario_id,,,,,,,,,,,,,,,,,,,,,,,,,,,,,,,,,,,,,,,,
frequency_response_scenario_id,1,1,1,1,1,1,1,1,1,1,1,1,1,1,1,1,1,1,1,1,1,1,1,1,1,1,1,1,1,1,1,1,1,1,1,1,1,1,1,1
frequency_response_ba_scenario_id,1,1,1,1,1,1,1,1,1,1,1,1,1,1,1,1,1,1,1,1,1,1,1,1,1,1,1,1,1,1,1,1,1,1,1,1,1,1,1,1
project_frequency_response_ba_scenario_id,1,1,1,1,1,1,1,1,1,1,1,1,1,1,1,1,1,1,1,1,1,1,1,1,1,1,1,1,1,1,1,1,1,1,1,1,1,1,1,1
spinning_reserves_scenario_id,1,1,1,1,1,1,1,1,1,1,1,1,1,1,1,1,1,1,1,1,1,1,1,1,1,1,1,1,1,1,1,1,1,1,1,1,1,1,1,1
spinning_reserves_ba_scenario_id,1,1,1,1,1,1,1,1,1,1,1,1,1,1,1,1,1,1,1,1,1,1,1,1,1,1,1,1,1,1,1,1,1,1,1,1,1,1,1,1
project_spinning_reserves_ba_scenario_id,1,1,1,1,1,1,1,1,1,1,1,1,1,1,1,1,1,1,1,1,1,1,1,1,1,1,1,1,1,1,1,1,1,1,1,1,1,1,1,1
rps_target_scenario_id,,,,,,,,,,,,,,,,,,,,,,,,,,,,,,,,,,,,,,,,
rps_zone_scenario_id,,,,,,,,,,,,,,,,,,,,,,,,,,,,,,,,,,,,,,,,
project_rps_zone_scenario_id,,,,,,,,,,,,,,,,,,,,,,,,,,,,,,,,,,,,,,,,
carbon_cap_target_scenario_id,,,,,,,,,,,,,,,,,,,,,1,1,1,1,1,1,1,1,1,1,1,1,1,1,1,1,1,1,1,1
carbon_cap_zone_scenario_id,,,,,,,,,,,,,,,,,,,,,1,1,1,1,1,1,1,1,1,1,1,1,1,1,1,1,1,1,1,1
project_carbon_cap_zone_scenario_id,,,,,,,,,,,,,,,,,,,,,1,1,1,1,1,1,1,1,1,1,1,1,1,1,1,1,1,1,1,1
prm_requirement_scenario_id,1,1,1,1,1,1,1,1,1,1,1,1,1,1,1,1,1,1,1,1,1,1,1,1,1,1,1,1,1,1,1,1,1,1,1,1,1,1,1,1
prm_zone_scenario_id,1,1,1,1,1,1,1,1,1,1,1,1,1,1,1,1,1,1,1,1,1,1,1,1,1,1,1,1,1,1,1,1,1,1,1,1,1,1,1,1
project_prm_zone_scenario_id,1,1,1,1,1,1,1,1,1,1,1,1,1,1,1,1,1,1,1,1,1,1,1,1,1,1,1,1,1,1,1,1,1,1,1,1,1,1,1,1
prm_energy_only_scenario_id,,,,,,,,,,,,,,,,,,,,,,,,,,,,,,,,,,,,,,,,
elcc_surface_scenario_id,,,,,,,,,,,,,,,,,,,,,,,,,,,,,,,,,,,,,,,,
local_capacity_requirement_scenario_id,,,,,,,,,,,,,,,,,,,,,,,,,,,,,,,,,,,,,,,,
local_capacity_zone_scenario_id,,,,,,,,,,,,,,,,,,,,,,,,,,,,,,,,,,,,,,,,
project_local_capacity_zone_scenario_id,,,,,,,,,,,,,,,,,,,,,,,,,,,,,,,,,,,,,,,,
project_local_capacity_chars_scenario_id,,,,,,,,,,,,,,,,,,,,,,,,,,,,,,,,,,,,,,,,
tuning_scenario_id,,,,,,,,,,,,,,,,,,,,,,,,,,,,,,,,,,,,,,,,
solver_options_id,4,4,4,4,4,4,4,4,4,4,4,4,4,4,4,4,4,4,4,4,4,4,4,4,4,4,4,4,4,4,4,4,4,4,4,4,4,4,4,4
market_scenario_id,,,,,,,,,,,,,,,,,,,,,,,,,,,,,,,,,,,,,,,,
load_zone_market_scenario_id,,,,,,,,,,,,,,,,,,,,,,,,,,,,,,,,,,,,,,,,
market_price_scenario_id,,,,,,,,,,,,,,,,,,,,,,,,,,,,,,,,,,,,,,,,
market_volume_scenario_id,,,,,,,,,,,,,,,,,,,,,,,,,,,,,,,,,,,,,,,,