scenario,technology_wind,load_zone,new_build_mw_wind,cap_mw_wind,new_cap_mw_wind,emis_policy,exist_trd,op_char,fixed_pv,pol,group,technology_solar,new_build_mw_solar,cap_mw_solar,new_cap_mw_solar,pref
prm15_wcost_re13_c2p1_t1,Wind,Argentina,585.0,631578.0,585.0,0,1,13,1,"NoCut,Lim",11,SolarPV,1878.8,68590.4,1878.8,0.23743810374218685
prm15_wcost_re13_c2p1_t1,Wind,Brazil,42544.678027807466,281991.0,42544.678027807466,0,1,13,1,"NoCut,Lim",11,SolarPV,114479.8,134739.3,114479.8,0.2709429673778201
prm15_wcost_re13_c2p1_t1,Wind,Chile,0.0,25245.0,0.0,0,1,13,1,"NoCut,Lim",11,SolarPV,0.0,94117.1,0.0,
prm15_wcost_re13_c2p1_t1,Wind,Paraguay,0.0,80313.0,0.0,0,1,13,1,"NoCut,Lim",11,SolarPV,2488.6233168875924,11360.1,2488.6233168875924,0.0
prm15_wcost_re13_c2p1_t1,Wind,Uruguay,7709.872733686067,102552.0,7709.872733686067,0,1,13,1,"NoCut,Lim",11,SolarPV,3957.6207322724927,8111.2,3957.6207322724927,0.6607994044462617
prm15_wcost_re4_c2p1_t1,Wind,Paraguay,0.0,80313.0,0.0,0,1,4,0,"NoCut,Lim",10,SolarPV,6146.4953248761885,11360.1,6146.4953248761885,0.0
prm15_wcost_re4_c2p1_t1,Wind,Chile,0.0,25245.0,0.0,0,1,4,0,"NoCut,Lim",10,SolarPV,6566.879393697939,94117.1,6566.879393697939,0.0
prm15_wcost_re4_c2p1_t1,Wind,Brazil,47275.09642138583,281991.0,47275.09642138583,0,1,4,0,"NoCut,Lim",10,SolarPV,127785.7,134739.3,127785.7,0.27004959070099716
prm15_wcost_re4_c2p1_t1,Wind,Argentina,0.0,631578.0,0.0,0,1,4,0,"NoCut,Lim",10,SolarPV,7134.310606093099,68590.4,7134.310606093099,0.0
prm15_wcost_re4_c2p1_t1,Wind,Uruguay,6622.161585355635,102552.0,6622.161585355635,0,1,4,0,"NoCut,Lim",10,SolarPV,4117.086027475342,8111.2,4117.086027475342,0.6166317999264349
prm15_wcost_re12_c2p1_t1,Wind,Paraguay,114.97840163601856,80313.0,114.97840163601856,0,1,12,1,"NoCut,Lim",11,SolarPV,2571.0460592699355,11360.1,2571.0460592699355,0.04280616327568296
prm15_wcost_re12_c2p1_t1,Wind,Uruguay,7651.403284671533,102552.0,7651.403284671533,0,1,12,1,"NoCut,Lim",11,SolarPV,3351.5398290852872,8111.2,3351.5398290852872,0.6953960595420232
prm15_wcost_re15_c2p1_t1,Wind,Paraguay,144.35510258146323,80313.0,144.35510258146323,0,1,15,1,"NoCut,Lim",11,SolarPV,2576.645513732091,11360.1,2576.645513732091,0.05305221237951697
prm15_wcost_re16_c2p1_t1,Wind,Uruguay,7329.189917907082,102552.0,7329.189917907082,0,1,16,1,"NoCut,Lim",11,SolarPV,2748.715863163657,8111.2,2748.715863163657,0.7272532683996162
prm15_wcost_re5_c2p1_t1,Wind,Uruguay,6648.635064140196,102552.0,6648.635064140196,0,1,5,0,"NoCut,Lim",10,SolarPV,3754.941805602406,8111.2,3754.941805602406,0.6390720371833704
prm15_wcost_re5_c2p1_t1,Wind,Paraguay,48.83068719731842,80313.0,48.83068719731842,0,1,5,0,"NoCut,Lim",10,SolarPV,6060.2,11360.1,6060.2,0.007993197234980794
prm15_wcost_re5_c2p1_t1,Wind,Chile,0.0,25245.0,0.0,0,1,5,0,"NoCut,Lim",10,SolarPV,6566.879393697936,94117.1,6566.879393697936,0.0
prm15_wcost_re5_c2p1_t1,Wind,Brazil,51231.0,281991.0,51231.0,0,1,5,0,"NoCut,Lim",10,SolarPV,122906.79867398652,134739.3,122906.79867398652,0.2941980453991642
prm15_wcost_re5_c2p1_t1,Wind,Argentina,0.0,631578.0,0.0,0,1,5,0,"NoCut,Lim",10,SolarPV,6474.467052270434,68590.4,6474.467052270434,0.0
prm15_wcost_re16_c2p1_t1,Wind,Paraguay,1840.707797398877,80313.0,1840.707797398877,0,1,16,1,"NoCut,Lim",11,SolarPV,3700.5,11360.1,3700.5,0.3321853041250198
prm15_wcost_re16_c2p1_t1,Wind,Chile,0.0,25245.0,0.0,0,1,16,1,"NoCut,Lim",11,SolarPV,0.0,94117.1,0.0,
prm15_wcost_re16_c2p1_t1,Wind,Brazil,95582.68241786798,281991.0,95582.68241786798,0,1,16,1,"NoCut,Lim",11,SolarPV,54041.5,134739.3,54041.5,0.6388184107227147
prm15_wcost_re16_c2p1_t1,Wind,Argentina,8318.068708627894,631578.0,8318.068708627894,0,1,16,1,"NoCut,Lim",11,SolarPV,0.0,68590.4,0.0,1.0
prm15_wcost_re1_c2p1_t1,Wind,Argentina,8991.0,631578.0,8991.0,0,1,1,0,"NoCut,Lim",10,SolarPV,5089.910608246093,68590.4,5089.910608246093,0.6385240450809105
prm15_wcost_re12_c2p1_t1,Wind,Chile,0.0,25245.0,0.0,0,1,12,1,"NoCut,Lim",11,SolarPV,0.0,94117.1,0.0,
prm15_wcost_re1_c2p1_t1,Wind,Brazil,80235.0,281991.0,80235.0,0,1,1,0,"NoCut,Lim",10,SolarPV,115561.8,134739.3,115561.8,0.40978708538648234
prm15_wcost_re1_c2p1_t1,Wind,Paraguay,1880.9891765592092,80313.0,1880.9891765592092,0,1,1,0,"NoCut,Lim",10,SolarPV,3872.641092151616,11360.1,3872.641092151616,0.3269221497926854
prm15_wcost_re20_c2p1_t1,Wind,Argentina,12750.0,631578.0,12750.0,0,1,20,1,"NoCut,Lim",11,SolarPV,0.0,68590.4,0.0,1.0
prm15_wcost_re20_c2p1_t1,Wind,Brazil,116146.94076827864,281991.0,116146.94076827864,0,1,20,1,"NoCut,Lim",11,SolarPV,18161.4,134739.3,18161.4,0.8647783161037351
prm15_wcost_re20_c2p1_t1,Wind,Paraguay,1840.3347537687443,80313.0,1840.3347537687443,0,1,20,1,"NoCut,Lim",11,SolarPV,3563.316418851728,11360.1,3563.316418851728,0.34057245647044304
prm15_wcost_re20_c2p1_t1,Wind,Uruguay,7183.921896415075,102552.0,7183.921896415075,0,1,20,1,"NoCut,Lim",11,SolarPV,2463.6679151903427,8111.2,2463.6679151903427,0.744633845001711
prm15_wcost_re15_c2p1_t1,Wind,Argentina,5931.463456174226,631578.0,5931.463456174226,0,1,15,1,"NoCut,Lim",11,SolarPV,0.0,68590.4,0.0,1.0
prm15_wcost_re15_c2p1_t1,Wind,Brazil,72177.0,281991.0,72177.0,0,1,15,1,"NoCut,Lim",11,SolarPV,82626.5,134739.3,82626.5,0.46624914811357626
prm15_wcost_re15_c2p1_t1,Wind,Chile,0.0,25245.0,0.0,0,1,15,1,"NoCut,Lim",11,SolarPV,0.0,94117.1,0.0,
prm15_wcost_re20_c2p1_t1,Wind,Chile,0.0,25245.0,0.0,0,1,20,1,"NoCut,Lim",11,SolarPV,0.0,94117.1,0.0,
prm15_wcost_re2_c2p1_t1,Wind,Argentina,0.0,631578.0,0.0,0,1,2,0,"NoCut,Lim",10,SolarPV,7012.020883884406,68590.4,7012.020883884406,0.0
prm15_wcost_re2_c2p1_t1,Wind,Brazil,50643.0,281991.0,50643.0,0,1,2,0,"NoCut,Lim",10,SolarPV,126359.17232388906,134739.3,126359.17232388906,0.2861151325721045
prm15_wcost_re2_c2p1_t1,Wind,Chile,0.0,25245.0,0.0,0,1,2,0,"NoCut,Lim",10,SolarPV,6566.879393697942,94117.1,6566.879393697942,0.0
prm15_wcost_re3_c2p1_t1,Wind,Uruguay,6203.921787464457,102552.0,6203.921787464457,0,1,3,0,"NoCut,Lim",10,SolarPV,4620.690888917156,8111.2,4620.690888917156,0.5731310646339234
prm15_wcost_re3_c2p1_t1,Wind,Paraguay,0.0,80313.0,0.0,0,1,3,0,"NoCut,Lim",10,SolarPV,6146.4953248761885,11360.1,6146.4953248761885,0.0
prm15_wcost_re3_c2p1_t1,Wind,Chile,0.0,25245.0,0.0,0,1,3,0,"NoCut,Lim",10,SolarPV,6566.87939369794,94117.1,6566.87939369794,0.0
prm15_wcost_re3_c2p1_t1,Wind,Brazil,28587.0,281991.0,28587.0,0,1,3,0,"NoCut,Lim",10,SolarPV,128729.7,134739.3,128729.7,0.18171624500132533
prm15_wcost_re3_c2p1_t1,Wind,Argentina,0.0,631578.0,0.0,0,1,3,0,"NoCut,Lim",10,SolarPV,7134.310606093095,68590.4,7134.310606093095,0.0
prm15_wcost_re1_c2p1_t1,Wind,Uruguay,6634.680505363126,102552.0,6634.680505363126,0,1,1,0,"NoCut,Lim",10,SolarPV,3172.610043348038,8111.2,3172.610043348038,0.6765049401167206
prm15_wcost_re14_c2p1_t1,Wind,Argentina,5769.032277127863,631578.0,5769.032277127863,0,1,14,1,"NoCut,Lim",11,SolarPV,501.9,68590.4,501.9,0.9199640535378459
prm15_wcost_re14_c2p1_t1,Wind,Brazil,64172.31478575975,281991.0,64172.31478575975,0,1,14,1,"NoCut,Lim",11,SolarPV,98261.3,134739.3,98261.3,0.395067947422085
prm15_wcost_re14_c2p1_t1,Wind,Chile,0.0,25245.0,0.0,0,1,14,1,"NoCut,Lim",11,SolarPV,0.0,94117.1,0.0,
prm15_wcost_re14_c2p1_t1,Wind,Paraguay,0.0,80313.0,0.0,0,1,14,1,"NoCut,Lim",11,SolarPV,2488.6233168875924,11360.1,2488.6233168875924,0.0
prm15_wcost_re14_c2p1_t1,Wind,Uruguay,7569.45213044104,102552.0,7569.45213044104,0,1,14,1,"NoCut,Lim",11,SolarPV,3368.607936072067,8111.2,3368.607936072067,0.6920287587023711
prm15_wcost_re2_c2p1_t1,Wind,Uruguay,6576.093530784887,102552.0,6576.093530784887,0,1,2,0,"NoCut,Lim",10,SolarPV,4008.7016101593154,8111.2,4008.7016101593154,0.62127735522695
prm15_wcost_re2_c2p1_t1,Wind,Paraguay,0.0,80313.0,0.0,0,1,2,0,"NoCut,Lim",10,SolarPV,6146.4953248761885,11360.1,6146.4953248761885,0.0
prm15_wcost_re1_c2p1_t1,Wind,Chile,0.0,25245.0,0.0,0,1,1,0,"NoCut,Lim",10,SolarPV,6566.879393697939,94117.1,6566.879393697939,0.0
prm15_wcost_re12_c2p1_t1,Wind,Brazil,65337.0,281991.0,65337.0,0,1,12,1,"NoCut,Lim",11,SolarPV,89110.44347734698,134739.3,89110.44347734698,0.4230371091223862
prm15_wcost_re15_c2p1_t1,Wind,Uruguay,7616.403368421052,102552.0,7616.403368421052,0,1,15,1,"NoCut,Lim",11,SolarPV,3067.755049043202,8111.2,3067.755049043202,0.7128688166932577
prm15_wcost_re12_c2p1_t1,Wind,Argentina,5851.4430192310265,631578.0,5851.4430192310265,0,1,12,1,"NoCut,Lim",11,SolarPV,239.0,68590.4,239.0,0.9607581912768349
prm15_wcost_re9_c2p1_t1,Wind,Argentina,0.0,631578.0,0.0,0,1,9,0,"NoCut,Lim",10,SolarPV,7126.616401915071,68590.4,7126.616401915071,0.0
prm15_wcost_re9_c2p1_t1,Wind,Brazil,38430.0,281991.0,38430.0,0,1,9,0,"NoCut,Lim",10,SolarPV,128578.9,134739.3,128578.9,0.2301074972651158
prm15_wcost_re9_c2p1_t1,Wind,Chile,0.0,25245.0,0.0,0,1,9,0,"NoCut,Lim",10,SolarPV,6566.879393697941,94117.1,6566.879393697941,0.0
prm15_wcost_re9_c2p1_t1,Wind,Paraguay,0.0,80313.0,0.0,0,1,9,0,"NoCut,Lim",10,SolarPV,6146.4953248761885,11360.1,6146.4953248761885,0.0
prm15_wcost_re7_c2p1_t1,Wind,Uruguay,6589.2044816263415,102552.0,6589.2044816263415,0,1,7,0,"NoCut,Lim",10,SolarPV,3694.142012828936,8111.2,3694.142012828936,0.6407646076283827
prm15_wcost_re8_c2p1_t1,Wind,Argentina,0.0,631578.0,0.0,0,1,8,0,"NoCut,Lim",10,SolarPV,7134.310606093096,68590.4,7134.310606093096,0.0
prm15_wcost_re8_c2p1_t1,Wind,Brazil,38745.0,281991.0,38745.0,0,1,8,0,"NoCut,Lim",10,SolarPV,128578.9,134739.3,128578.9,0.23155687860490942
prm15_wcost_re8_c2p1_t1,Wind,Chile,0.0,25245.0,0.0,0,1,8,0,"NoCut,Lim",10,SolarPV,6566.879393697938,94117.1,6566.879393697938,0.0
prm15_wcost_re10_c2p1_t1,Wind,Brazil,86047.00931161719,281991.0,86047.00931161719,0,1,10,0,"NoCut,Lim",10,SolarPV,110461.4,134739.3,110461.4,0.4378795269527952
prm15_wcost_re10_c2p1_t1,Wind,Argentina,12750.0,631578.0,12750.0,0,1,10,0,"NoCut,Lim",10,SolarPV,4759.7,68590.4,4759.7,0.7281678155536645
prm15_wcost_re17_c2p1_t1,Wind,Paraguay,144.51832886240393,80313.0,144.51832886240393,0,1,17,1,"NoCut,Lim",11,SolarPV,2577.870703893069,11360.1,2577.870703893069,0.05308511279011779
prm15_wcost_re10_c2p1_t1,Wind,Uruguay,6530.60097365173,102552.0,6530.60097365173,0,1,10,0,"NoCut,Lim",10,SolarPV,3174.616552191111,8111.2,3174.616552191111,0.6728958888620671
prm15_wcost_re17_c2p1_t1,Wind,Chile,0.0,25245.0,0.0,0,1,17,1,"NoCut,Lim",11,SolarPV,0.0,94117.1,0.0,
prm15_wcost_re17_c2p1_t1,Wind,Argentina,5921.185416290466,631578.0,5921.185416290466,0,1,17,1,"NoCut,Lim",11,SolarPV,0.0,68590.4,0.0,1.0
prm15_wcost_re18_c2p1_t1,Wind,Uruguay,7717.999729802756,102552.0,7717.999729802756,0,1,18,1,"NoCut,Lim",11,SolarPV,3628.520595912104,8111.2,3628.520595912104,0.680208513998013
prm15_wcost_re8_c2p1_t1,Wind,Uruguay,6538.809280838827,102552.0,6538.809280838827,0,1,8,0,"NoCut,Lim",10,SolarPV,4296.359449472198,8111.2,4296.359449472198,0.6034801527867973
prm15_wcost_re8_c2p1_t1,Wind,Paraguay,0.0,80313.0,0.0,0,1,8,0,"NoCut,Lim",10,SolarPV,6146.4953248761885,11360.1,6146.4953248761885,0.0
prm15_wcost_re17_c2p1_t1,Wind,Brazil,81609.0,281991.0,81609.0,0,1,17,1,"NoCut,Lim",11,SolarPV,80845.52113893225,134739.3,80845.52113893225,0.5023498233712277
prm15_wcost_re10_c2p1_t1,Wind,Paraguay,1940.373831368368,80313.0,1940.373831368368,0,1,10,0,"NoCut,Lim",10,SolarPV,3554.8663669040743,11360.1,3554.8663669040743,0.3531008220493019
prm15_wcost_re11_c2p1_t1,Wind,Argentina,7973.857284734425,631578.0,7973.857284734425,0,1,11,1,"NoCut,Lim",11,SolarPV,0.0,68590.4,0.0,1.0
prm15_wcost_re11_c2p1_t1,Wind,Chile,0.0,25245.0,0.0,0,1,11,1,"NoCut,Lim",11,SolarPV,0.0,94117.1,0.0,
prm15_wcost_re6_c2p1_t1,Wind,Chile,0.0,25245.0,0.0,0,1,6,0,"NoCut,Lim",10,SolarPV,6566.879393697939,94117.1,6566.879393697939,0.0
prm15_wcost_re6_c2p1_t1,Wind,Brazil,68850.0,281991.0,68850.0,0,1,6,0,"NoCut,Lim",10,SolarPV,118106.8,134739.3,118106.8,0.3682668937422977
prm15_wcost_re6_c2p1_t1,Wind,Argentina,3258.0,631578.0,3258.0,0,1,6,0,"NoCut,Lim",10,SolarPV,6013.046761531181,68590.4,6013.046761531181,0.35141662897425807
prm15_wcost_re17_c2p1_t1,Wind,Uruguay,7562.849140514099,102552.0,7562.849140514099,0,1,17,1,"NoCut,Lim",11,SolarPV,3006.004694077064,8111.2,3006.004694077064,0.7155789321034407
prm15_wcost_re6_c2p1_t1,Wind,Paraguay,1809.378018794368,80313.0,1809.378018794368,0,1,6,0,"NoCut,Lim",10,SolarPV,3841.6,11360.1,3841.6,0.32018847229216396
prm15_wcost_re18_c2p1_t1,Wind,Paraguay,0.0,80313.0,0.0,0,1,18,1,"NoCut,Lim",11,SolarPV,2488.623316887592,11360.1,2488.623316887592,0.0
prm15_wcost_re18_c2p1_t1,Wind,Brazil,49410.0,281991.0,49410.0,0,1,18,1,"NoCut,Lim",11,SolarPV,109583.5,134739.3,109583.5,0.31076742130967616
prm15_wcost_re18_c2p1_t1,Wind,Argentina,1452.0,631578.0,1452.0,0,1,18,1,"NoCut,Lim",11,SolarPV,1361.824595719103,68590.4,1361.824595719103,0.5160236363734414
prm15_wcost_re18_c2p1_t1,Wind,Chile,0.0,25245.0,0.0,0,1,18,1,"NoCut,Lim",11,SolarPV,0.0,94117.1,0.0,
prm15_wcost_re11_c2p1_t1,Wind,Brazil,105852.0,281991.0,105852.0,0,1,11,1,"NoCut,Lim",11,SolarPV,23835.891347964265,134739.3,23835.891347964265,0.8162057297700182
prm15_wcost_re6_c2p1_t1,Wind,Uruguay,6658.20628628062,102552.0,6658.20628628062,0,1,6,0,"NoCut,Lim",10,SolarPV,3356.095760393116,8111.2,3356.095760393116,0.6648697288386815
prm15_wcost_re19_c2p1_t1,Wind,Paraguay,0.0,80313.0,0.0,0,1,19,1,"NoCut,Lim",11,SolarPV,2488.623316887591,11360.1,2488.623316887591,0.0
prm15_wcost_re11_c2p1_t1,Wind,Paraguay,1866.690411221058,80313.0,1866.690411221058,0,1,11,1,"NoCut,Lim",11,SolarPV,3608.899126233073,11360.1,3608.899126233073,0.34091131164096966
prm15_wcost_re11_c2p1_t1,Wind,Uruguay,7191.057904188354,102552.0,7191.057904188354,0,1,11,1,"NoCut,Lim",11,SolarPV,2609.013400768278,8111.2,2609.013400768278,0.7337760798282452
prm15_wcost_re7_c2p1_t1,Wind,Paraguay,337.86308518802696,80313.0,337.86308518802696,0,1,7,0,"NoCut,Lim",10,SolarPV,5621.4,11360.1,5621.4,0.05669544713134052
prm15_wcost_re7_c2p1_t1,Wind,Chile,0.0,25245.0,0.0,0,1,7,0,"NoCut,Lim",10,SolarPV,6566.879393697935,94117.1,6566.879393697935,0.0
prm15_wcost_re7_c2p1_t1,Wind,Brazil,55980.0,281991.0,55980.0,0,1,7,0,"NoCut,Lim",10,SolarPV,122015.4,134739.3,122015.4,0.31450250961541704
prm15_wcost_re7_c2p1_t1,Wind,Argentina,0.0,631578.0,0.0,0,1,7,0,"NoCut,Lim",10,SolarPV,6212.8,68590.4,6212.8,0.0
prm15_wcost_re19_c2p1_t1,Wind,Uruguay,7584.227203482047,102552.0,7584.227203482047,0,1,19,1,"NoCut,Lim",11,SolarPV,3853.095773447498,8111.2,3853.095773447498,0.663112095267428
prm15_wcost_re9_c2p1_t1,Wind,Uruguay,6273.338202561742,102552.0,6273.338202561742,0,1,9,0,"NoCut,Lim",10,SolarPV,4506.310008307901,8111.2,4506.310008307901,0.581961310781555
prm15_wcost_re19_c2p1_t1,Wind,Argentina,1491.7352227069246,631578.0,1491.7352227069246,0,1,19,1,"NoCut,Lim",11,SolarPV,1868.308310605281,68590.4,1868.308310605281,0.4439630641441207
prm15_wcost_re19_c2p1_t1,Wind,Brazil,47649.0,281991.0,47649.0,0,1,19,1,"NoCut,Lim",11,SolarPV,109583.5,134739.3,109583.5,0.3030480339624442
prm15_wcost_re19_c2p1_t1,Wind,Chile,0.0,25245.0,0.0,0,1,19,1,"NoCut,Lim",11,SolarPV,0.0,94117.1,0.0,
prm15_wcost_re10_c2p1_t1,Wind,Chile,0.0,25245.0,0.0,0,1,10,0,"NoCut,Lim",10,SolarPV,6566.625560847519,94117.1,6566.625560847519,0.0
prm15_wcost_re1_c2p1_tn,Wind,Uruguay,6546.8508291999,102552.0,6546.8508291999,0,0,1,0,"NoCut,Full",0,SolarPV,3228.098656574,8111.2,3228.098656574,0.6697580216376509
prm15_wcost_re1_c2p1_tn,Wind,Chile,0.0,25245.0,0.0,0,0,1,0,"NoCut,Full",0,SolarPV,6572.4691618979,94117.1,6572.4691618979,0.0
prm15_wcost_re19_c2p1_tn,Wind,Brazil,47649.0,281991.0,47649.0,0,0,19,1,"NoCut,Full",1,SolarPV,109583.4999999996,134739.3,109583.4999999996,0.30304803396244495
prm15_wcost_re19_c2p1_tn,Wind,Chile,0.0,25245.0,0.0,0,0,19,1,"NoCut,Full",1,SolarPV,0.0,94117.1,0.0,
prm15_wcost_re19_c2p1_tn,Wind,Paraguay,5659.78078323,80313.0,5659.78078323,0,0,19,1,"NoCut,Full",1,SolarPV,5011.3,11360.1,5011.3,0.5303849627044859
prm15_wcost_re9_c2p1_tn,Wind,Paraguay,1773.096065168,80313.0,1773.096065168,0,0,9,0,"NoCut,Full",0,SolarPV,7693.1999999999,11360.1,7693.1999999999,0.18730621279554827
prm15_wcost_re18_c2p1_tn,Wind,Uruguay,0.0,102552.0,0.0,0,0,18,1,"NoCut,Full",1,SolarPV,1971.72078145316,8111.2,1971.72078145316,0.0
prm15_wcost_re18_c2p1_tn,Wind,Paraguay,5592.0,80313.0,5592.0,0,0,18,1,"NoCut,Full",1,SolarPV,5376.4934921294,11360.1,5376.4934921294,0.5098238882133285
prm15_wcost_re18_c2p1_tn,Wind,Chile,0.0,25245.0,0.0,0,0,18,1,"NoCut,Full",1,SolarPV,0.0,94117.1,0.0,
prm15_wcost_re18_c2p1_tn,Wind,Brazil,49410.0,281991.0,49410.0,0,0,18,1,"NoCut,Full",1,SolarPV,109432.7515290898,134739.3,109432.7515290898,0.31106235270012467
prm15_wcost_re18_c2p1_tn,Wind,Argentina,584.9999999995999,631578.0,584.9999999995999,0,0,18,1,"NoCut,Full",1,SolarPV,373.4,68590.4,373.4,0.6103923205340611
prm15_wcost_re1_c2p1_tn,Wind,Argentina,8991.0,631578.0,8991.0,0,0,1,0,"NoCut,Full",0,SolarPV,4631.7,68590.4,4631.7,0.6600013213239666
prm15_wcost_re1_c2p1_tn,Wind,Brazil,78885.0,281991.0,78885.0,0,0,1,0,"NoCut,Full",0,SolarPV,112152.1999999996,134739.3,112152.1999999996,0.41293004713218245
prm15_wcost_re1_c2p1_tn,Wind,Paraguay,4232.687901036,80313.0,4232.687901036,0,0,1,0,"NoCut,Full",0,SolarPV,5465.7999999995,11360.1,5465.7999999995,0.4364276105952639
prm15_wcost_re19_c2p1_tn,Wind,Argentina,0.0,631578.0,0.0,0,0,19,1,"NoCut,Full",1,SolarPV,501.9,68590.4,501.9,0.0
prm15_wcost_re19_c2p1_tn,Wind,Uruguay,0.0,102552.0,0.0,0,0,19,1,"NoCut,Full",1,SolarPV,1971.7207814532,8111.2,1971.7207814532,0.0
prm15_wcost_re7_c2p1_tn,Wind,Argentina,0.0,631578.0,0.0,0,0,7,0,"NoCut,Full",0,SolarPV,4255.3261164127,68590.4,4255.3261164127,0.0
prm15_wcost_re6_c2p1_tn,Wind,Uruguay,6714.71605193,102552.0,6714.71605193,0,0,6,0,"NoCut,Full",0,SolarPV,3197.8835773198,8111.2,3197.8835773198,0.6773920367081525
prm15_wcost_re6_c2p1_tn,Wind,Paraguay,4574.756488673,80313.0,4574.756488673,0,0,6,0,"NoCut,Full",0,SolarPV,4857.2,11360.1,4857.2,0.48502731052320947
prm15_wcost_re7_c2p1_tn,Wind,Brazil,55980.0,281991.0,55980.0,0,0,7,0,"NoCut,Full",0,SolarPV,112919.39999999944,134739.3,112919.39999999944,0.33143989854315753
prm15_wcost_re6_c2p1_tn,Wind,Chile,0.0,25245.0,0.0,0,0,6,0,"NoCut,Full",0,SolarPV,5640.817496071,94117.1,5640.817496071,0.0
prm15_wcost_re6_c2p1_tn,Wind,Argentina,3054.0,631578.0,3054.0,0,0,6,0,"NoCut,Full",0,SolarPV,3815.4773620028,68590.4,3815.4773620028,0.4445753059603365
prm15_wcost_re5_c2p1_tn,Wind,Uruguay,6082.857578158,102552.0,6082.857578158,0,0,5,0,"NoCut,Full",0,SolarPV,3534.64593433572,8111.2,3534.64593433572,0.6324778119660679
prm15_wcost_re5_c2p1_tn,Wind,Paraguay,3564.526309204,80313.0,3564.526309204,0,0,5,0,"NoCut,Full",0,SolarPV,5779.79999999981,11360.1,5779.79999999981,0.3814642373622029
prm15_wcost_re6_c2p1_tn,Wind,Brazil,64263.0,281991.0,64263.0,0,0,6,0,"NoCut,Full",0,SolarPV,103364.6,134739.3,103364.6,0.3833676554457619
prm15_wcost_re5_c2p1_tn,Wind,Chile,0.0,25245.0,0.0,0,0,5,0,"NoCut,Full",0,SolarPV,5640.817496071,94117.1,5640.817496071,0.0
prm15_wcost_re7_c2p1_tn,Wind,Chile,0.0,25245.0,0.0,0,0,7,0,"NoCut,Full",0,SolarPV,5640.817496071,94117.1,5640.817496071,0.0
prm15_wcost_re7_c2p1_tn,Wind,Uruguay,6223.5928786117,102552.0,6223.5928786117,0,0,7,0,"NoCut,Full",0,SolarPV,3404.7627053797,8111.2,3404.7627053797,0.6463817029108653
prm15_wcost_re9_c2p1_tn,Wind,Chile,0.0,25245.0,0.0,0,0,9,0,"NoCut,Full",0,SolarPV,5640.817496071,94117.1,5640.817496071,0.0
prm15_wcost_re9_c2p1_tn,Wind,Brazil,38430.0,281991.0,38430.0,0,0,9,0,"NoCut,Full",0,SolarPV,125528.99999999994,134739.3,125528.99999999994,0.23438786525899777
prm15_wcost_re9_c2p1_tn,Wind,Argentina,0.0,631578.0,0.0,0,0,9,0,"NoCut,Full",0,SolarPV,5531.0,68590.4,5531.0,0.0
prm15_wcost_re7_c2p1_tn,Wind,Paraguay,3962.7555379,80313.0,3962.7555379,0,0,7,0,"NoCut,Full",0,SolarPV,5779.7999999999,11360.1,5779.7999999999,0.40674703084671454
prm15_wcost_re8_c2p1_tn,Wind,Uruguay,1860.0,102552.0,1860.0,0,0,8,0,"NoCut,Full",0,SolarPV,3230.26258784608,8111.2,3230.26258784608,0.3654035460648111
prm15_wcost_re8_c2p1_tn,Wind,Chile,0.0,25245.0,0.0,0,0,8,0,"NoCut,Full",0,SolarPV,5640.817496071,94117.1,5640.817496071,0.0
prm15_wcost_re8_c2p1_tn,Wind,Brazil,38745.0,281991.0,38745.0,0,0,8,0,"NoCut,Full",0,SolarPV,125528.9999999987,134739.3,125528.9999999987,0.23585594798933673
prm15_wcost_re8_c2p1_tn,Wind,Argentina,0.0,631578.0,0.0,0,0,8,0,"NoCut,Full",0,SolarPV,5367.5603890349,68590.4,5367.5603890349,0.0
prm15_wcost_re8_c2p1_tn,Wind,Paraguay,683.69588628,80313.0,683.69588628,0,0,8,0,"NoCut,Full",0,SolarPV,7852.8,11360.1,7852.8,0.08009092904019875
prm15_wcost_re5_c2p1_tn,Wind,Brazil,53433.632667151,281991.0,53433.632667151,0,0,5,0,"NoCut,Full",0,SolarPV,114709.9999999994,134739.3,114709.9999999994,0.3177856444491468
prm15_wcost_re5_c2p1_tn,Wind,Argentina,0.0,631578.0,0.0,0,0,5,0,"NoCut,Full",0,SolarPV,5172.8,68590.4,5172.8,0.0
prm15_wcost_re2_c2p1_tn,Wind,Uruguay,5424.0,102552.0,5424.0,0,0,2,0,"NoCut,Full",0,SolarPV,3759.5999999999,8111.2,3759.5999999999,0.590618058277806
prm15_wcost_re2_c2p1_tn,Wind,Paraguay,3724.95670827,80313.0,3724.95670827,0,0,2,0,"NoCut,Full",0,SolarPV,6203.8,11360.1,6203.8,0.375168494678428
prm15_wcost_re2_c2p1_tn,Wind,Chile,0.0,25245.0,0.0,0,0,2,0,"NoCut,Full",0,SolarPV,5640.817496071,94117.1,5640.817496071,0.0
prm15_wcost_re2_c2p1_tn,Wind,Brazil,51966.72290521,281991.0,51966.72290521,0,0,2,0,"NoCut,Full",0,SolarPV,119052.69999999912,134739.3,119052.69999999912,0.30386445014501995
prm15_wcost_re2_c2p1_tn,Wind,Argentina,0.0,631578.0,0.0,0,0,2,0,"NoCut,Full",0,SolarPV,4343.287655718,68590.4,4343.287655718,0.0
prm15_wcost_re20_c2p1_tn,Wind,Uruguay,7343.84494025,102552.0,7343.84494025,0,0,20,1,"NoCut,Full",1,SolarPV,2009.1684838231,8111.2,2009.1684838231,0.7851849032257524
prm15_wcost_re20_c2p1_tn,Wind,Paraguay,10031.543306193,80313.0,10031.543306193,0,0,20,1,"NoCut,Full",1,SolarPV,0.0,11360.1,0.0,1.0
prm15_wcost_re20_c2p1_tn,Wind,Chile,0.0,25245.0,0.0,0,0,20,1,"NoCut,Full",1,SolarPV,0.0,94117.1,0.0,
prm15_wcost_re20_c2p1_tn,Wind,Brazil,110918.999999992,281991.0,110918.999999992,0,0,20,1,"NoCut,Full",1,SolarPV,15725.4,134739.3,15725.4,0.8758302775329901
prm15_wcost_re20_c2p1_tn,Wind,Argentina,12750.0,631578.0,12750.0,0,0,20,1,"NoCut,Full",1,SolarPV,0.0,68590.4,0.0,1.0
prm15_wcost_re4_c2p1_tn,Wind,Uruguay,3898.701463748,102552.0,3898.701463748,0,0,4,0,"NoCut,Full",0,SolarPV,3542.2729781046,8111.2,3542.2729781046,0.523950390397703
prm15_wcost_re4_c2p1_tn,Wind,Paraguay,2238.381143955,80313.0,2238.381143955,0,0,4,0,"NoCut,Full",0,SolarPV,6986.9000299025,11360.1,6986.9000299025,0.2426355470116293
prm15_wcost_re4_c2p1_tn,Wind,Chile,0.0,25245.0,0.0,0,0,4,0,"NoCut,Full",0,SolarPV,5640.817496071,94117.1,5640.817496071,0.0
prm15_wcost_re4_c2p1_tn,Wind,Brazil,44673.708703571,281991.0,44673.708703571,0,0,4,0,"NoCut,Full",0,SolarPV,121436.8999999991,134739.3,121436.8999999991,0.26893952801830207
prm15_wcost_re4_c2p1_tn,Wind,Argentina,0.0,631578.0,0.0,0,0,4,0,"NoCut,Full",0,SolarPV,5154.319990803,68590.4,5154.319990803,0.0
prm15_wcost_re3_c2p1_tn,Wind,Paraguay,372.817087962,80313.0,372.817087962,0,0,3,0,"NoCut,Full",0,SolarPV,7852.8,11360.1,7852.8,0.045323905060887064
prm15_wcost_re3_c2p1_tn,Wind,Chile,0.0,25245.0,0.0,0,0,3,0,"NoCut,Full",0,SolarPV,5640.817496071,94117.1,5640.817496071,0.0
prm15_wcost_re3_c2p1_tn,Wind,Brazil,30093.0,281991.0,30093.0,0,0,3,0,"NoCut,Full",0,SolarPV,127156.6848417219,134739.3,127156.6848417219,0.19137081279552204
prm15_wcost_re3_c2p1_tn,Wind,Argentina,0.0,631578.0,0.0,0,0,3,0,"NoCut,Full",0,SolarPV,5835.425707009,68590.4,5835.425707009,0.0
prm15_wcost_re3_c2p1_tn,Wind,Uruguay,0.0,102552.0,0.0,0,0,3,0,"NoCut,Full",0,SolarPV,3035.5784417509,8111.2,3035.5784417509,0.0
prm15_wcost_re9_c2p1_tn,Wind,Uruguay,1860.0,102552.0,1860.0,0,0,9,0,"NoCut,Full",0,SolarPV,3246.2004338391,8111.2,3246.2004338391,0.364263021810438
prm15_wcost_re13_c2p1_tn,Wind,Uruguay,0.0,102552.0,0.0,0,0,13,1,"NoCut,Full",1,SolarPV,1939.260881981,8111.2,1939.260881981,0.0
prm15_wcost_re12_c2p1_tn,Wind,Chile,0.0,25245.0,0.0,0,0,12,1,"NoCut,Full",1,SolarPV,0.0,94117.1,0.0,
prm15_wcost_re12_c2p1_tn,Wind,Brazil,65336.999999999,281991.0,65336.999999999,0,0,12,1,"NoCut,Full",1,SolarPV,89168.0,134739.3,89168.0,0.42287951846218197
prm15_wcost_re12_c2p1_tn,Wind,Argentina,5896.776974482,631578.0,5896.776974482,0,0,12,1,"NoCut,Full",1,SolarPV,0.0,68590.4,0.0,1.0
prm15_wcost_re11_c2p1_tn,Wind,Uruguay,7391.642970647,102552.0,7391.642970647,0,0,11,1,"NoCut,Full",1,SolarPV,2104.8,8111.2,2104.8,0.778359117565827
prm15_wcost_re12_c2p1_tn,Wind,Paraguay,7113.1956125100005,80313.0,7113.1956125100005,0,0,12,1,"NoCut,Full",1,SolarPV,1592.8,11360.1,1592.8,0.817045623396451
prm15_wcost_re16_c2p1_tn,Wind,Argentina,6105.342298145,631578.0,6105.342298145,0,0,16,1,"NoCut,Full",1,SolarPV,0.0,68590.4,0.0,1.0
prm15_wcost_re16_c2p1_tn,Wind,Brazil,91682.99999999611,281991.0,91682.99999999611,0,0,16,1,"NoCut,Full",1,SolarPV,49202.17313864,134739.3,49202.17313864,0.6507640084295934
prm15_wcost_re16_c2p1_tn,Wind,Chile,0.0,25245.0,0.0,0,0,16,1,"NoCut,Full",1,SolarPV,0.0,94117.1,0.0,
prm15_wcost_re16_c2p1_tn,Wind,Paraguay,10188.984305614,80313.0,10188.984305614,0,0,16,1,"NoCut,Full",1,SolarPV,0.0,11360.1,0.0,1.0
prm15_wcost_re16_c2p1_tn,Wind,Uruguay,7137.706676142,102552.0,7137.706676142,0,0,16,1,"NoCut,Full",1,SolarPV,2180.8867210865,8111.2,2180.8867210865,0.7659639574213924
prm15_wcost_re11_c2p1_tn,Wind,Paraguay,9837.501095999,80313.0,9837.501095999,0,0,11,1,"NoCut,Full",1,SolarPV,0.0,11360.1,0.0,1.0
prm15_wcost_re11_c2p1_tn,Wind,Chile,0.0,25245.0,0.0,0,0,11,1,"NoCut,Full",1,SolarPV,0.0,94117.1,0.0,
prm15_wcost_re11_c2p1_tn,Wind,Brazil,100860.0007440957,281991.0,100860.0007440957,0,0,11,1,"NoCut,Full",1,SolarPV,21056.7,134739.3,21056.7,0.8272861726778663
prm15_wcost_re11_c2p1_tn,Wind,Argentina,8991.0,631578.0,8991.0,0,0,11,1,"NoCut,Full",1,SolarPV,0.0,68590.4,0.0,1.0
prm15_wcost_re12_c2p1_tn,Wind,Uruguay,4826.99999999938,102552.0,4826.99999999938,0,0,12,1,"NoCut,Full",1,SolarPV,2288.33052669,8111.2,2288.33052669,0.6783943461085125
prm15_wcost_re15_c2p1_tn,Wind,Paraguay,7161.0,80313.0,7161.0,0,0,15,1,"NoCut,Full",1,SolarPV,932.801171671,11360.1,932.801171671,0.8847511630337691
prm15_wcost_re14_c2p1_tn,Wind,Argentina,4185.0,631578.0,4185.0,0,0,14,1,"NoCut,Full",1,SolarPV,239.0,68590.4,239.0,0.9459764918625678
prm15_wcost_re14_c2p1_tn,Wind,Brazil,62465.9999999999,281991.0,62465.9999999999,0,0,14,1,"NoCut,Full",1,SolarPV,97692.94983946392,134739.3,97692.94983946392,0.3900250348957272
prm15_wcost_re14_c2p1_tn,Wind,Chile,0.0,25245.0,0.0,0,0,14,1,"NoCut,Full",1,SolarPV,0.0,94117.1,0.0,
prm15_wcost_re14_c2p1_tn,Wind,Paraguay,6192.000057304,80313.0,6192.000057304,0,0,14,1,"NoCut,Full",1,SolarPV,2914.9334021693,11360.1,2914.9334021693,0.6799215218667157
prm15_wcost_re14_c2p1_tn,Wind,Uruguay,3932.0165045322,102552.0,3932.0165045322,0,0,14,1,"NoCut,Full",1,SolarPV,2104.8,8111.2,2104.8,0.6513394106943948
prm15_wcost_re17_c2p1_tn,Wind,Uruguay,7178.948707212,102552.0,7178.948707212,0,0,17,1,"NoCut,Full",1,SolarPV,2417.2087402359,8111.2,2417.2087402359,0.7481065985553669
prm15_wcost_re13_c2p1_tn,Wind,Paraguay,5287.18857526,80313.0,5287.18857526,0,0,13,1,"NoCut,Full",1,SolarPV,5621.4,11360.1,5621.4,0.48468127098046526
prm15_wcost_re13_c2p1_tn,Wind,Chile,0.0,25245.0,0.0,0,0,13,1,"NoCut,Full",1,SolarPV,0.0,94117.1,0.0,
prm15_wcost_re13_c2p1_tn,Wind,Brazil,40070.306355836,281991.0,40070.306355836,0,0,13,1,"NoCut,Full",1,SolarPV,113343.5010916327,134739.3,113343.5010916327,0.26119100374688703
prm15_wcost_re15_c2p1_tn,Wind,Uruguay,6957.512015371,102552.0,6957.512015371,0,0,15,1,"NoCut,Full",1,SolarPV,2466.7153845876,8111.2,2466.7153845876,0.7382580788958429
prm15_wcost_re13_c2p1_tn,Wind,Argentina,0.0,631578.0,0.0,0,0,13,1,"NoCut,Full",1,SolarPV,501.9,68590.4,501.9,0.0
prm15_wcost_re15_c2p1_tn,Wind,Argentina,5786.311695487,631578.0,5786.311695487,0,0,15,1,"NoCut,Full",1,SolarPV,0.0,68590.4,0.0,1.0
prm15_wcost_re15_c2p1_tn,Wind,Brazil,72176.999999997,281991.0,72176.999999997,0,0,15,1,"NoCut,Full",1,SolarPV,82626.5,134739.3,82626.5,0.4662491481135659
prm15_wcost_re15_c2p1_tn,Wind,Chile,0.0,25245.0,0.0,0,0,15,1,"NoCut,Full",1,SolarPV,0.0,94117.1,0.0,
prm15_wcost_re10_c2p1_tn,Wind,Brazil,86802.633739102,281991.0,86802.633739102,0,0,10,0,"NoCut,Full",0,SolarPV,95553.9750266985,134739.3,95553.9750266985,0.4760048693962175
prm15_wcost_re17_c2p1_tn,Wind,Paraguay,7647.59229429,80313.0,7647.59229429,0,0,17,1,"NoCut,Full",1,SolarPV,516.7,11360.1,516.7,0.9367122119866564
prm15_wcost_re17_c2p1_tn,Wind,Chile,0.0,25245.0,0.0,0,0,17,1,"NoCut,Full",1,SolarPV,0.0,94117.1,0.0,
prm15_wcost_re17_c2p1_tn,Wind,Brazil,80016.0,281991.0,80016.0,0,0,17,1,"NoCut,Full",1,SolarPV,78954.2,134739.3,78954.2,0.503339619626823
prm15_wcost_re17_c2p1_tn,Wind,Argentina,5752.827760466,631578.0,5752.827760466,0,0,17,1,"NoCut,Full",1,SolarPV,0.0,68590.4,0.0,1.0
prm15_wcost_re10_c2p1_tn,Wind,Chile,0.0,25245.0,0.0,0,0,10,0,"NoCut,Full",0,SolarPV,5640.817496071,94117.1,5640.817496071,0.0
prm15_wcost_re10_c2p1_tn,Wind,Paraguay,7376.124352465,80313.0,7376.124352465,0,0,10,0,"NoCut,Full",0,SolarPV,2013.1,11360.1,2013.1,0.7855946429194132
prm15_wcost_re10_c2p1_tn,Wind,Uruguay,6705.628166045,102552.0,6705.628166045,0,0,10,0,"NoCut,Full",0,SolarPV,2782.784271388,8111.2,2782.784271388,0.706717610586829
prm15_wcost_re10_c2p1_tn,Wind,Argentina,12750.0,631578.0,12750.0,0,0,10,0,"NoCut,Full",0,SolarPV,2309.4,68590.4,2309.4,0.8466472767839356
prm15_wcost_re9_c2p1_co2_cut90p_t1,Wind,Chile,12875.200395445365,25245.0,12875.200395445365,1,1,9,0,"90%Cut,Lim",110,SolarPV,32768.6,94117.1,32768.6,0.28207993821500754
prm15_wcost_re9_c2p1_co2_cut90p_t1,Wind,Argentina,69558.55394155455,631578.0,69558.55394155455,1,1,9,0,"90%Cut,Lim",110,SolarPV,30287.002873221045,68590.4,30287.002873221045,0.6966614856041442
prm15_wcost_re9_c2p1_co2_cut90p_t1,Wind,Paraguay,3542.838521690292,80313.0,3542.838521690292,1,1,9,0,"90%Cut,Lim",110,SolarPV,8828.283137729124,11360.1,8828.283137729124,0.2863797333197158
prm15_wcost_re9_c2p1_co2_cut90p_t1,Wind,Uruguay,7923.470883205544,102552.0,7923.470883205544,1,1,9,0,"90%Cut,Lim",110,SolarPV,4123.783337917368,8111.2,4123.783337917368,0.6576993178506202
prm15_wcost_re4_c2p1_co2_cut90p_t1,Wind,Uruguay,7720.197643403621,102552.0,7720.197643403621,1,1,4,0,"90%Cut,Lim",110,SolarPV,3637.251736029974,8111.2,3637.251736029974,0.6797474842708595
prm15_wcost_re9_c2p1_co2_cut90p_t1,Wind,Brazil,176359.95563530255,281991.0,176359.95563530255,1,1,9,0,"90%Cut,Lim",110,SolarPV,134739.3,134739.3,134739.3,0.5668928884935905
prm15_wcost_re11_c2p1_co2_cut90p_t1,Wind,Uruguay,7271.489440037978,102552.0,7271.489440037978,1,1,11,1,"90%Cut,Lim",111,SolarPV,3565.438288763258,8111.2,3565.438288763258,0.6709917812511184
prm15_wcost_re4_c2p1_co2_cut90p_t1,Wind,Paraguay,3445.900749174372,80313.0,3445.900749174372,1,1,4,0,"90%Cut,Lim",110,SolarPV,8721.909531608966,11360.1,8721.909531608966,0.2831980997120323
prm15_wcost_re13_c2p1_co2_cut90p_t1,Wind,Uruguay,9259.785077812045,102552.0,9259.785077812045,1,1,13,1,"90%Cut,Lim",111,SolarPV,4297.693048752998,8111.2,4297.693048752998,0.6830020296819117
prm15_wcost_re4_c2p1_co2_cut90p_t1,Wind,Chile,11997.94668577228,25245.0,11997.94668577228,1,1,4,0,"90%Cut,Lim",110,SolarPV,32261.476099444877,94117.1,32261.476099444877,0.2710823126635905
prm15_wcost_re4_c2p1_co2_cut90p_t1,Wind,Argentina,75704.04374297378,631578.0,75704.04374297378,1,1,4,0,"90%Cut,Lim",110,SolarPV,25531.35758698345,68590.4,25531.35758698345,0.7478020805807949
prm15_wcost_re3_c2p1_co2_cut90p_t1,Wind,Brazil,153371.50501544285,281991.0,153371.50501544285,1,1,3,0,"90%Cut,Lim",110,SolarPV,134739.3,134739.3,134739.3,0.5323351375427314
prm15_wcost_re3_c2p1_co2_cut90p_t1,Wind,Argentina,65879.45336513271,631578.0,65879.45336513271,1,1,3,0,"90%Cut,Lim",110,SolarPV,32313.4,68590.4,32313.4,0.6709190242202071
prm15_wcost_re10_c2p1_co2_cut90p_t1,Wind,Paraguay,3306.0138696280374,80313.0,3306.0138696280374,1,1,10,0,"90%Cut,Lim",110,SolarPV,7852.8,11360.1,7852.8,0.29626929064802465
prm15_wcost_re10_c2p1_co2_cut90p_t1,Wind,Chile,12928.15906444478,25245.0,12928.15906444478,1,1,10,0,"90%Cut,Lim",110,SolarPV,27585.5,94117.1,27585.5,0.3191061820380147
prm15_wcost_re10_c2p1_co2_cut90p_t1,Wind,Brazil,171362.0143177098,281991.0,171362.0143177098,1,1,10,0,"90%Cut,Lim",110,SolarPV,133852.4,134739.3,133852.4,0.5614479732249221
prm15_wcost_re10_c2p1_co2_cut90p_t1,Wind,Argentina,60479.03230379957,631578.0,60479.03230379957,1,1,10,0,"90%Cut,Lim",110,SolarPV,18584.7,68590.4,18584.7,0.7649402645376144
prm15_wcost_re3_c2p1_co2_cut90p_t1,Wind,Chile,12885.562973823377,25245.0,12885.562973823377,1,1,3,0,"90%Cut,Lim",110,SolarPV,33449.18780262429,94117.1,33449.18780262429,0.2780971680627494
prm15_wcost_re4_c2p1_co2_cut90p_t1,Wind,Brazil,180777.0,281991.0,180777.0,1,1,4,0,"90%Cut,Lim",110,SolarPV,134739.3,134739.3,134739.3,0.5729561357051918
prm15_wcost_re3_c2p1_co2_cut90p_t1,Wind,Paraguay,3643.8689135955656,80313.0,3643.8689135955656,1,1,3,0,"90%Cut,Lim",110,SolarPV,8842.31366333866,11360.1,8842.31366333866,0.29183210249759595
prm15_wcost_re14_c2p1_co2_cut90p_t1,Wind,Uruguay,8348.681297129191,102552.0,8348.681297129191,1,1,14,1,"90%Cut,Lim",111,SolarPV,4135.218068949216,8111.2,4135.218068949216,0.6687558952785583
prm15_wcost_re10_c2p1_co2_cut90p_t1,Wind,Uruguay,6754.501834606377,102552.0,6754.501834606377,1,1,10,0,"90%Cut,Lim",110,SolarPV,3118.4815852447277,8111.2,3118.4815852447277,0.684139894434082
prm15_wcost_re14_c2p1_co2_cut90p_t1,Wind,Argentina,77807.47342537371,631578.0,77807.47342537371,1,1,14,1,"90%Cut,Lim",111,SolarPV,17624.0,68590.4,17624.0,0.8153229813245861
prm15_wcost_re14_c2p1_co2_cut90p_t1,Wind,Brazil,186195.0,281991.0,186195.0,1,1,14,1,"90%Cut,Lim",111,SolarPV,134739.3,134739.3,134739.3,0.5801654731201994
prm15_wcost_re14_c2p1_co2_cut90p_t1,Wind,Chile,19479.0,25245.0,19479.0,1,1,14,1,"90%Cut,Lim",111,SolarPV,26973.69866234388,94117.1,26973.69866234388,0.41932978192697196
prm15_wcost_re14_c2p1_co2_cut90p_t1,Wind,Paraguay,4031.1323388154815,80313.0,4031.1323388154815,1,1,14,1,"90%Cut,Lim",111,SolarPV,8836.099402869211,11360.1,8836.099402869211,0.3132866819951818
prm15_wcost_re3_c2p1_co2_cut90p_t1,Wind,Uruguay,8291.034070977801,102552.0,8291.034070977801,1,1,3,0,"90%Cut,Lim",110,SolarPV,4014.8801561258992,8111.2,4014.8801561258992,0.6737438533999246
prm15_wcost_re5_c2p1_co2_cut90p_t1,Wind,Uruguay,7339.146823762285,102552.0,7339.146823762285,1,1,5,0,"90%Cut,Lim",110,SolarPV,3506.3,8111.2,3506.3,0.6767030388902256
prm15_wcost_re5_c2p1_co2_cut90p_t1,Wind,Argentina,72322.09512219181,631578.0,72322.09512219181,1,1,5,0,"90%Cut,Lim",110,SolarPV,24251.70764774589,68590.4,24251.70764774589,0.7488790235844874
prm15_wcost_re7_c2p1_co2_cut90p_t1,Wind,Argentina,70171.25514200248,631578.0,70171.25514200248,1,1,7,0,"90%Cut,Lim",110,SolarPV,23165.5,68590.4,23165.5,0.7518073135844928
prm15_wcost_re7_c2p1_co2_cut90p_t1,Wind,Brazil,190527.0,281991.0,190527.0,1,1,7,0,"90%Cut,Lim",110,SolarPV,134739.3,134739.3,134739.3,0.5857569628332231
prm15_wcost_re7_c2p1_co2_cut90p_t1,Wind,Chile,11509.687408479009,25245.0,11509.687408479009,1,1,7,0,"90%Cut,Lim",110,SolarPV,31378.057604471174,94117.1,31378.057604471174,0.2683677447952462
prm15_wcost_re7_c2p1_co2_cut90p_t1,Wind,Paraguay,3382.244762046632,80313.0,3382.244762046632,1,1,7,0,"90%Cut,Lim",110,SolarPV,8474.602747232897,11360.1,8474.602747232897,0.2852566636620387
prm15_wcost_re11_c2p1_co2_cut90p_t1,Wind,Argentina,68459.2209666828,631578.0,68459.2209666828,1,1,11,1,"90%Cut,Lim",111,SolarPV,9660.6,68590.4,9660.6,0.8763361221204009
prm15_wcost_re11_c2p1_co2_cut90p_t1,Wind,Chile,22716.0,25245.0,22716.0,1,1,11,1,"90%Cut,Lim",111,SolarPV,18261.985324275887,94117.1,18261.985324275887,0.5543464330966693
prm15_wcost_re11_c2p1_co2_cut90p_t1,Wind,Paraguay,4282.587154236233,80313.0,4282.587154236233,1,1,11,1,"90%Cut,Lim",111,SolarPV,6640.8,11360.1,6640.8,0.3920567030873194
prm15_wcost_re8_c2p1_co2_cut90p_t1,Wind,Uruguay,7980.044037419995,102552.0,7980.044037419995,1,1,8,0,"90%Cut,Lim",110,SolarPV,3909.0785665115086,8111.2,3909.0785665115086,0.6712054626117783
prm15_wcost_re8_c2p1_co2_cut90p_t1,Wind,Paraguay,3590.676922561538,80313.0,3590.676922561538,1,1,8,0,"90%Cut,Lim",110,SolarPV,8788.065045801102,11360.1,8788.065045801102,0.2900679997804724
prm15_wcost_re8_c2p1_co2_cut90p_t1,Wind,Chile,12025.09249075339,25245.0,12025.09249075339,1,1,8,0,"90%Cut,Lim",110,SolarPV,33007.93586470315,94117.1,33007.93586470315,0.2670282885671476
prm15_wcost_re7_c2p1_co2_cut90p_t1,Wind,Uruguay,7492.366717376604,102552.0,7492.366717376604,1,1,7,0,"90%Cut,Lim",110,SolarPV,3601.804186456867,8111.2,3601.804186456867,0.6753426445582967
prm15_wcost_re8_c2p1_co2_cut90p_t1,Wind,Brazil,161256.44006544753,281991.0,161256.44006544753,1,1,8,0,"90%Cut,Lim",110,SolarPV,134739.3,134739.3,134739.3,0.5447931109744761
prm15_wcost_re8_c2p1_co2_cut90p_t1,Wind,Argentina,69033.0,631578.0,69033.0,1,1,8,0,"90%Cut,Lim",110,SolarPV,29626.81946830824,68590.4,29626.81946830824,0.6997073415705465
prm15_wcost_re11_c2p1_co2_cut90p_t1,Wind,Brazil,194649.0,281991.0,194649.0,1,1,11,1,"90%Cut,Lim",111,SolarPV,130357.88481820044,134739.3,130357.88481820044,0.5989073127139478
prm15_wcost_re5_c2p1_co2_cut90p_t1,Wind,Brazil,188439.0,281991.0,188439.0,1,1,5,0,"90%Cut,Lim",110,SolarPV,134739.3,134739.3,134739.3,0.5830806090631704
prm15_wcost_re5_c2p1_co2_cut90p_t1,Wind,Chile,12056.537581529215,25245.0,12056.537581529215,1,1,5,0,"90%Cut,Lim",110,SolarPV,32696.63723209224,94117.1,32696.63723209224,0.26940072144020466
prm15_wcost_re5_c2p1_co2_cut90p_t1,Wind,Paraguay,3377.9084346997256,80313.0,3377.9084346997256,1,1,5,0,"90%Cut,Lim",110,SolarPV,8544.129620928046,11360.1,8544.129620928046,0.2833331364099439
prm15_wcost_re13_c2p1_co2_cut90p_t1,Wind,Paraguay,3883.575666491688,80313.0,3883.575666491688,1,1,13,1,"90%Cut,Lim",111,SolarPV,9523.2,11360.1,9523.2,0.2896726075754462
prm15_wcost_re13_c2p1_co2_cut90p_t1,Wind,Chile,18547.477370305576,25245.0,18547.477370305576,1,1,13,1,"90%Cut,Lim",111,SolarPV,27894.65026752098,94117.1,27894.65026752098,0.3993675206903931
prm15_wcost_re13_c2p1_co2_cut90p_t1,Wind,Brazil,173740.0741873388,281991.0,173740.0741873388,1,1,13,1,"90%Cut,Lim",111,SolarPV,134739.3,134739.3,134739.3,0.563214557359115
prm15_wcost_re13_c2p1_co2_cut90p_t1,Wind,Argentina,77452.66279824603,631578.0,77452.66279824603,1,1,13,1,"90%Cut,Lim",111,SolarPV,20179.9,68590.4,20179.9,0.7933076893443738
prm15_wcost_re6_c2p1_co2_cut90p_t1,Wind,Argentina,65578.02932657763,631578.0,65578.02932657763,1,1,6,0,"90%Cut,Lim",110,SolarPV,21072.82713390312,68590.4,21072.82713390312,0.756807630129843
prm15_wcost_re6_c2p1_co2_cut90p_t1,Wind,Brazil,180420.03506389307,281991.0,180420.03506389307,1,1,6,0,"90%Cut,Lim",110,SolarPV,134739.3,134739.3,134739.3,0.5724724448581415
prm15_wcost_re6_c2p1_co2_cut90p_t1,Wind,Chile,12277.034443390983,25245.0,12277.034443390983,1,1,6,0,"90%Cut,Lim",110,SolarPV,29998.08845118185,94117.1,29998.08845118185,0.29040801310046754
prm15_wcost_re6_c2p1_co2_cut90p_t1,Wind,Paraguay,3254.73310788188,80313.0,3254.73310788188,1,1,6,0,"90%Cut,Lim",110,SolarPV,8389.94473001628,11360.1,8389.94473001628,0.2795039204338651
prm15_wcost_re12_c2p1_co2_cut90p_t1,Wind,Uruguay,8086.359333072402,102552.0,8086.359333072402,1,1,12,1,"90%Cut,Lim",111,SolarPV,4098.635287214651,8111.2,4098.635287214651,0.6636325731001352
prm15_wcost_re12_c2p1_co2_cut90p_t1,Wind,Paraguay,4091.712972131847,80313.0,4091.712972131847,1,1,12,1,"90%Cut,Lim",111,SolarPV,8312.7,11360.1,8312.7,0.3298594606068357
prm15_wcost_re12_c2p1_co2_cut90p_t1,Wind,Chile,19296.0,25245.0,19296.0,1,1,12,1,"90%Cut,Lim",111,SolarPV,27031.553841346264,94117.1,27031.553841346264,0.416512386258969
prm15_wcost_re12_c2p1_co2_cut90p_t1,Wind,Brazil,192963.0,281991.0,192963.0,1,1,12,1,"90%Cut,Lim",111,SolarPV,134739.3,134739.3,134739.3,0.5888362699926122
prm15_wcost_re12_c2p1_co2_cut90p_t1,Wind,Argentina,75355.81825359837,631578.0,75355.81825359837,1,1,12,1,"90%Cut,Lim",111,SolarPV,17624.0,68590.4,17624.0,0.8104534905420947
prm15_wcost_re6_c2p1_co2_cut90p_t1,Wind,Uruguay,7018.095214439476,102552.0,7018.095214439476,1,1,6,0,"90%Cut,Lim",110,SolarPV,3177.681236273841,8111.2,3177.681236273841,0.6883335710983027
prm15_wcost_re1_c2p1_co2_cut90p_t1,Wind,Argentina,63047.5644383629,631578.0,63047.5644383629,1,1,1,0,"90%Cut,Lim",110,SolarPV,18213.0,68590.4,18213.0,0.7758691423585327
prm15_wcost_re1_c2p1_co2_cut90p_t1,Wind,Brazil,173863.70084141617,281991.0,173863.70084141617,1,1,1,0,"90%Cut,Lim",110,SolarPV,134366.2,134739.3,134366.2,0.5640714945785509
prm15_wcost_re1_c2p1_co2_cut90p_t1,Wind,Chile,12324.5913361675,25245.0,12324.5913361675,1,1,1,0,"90%Cut,Lim",110,SolarPV,29276.438614299837,94117.1,29276.438614299837,0.2962568799580657
prm15_wcost_re1_c2p1_co2_cut90p_t1,Wind,Paraguay,3269.351032344911,80313.0,3269.351032344911,1,1,1,0,"90%Cut,Lim",110,SolarPV,8145.547817718256,11360.1,8145.547817718256,0.28641086314372544
prm15_wcost_re1_c2p1_co2_cut90p_t1,Wind,Uruguay,6734.288667423786,102552.0,6734.288667423786,1,1,1,0,"90%Cut,Lim",110,SolarPV,3231.617843309725,8111.2,3231.617843309725,0.6757326752133187
prm15_wcost_re16_c2p1_co2_cut90p_t1,Wind,Uruguay,7419.561170495035,102552.0,7419.561170495035,1,1,16,1,"90%Cut,Lim",111,SolarPV,3781.507642521961,8111.2,3781.507642521961,0.6623976063670467
prm15_wcost_re16_c2p1_co2_cut90p_t1,Wind,Paraguay,4118.586565497107,80313.0,4118.586565497107,1,1,16,1,"90%Cut,Lim",111,SolarPV,7396.158234474257,11360.1,7396.158234474257,0.357679361292258
prm15_wcost_re16_c2p1_co2_cut90p_t1,Wind,Chile,22500.0,25245.0,22500.0,1,1,16,1,"90%Cut,Lim",111,SolarPV,20033.10943371516,94117.1,20033.10943371516,0.5289996499095524
prm15_wcost_re16_c2p1_co2_cut90p_t1,Wind,Brazil,201301.7220496492,281991.0,201301.7220496492,1,1,16,1,"90%Cut,Lim",111,SolarPV,134026.7,134739.3,134026.7,0.600312138229202
prm15_wcost_re16_c2p1_co2_cut90p_t1,Wind,Argentina,69333.06180287243,631578.0,69333.06180287243,1,1,16,1,"90%Cut,Lim",111,SolarPV,9950.099501600482,68590.4,9950.099501600482,0.8744992084335677
prm15_wcost_re20_c2p1_co2_cut90p_t1,Wind,Argentina,66308.53664347358,631578.0,66308.53664347358,1,1,20,1,"90%Cut,Lim",111,SolarPV,8527.2,68590.4,8527.2,0.8860544389290294
prm15_wcost_re20_c2p1_co2_cut90p_t1,Wind,Brazil,199054.5865167449,281991.0,199054.5865167449,1,1,20,1,"90%Cut,Lim",111,SolarPV,125715.4,134739.3,125715.4,0.6129094275356686
prm15_wcost_re20_c2p1_co2_cut90p_t1,Wind,Chile,22500.0,25245.0,22500.0,1,1,20,1,"90%Cut,Lim",111,SolarPV,16023.398493621116,94117.1,16023.398493621116,0.5840606197743861
prm15_wcost_re18_c2p1_co2_cut90p_t1,Wind,Argentina,76930.08192392367,631578.0,76930.08192392367,1,1,18,1,"90%Cut,Lim",111,SolarPV,17481.1,68590.4,17481.1,0.8148407885192431
prm15_wcost_re18_c2p1_co2_cut90p_t1,Wind,Brazil,169283.03230745532,281991.0,169283.03230745532,1,1,18,1,"90%Cut,Lim",111,SolarPV,134739.3,134739.3,134739.3,0.5568111757535652
prm15_wcost_re18_c2p1_co2_cut90p_t1,Wind,Chile,17426.699820440546,25245.0,17426.699820440546,1,1,18,1,"90%Cut,Lim",111,SolarPV,27854.093728452004,94117.1,27854.093728452004,0.38485853393059094
prm15_wcost_re18_c2p1_co2_cut90p_t1,Wind,Paraguay,3984.3768302643857,80313.0,3984.3768302643857,1,1,18,1,"90%Cut,Lim",111,SolarPV,9217.2,11360.1,9217.2,0.3018106762163646
prm15_wcost_re18_c2p1_co2_cut90p_t1,Wind,Uruguay,8919.254151952622,102552.0,8919.254151952622,1,1,18,1,"90%Cut,Lim",111,SolarPV,4119.157479399002,8111.2,4119.157479399002,0.6840752082489675
prm15_wcost_re17_c2p1_co2_cut90p_t1,Wind,Uruguay,7862.562460169802,102552.0,7862.562460169802,1,1,17,1,"90%Cut,Lim",111,SolarPV,3753.528072785969,8111.2,3753.528072785969,0.6768682146427051
prm15_wcost_re19_c2p1_co2_cut90p_t1,Wind,Argentina,77997.31047384754,631578.0,77997.31047384754,1,1,19,1,"90%Cut,Lim",111,SolarPV,17624.0,68590.4,17624.0,0.8156896207271687
prm15_wcost_re19_c2p1_co2_cut90p_t1,Wind,Brazil,187180.43209372737,281991.0,187180.43209372737,1,1,19,1,"90%Cut,Lim",111,SolarPV,134739.3,134739.3,134739.3,0.5814506332877711
prm15_wcost_re19_c2p1_co2_cut90p_t1,Wind,Chile,18675.5931631788,25245.0,18675.5931631788,1,1,19,1,"90%Cut,Lim",111,SolarPV,27704.35407458525,94117.1,27704.35407458525,0.4026652524514416
prm15_wcost_re19_c2p1_co2_cut90p_t1,Wind,Paraguay,4061.245258158216,80313.0,4061.245258158216,1,1,19,1,"90%Cut,Lim",111,SolarPV,9214.781543988896,11360.1,9214.781543988896,0.3059081846310672
prm15_wcost_re19_c2p1_co2_cut90p_t1,Wind,Uruguay,9071.105096823065,102552.0,9071.105096823065,1,1,19,1,"90%Cut,Lim",111,SolarPV,4049.468533664745,8111.2,4049.468533664745,0.6913649778043897
prm15_wcost_re17_c2p1_co2_cut90p_t1,Wind,Paraguay,4114.267430476213,80313.0,4114.267430476213,1,1,17,1,"90%Cut,Lim",111,SolarPV,8010.2,11360.1,8010.2,0.33933592993408845
prm15_wcost_re17_c2p1_co2_cut90p_t1,Wind,Chile,19479.0,25245.0,19479.0,1,1,17,1,"90%Cut,Lim",111,SolarPV,26472.535733013305,94117.1,26472.535733013305,0.42390313379680056
prm15_wcost_re17_c2p1_co2_cut90p_t1,Wind,Brazil,197979.0,281991.0,197979.0,1,1,17,1,"90%Cut,Lim",111,SolarPV,134739.3,134739.3,134739.3,0.5950348988919455
prm15_wcost_re17_c2p1_co2_cut90p_t1,Wind,Argentina,73462.90414870085,631578.0,73462.90414870085,1,1,17,1,"90%Cut,Lim",111,SolarPV,13283.693640913676,68590.4,13283.693640913676,0.8468678428964966
prm15_wcost_re20_c2p1_co2_cut90p_t1,Wind,Paraguay,4461.638764176462,80313.0,4461.638764176462,1,1,20,1,"90%Cut,Lim",111,SolarPV,5624.2,11360.1,5624.2,0.44236665571371225
prm15_wcost_re20_c2p1_co2_cut90p_t1,Wind,Uruguay,7146.5263081339135,102552.0,7146.5263081339135,1,1,20,1,"90%Cut,Lim",111,SolarPV,3578.6344141931354,8111.2,3578.6344141931354,0.6663327938066856
prm15_wcost_re2_c2p1_co2_cut90p_t1,Wind,Brazil,186510.0,281991.0,186510.0,1,1,2,0,"90%Cut,Lim",110,SolarPV,134739.3,134739.3,134739.3,0.5805771405571934
prm15_wcost_re2_c2p1_co2_cut90p_t1,Wind,Paraguay,3347.54200079681,80313.0,3347.54200079681,1,1,2,0,"90%Cut,Lim",110,SolarPV,8717.751070963832,11360.1,8717.751070963832,0.2774521912469646
prm15_wcost_re2_c2p1_co2_cut90p_t1,Wind,Uruguay,7383.003510825596,102552.0,7383.003510825596,1,1,2,0,"90%Cut,Lim",110,SolarPV,3738.987531663544,8111.2,3738.987531663544,0.663820307229204
prm15_wcost_re15_c2p1_co2_cut90p_t1,Wind,Uruguay,8027.192840526401,102552.0,8027.192840526401,1,1,15,1,"90%Cut,Lim",111,SolarPV,3744.633780280853,8111.2,3744.633780280853,0.6818986635717148
prm15_wcost_re2_c2p1_co2_cut90p_t1,Wind,Argentina,72979.81556733642,631578.0,72979.81556733642,1,1,2,0,"90%Cut,Lim",110,SolarPV,25329.49439126134,68590.4,25329.49439126134,0.7423489758810364
prm15_wcost_re2_c2p1_co2_cut90p_t1,Wind,Chile,13048.620360779472,25245.0,13048.620360779472,1,1,2,0,"90%Cut,Lim",110,SolarPV,32528.092078337355,94117.1,32528.092078337355,0.2863001665205742
prm15_wcost_re15_c2p1_co2_cut90p_t1,Wind,Paraguay,4085.7509828799457,80313.0,4085.7509828799457,1,1,15,1,"90%Cut,Lim",111,SolarPV,8188.755861101449,11360.1,8188.755861101449,0.332864776957074
prm15_wcost_re15_c2p1_co2_cut90p_t1,Wind,Chile,19479.0,25245.0,19479.0,1,1,15,1,"90%Cut,Lim",111,SolarPV,26960.41167712594,94117.1,26960.41167712594,0.4194497582232403
prm15_wcost_re15_c2p1_co2_cut90p_t1,Wind,Brazil,193866.0,281991.0,193866.0,1,1,15,1,"90%Cut,Lim",111,SolarPV,134739.3,134739.3,134739.3,0.5899661387080488
prm15_wcost_re15_c2p1_co2_cut90p_t1,Wind,Argentina,74333.76612253125,631578.0,74333.76612253125,1,1,15,1,"90%Cut,Lim",111,SolarPV,17624.0,68590.4,17624.0,0.8083468015467394
prm15_wcost_re14_c2p1_co2_cut90p_tn,Wind,Paraguay,16527.54968334,80313.0,16527.54968334,1,0,14,1,"90%Cut,Full",101,SolarPV,6445.3810152936,11360.1,6445.3810152936,0.7194358395171163
prm15_wcost_re3_c2p1_co2_cut90p_tn,Wind,Uruguay,8450.882841699,102552.0,8450.882841699,1,0,3,0,"90%Cut,Full",100,SolarPV,4976.20475315735,8111.2,4976.20475315735,0.6293906092439856
prm15_wcost_re8_c2p1_co2_cut90p_tn,Wind,Paraguay,15069.0,80313.0,15069.0,1,0,8,0,"90%Cut,Full",100,SolarPV,8832.7230042999,11360.1,8832.7230042999,0.6304566410249629
prm15_wcost_re8_c2p1_co2_cut90p_tn,Wind,Argentina,85442.3621816702,631578.0,85442.3621816702,1,0,8,0,"90%Cut,Full",100,SolarPV,11341.2621098526,68590.4,11341.2621098526,0.8828183776659212
prm15_wcost_re8_c2p1_co2_cut90p_tn,Wind,Uruguay,8246.7582861587,102552.0,8246.7582861587,1,0,8,0,"90%Cut,Full",100,SolarPV,4920.2878246285,8111.2,4920.2878246285,0.6263180227949898
prm15_wcost_re8_c2p1_co2_cut90p_tn,Wind,Brazil,164421.525495665,281991.0,164421.525495665,1,0,8,0,"90%Cut,Full",100,SolarPV,134739.3,134739.3,134739.3,0.5496091449247842
prm15_wcost_re3_c2p1_co2_cut90p_tn,Wind,Paraguay,15094.6510530494,80313.0,15094.6510530494,1,0,3,0,"90%Cut,Full",100,SolarPV,8276.620028341,11360.1,8276.620028341,0.6458635048338754
prm15_wcost_re8_c2p1_co2_cut90p_tn,Wind,Chile,0.0,25245.0,0.0,1,0,8,0,"90%Cut,Full",100,SolarPV,31710.863829933,94117.1,31710.863829933,0.0
prm15_wcost_re19_c2p1_co2_cut90p_tn,Wind,Argentina,101578.427077184,631578.0,101578.427077184,1,0,19,1,"90%Cut,Full",101,SolarPV,1916.6961234762,68590.4,1916.6961234762,0.9814803242490949
prm15_wcost_re7_c2p1_co2_cut90p_tn,Wind,Paraguay,13754.38226028,80313.0,13754.38226028,1,0,7,0,"90%Cut,Full",100,SolarPV,7718.0494802816,11360.1,7718.0494802816,0.6405600644801612
prm15_wcost_re7_c2p1_co2_cut90p_tn,Wind,Uruguay,7442.7197994529,102552.0,7442.7197994529,1,0,7,0,"90%Cut,Full",100,SolarPV,4329.264825714785,8111.2,4329.264825714785,0.6322400203905195
prm15_wcost_re14_c2p1_co2_cut90p_tn,Wind,Argentina,106495.1591573579,631578.0,106495.1591573579,1,0,14,1,"90%Cut,Full",101,SolarPV,1062.139999338,68590.4,1062.139999338,0.9901248914981529
prm15_wcost_re14_c2p1_co2_cut90p_tn,Wind,Brazil,176512.5246929156,281991.0,176512.5246929156,1,0,14,1,"90%Cut,Full",101,SolarPV,134642.7999999996,134739.3,134642.7999999996,0.5672810673161998
prm15_wcost_re14_c2p1_co2_cut90p_tn,Wind,Chile,0.0,25245.0,0.0,1,0,14,1,"90%Cut,Full",101,SolarPV,25763.0,94117.1,25763.0,0.0
prm15_wcost_re19_c2p1_co2_cut90p_tn,Wind,Uruguay,9084.425176366,102552.0,9084.425176366,1,0,19,1,"90%Cut,Full",101,SolarPV,4438.36859383634,8111.2,4438.36859383634,0.6717861213252881
prm15_wcost_re11_c2p1_co2_cut90p_tn,Wind,Uruguay,7644.129104409,102552.0,7644.129104409,1,0,11,1,"90%Cut,Full",101,SolarPV,3788.40742747,8111.2,3788.40742747,0.6686293180077549
prm15_wcost_re11_c2p1_co2_cut90p_tn,Wind,Chile,0.0,25245.0,0.0,1,0,11,1,"90%Cut,Full",101,SolarPV,23370.8830071351,94117.1,23370.8830071351,0.0
prm15_wcost_re11_c2p1_co2_cut90p_tn,Wind,Brazil,165293.999999993,281991.0,165293.999999993,1,0,11,1,"90%Cut,Full",101,SolarPV,121156.8199583908,134739.3,121156.8199583908,0.5770414622098385
prm15_wcost_re11_c2p1_co2_cut90p_tn,Wind,Argentina,86634.436863304,631578.0,86634.436863304,1,0,11,1,"90%Cut,Full",101,SolarPV,501.9,68590.4,501.9,0.9942400608280406
prm15_wcost_re3_c2p1_co2_cut90p_tn,Wind,Chile,0.0,25245.0,0.0,1,0,3,0,"90%Cut,Full",100,SolarPV,32522.3037928426,94117.1,32522.3037928426,0.0
prm15_wcost_re19_c2p1_co2_cut90p_tn,Wind,Paraguay,16372.89825162,80313.0,16372.89825162,1,0,19,1,"90%Cut,Full",101,SolarPV,6640.8,11360.1,6640.8,0.7114414238253717
prm15_wcost_re19_c2p1_co2_cut90p_tn,Wind,Chile,0.0,25245.0,0.0,1,0,19,1,"90%Cut,Full",101,SolarPV,28684.800643166694,94117.1,28684.800643166694,0.0
prm15_wcost_re19_c2p1_co2_cut90p_tn,Wind,Brazil,190214.027380095,281991.0,190214.027380095,1,0,19,1,"90%Cut,Full",101,SolarPV,134642.7999999992,134739.3,134642.7999999992,0.5855318754238086
prm15_wcost_re11_c2p1_co2_cut90p_tn,Wind,Paraguay,13666.201125616,80313.0,13666.201125616,1,0,11,1,"90%Cut,Full",101,SolarPV,5541.5014666807,11360.1,5541.5014666807,0.7114958730721324
prm15_wcost_re3_c2p1_co2_cut90p_tn,Wind,Brazil,156086.7479454448,281991.0,156086.7479454448,1,0,3,0,"90%Cut,Full",100,SolarPV,134739.3,134739.3,134739.3,0.5367014029456009
prm15_wcost_re9_c2p1_co2_cut90p_tn,Wind,Argentina,83926.774796177,631578.0,83926.774796177,1,0,9,0,"90%Cut,Full",100,SolarPV,11598.019058822,68590.4,11598.019058822,0.8785862958633849
prm15_wcost_re9_c2p1_co2_cut90p_tn,Wind,Brazil,181785.3761156429,281991.0,181785.3761156429,1,0,9,0,"90%Cut,Full",100,SolarPV,134739.2999999997,134739.3,134739.2999999997,0.574316600988251
prm15_wcost_re9_c2p1_co2_cut90p_tn,Wind,Chile,0.0,25245.0,0.0,1,0,9,0,"90%Cut,Full",100,SolarPV,33780.284769449,94117.1,33780.284769449,0.0
prm15_wcost_re9_c2p1_co2_cut90p_tn,Wind,Paraguay,15374.592401803,80313.0,15374.592401803,1,0,9,0,"90%Cut,Full",100,SolarPV,8771.2999999996,11360.1,8771.2999999996,0.6367373856372861
prm15_wcost_re9_c2p1_co2_cut90p_tn,Wind,Uruguay,8394.351081934,102552.0,8394.351081934,1,0,9,0,"90%Cut,Full",100,SolarPV,5001.55570481487,8111.2,5001.55570481487,0.626635524982723
prm15_wcost_re10_c2p1_co2_cut90p_tn,Wind,Paraguay,10916.973916557,80313.0,10916.973916557,1,0,10,0,"90%Cut,Full",100,SolarPV,7543.378022166,11360.1,7543.378022166,0.5913740947515319
prm15_wcost_re10_c2p1_co2_cut90p_tn,Wind,Chile,60.0,25245.0,60.0,1,0,10,0,"90%Cut,Full",100,SolarPV,33987.18555869707,94117.1,33987.18555869707,0.0017622601990569967
prm15_wcost_re10_c2p1_co2_cut90p_tn,Wind,Brazil,151803.316992291,281991.0,151803.316992291,1,0,10,0,"90%Cut,Full",100,SolarPV,129552.39999999964,134739.3,129552.39999999964,0.5395423224915331
prm15_wcost_re10_c2p1_co2_cut90p_tn,Wind,Argentina,66617.919676108,631578.0,66617.919676108,1,0,10,0,"90%Cut,Full",100,SolarPV,5817.725546006,68590.4,5817.725546006,0.9196842172363242
prm15_wcost_re2_c2p1_co2_cut90p_tn,Wind,Uruguay,7688.703652137,102552.0,7688.703652137,1,0,2,0,"90%Cut,Full",100,SolarPV,4594.36148848466,8111.2,4594.36148848466,0.6259596903633995
prm15_wcost_re3_c2p1_co2_cut90p_tn,Wind,Argentina,85927.435874753,631578.0,85927.435874753,1,0,3,0,"90%Cut,Full",100,SolarPV,12033.794385585,68590.4,12033.794385585,0.8771575821005468
prm15_wcost_re7_c2p1_co2_cut90p_tn,Wind,Chile,0.0,25245.0,0.0,1,0,7,0,"90%Cut,Full",100,SolarPV,31609.869065415,94117.1,31609.869065415,0.0
prm15_wcost_re17_c2p1_co2_cut90p_tn,Wind,Argentina,95002.7783506992,631578.0,95002.7783506992,1,0,17,1,"90%Cut,Full",101,SolarPV,801.3587528802,68590.4,801.3587528802,0.9916354473083578
prm15_wcost_re17_c2p1_co2_cut90p_tn,Wind,Brazil,175475.9999999978,281991.0,175475.9999999978,1,0,17,1,"90%Cut,Full",101,SolarPV,132761.999999999,134739.3,132761.999999999,0.5692873688513409
prm15_wcost_re17_c2p1_co2_cut90p_tn,Wind,Chile,0.0,25245.0,0.0,1,0,17,1,"90%Cut,Full",101,SolarPV,23028.38304142,94117.1,23028.38304142,0.0
prm15_wcost_re17_c2p1_co2_cut90p_tn,Wind,Paraguay,15767.179385015,80313.0,15767.179385015,1,0,17,1,"90%Cut,Full",101,SolarPV,5926.7,11360.1,5926.7,0.7268031275174391
prm15_wcost_re17_c2p1_co2_cut90p_tn,Wind,Uruguay,8277.1477848046,102552.0,8277.1477848046,1,0,17,1,"90%Cut,Full",101,SolarPV,4179.3866758385,8111.2,4179.3866758385,0.6644823896210111
prm15_wcost_re10_c2p1_co2_cut90p_tn,Wind,Uruguay,6591.5978863795,102552.0,6591.5978863795,1,0,10,0,"90%Cut,Full",100,SolarPV,4246.7048367665,8111.2,4246.7048367665,0.6081762112348692
prm15_wcost_re18_c2p1_co2_cut90p_tn,Wind,Uruguay,9097.0646517507,102552.0,9097.0646517507,1,0,18,1,"90%Cut,Full",101,SolarPV,4271.9447954136,8111.2,4271.9447954136,0.6804591385549719
prm15_wcost_re18_c2p1_co2_cut90p_tn,Wind,Paraguay,16819.394608817,80313.0,16819.394608817,1,0,18,1,"90%Cut,Full",101,SolarPV,5488.470342536,11360.1,5488.470342536,0.7539670266740108
prm15_wcost_re18_c2p1_co2_cut90p_tn,Wind,Chile,0.0,25245.0,0.0,1,0,18,1,"90%Cut,Full",101,SolarPV,25440.129451574,94117.1,25440.129451574,0.0
prm15_wcost_re18_c2p1_co2_cut90p_tn,Wind,Brazil,174497.093030993,281991.0,174497.093030993,1,0,18,1,"90%Cut,Full",101,SolarPV,133875.2,134739.3,133875.2,0.5658650176248329
prm15_wcost_re18_c2p1_co2_cut90p_tn,Wind,Argentina,104034.0,631578.0,104034.0,1,0,18,1,"90%Cut,Full",101,SolarPV,1031.2,68590.4,1031.2,0.9901851421783807
prm15_wcost_re7_c2p1_co2_cut90p_tn,Wind,Brazil,161186.9999999951,281991.0,161186.9999999951,1,0,7,0,"90%Cut,Full",100,SolarPV,134202.49999999953,134739.3,134202.49999999953,0.5456761326993614
prm15_wcost_re4_c2p1_co2_cut90p_tn,Wind,Uruguay,8025.71655587,102552.0,8025.71655587,1,0,4,0,"90%Cut,Full",100,SolarPV,4539.0223130616005,8111.2,4539.0223130616005,0.6387491725526357
prm15_wcost_re5_c2p1_co2_cut90p_tn,Wind,Argentina,76631.3453289339,631578.0,76631.3453289339,1,0,5,0,"90%Cut,Full",100,SolarPV,8702.3,68590.4,8702.3,0.8980202947330397
prm15_wcost_re5_c2p1_co2_cut90p_tn,Wind,Brazil,161186.999999999,281991.0,161186.999999999,1,0,5,0,"90%Cut,Full",100,SolarPV,134516.3226002288,134739.3,134516.3226002288,0.545097020157307
prm15_wcost_re5_c2p1_co2_cut90p_tn,Wind,Chile,0.0,25245.0,0.0,1,0,5,0,"90%Cut,Full",100,SolarPV,31763.931619624,94117.1,31763.931619624,0.0
prm15_wcost_re5_c2p1_co2_cut90p_tn,Wind,Paraguay,13971.487284935,80313.0,13971.487284935,1,0,5,0,"90%Cut,Full",100,SolarPV,7693.2,11360.1,7693.2,0.6448967899319908
prm15_wcost_re4_c2p1_co2_cut90p_tn,Wind,Paraguay,15397.356153023,80313.0,15397.356153023,1,0,4,0,"90%Cut,Full",100,SolarPV,7852.8,11360.1,7852.8,0.6622474297240807
prm15_wcost_re4_c2p1_co2_cut90p_tn,Wind,Chile,0.0,25245.0,0.0,1,0,4,0,"90%Cut,Full",100,SolarPV,33385.4583901975,94117.1,33385.4583901975,0.0
prm15_wcost_re4_c2p1_co2_cut90p_tn,Wind,Brazil,166491.024304039,281991.0,166491.024304039,1,0,4,0,"90%Cut,Full",100,SolarPV,134739.2999999996,134739.3,134739.2999999996,0.5527033995953071
prm15_wcost_re4_c2p1_co2_cut90p_tn,Wind,Argentina,81246.3816782552,631578.0,81246.3816782552,1,0,4,0,"90%Cut,Full",100,SolarPV,10132.9816059692,68590.4,10132.9816059692,0.8891108315730786
prm15_wcost_re5_c2p1_co2_cut90p_tn,Wind,Uruguay,7550.5128481549,102552.0,7550.5128481549,1,0,5,0,"90%Cut,Full",100,SolarPV,4436.0567314405,8111.2,4436.0567314405,0.6299144052864009
prm15_wcost_re12_c2p1_co2_cut90p_tn,Wind,Uruguay,8610.132932508,102552.0,8610.132932508,1,0,12,1,"90%Cut,Full",101,SolarPV,4318.0785168432,8111.2,4318.0785168432,0.6659956766827245
prm15_wcost_re15_c2p1_co2_cut90p_tn,Wind,Argentina,100167.708582734,631578.0,100167.708582734,1,0,15,1,"90%Cut,Full",101,SolarPV,636.7,68590.4,636.7,0.9936838079906254
prm15_wcost_re15_c2p1_co2_cut90p_tn,Wind,Brazil,170632.674729724,281991.0,170632.674729724,1,0,15,1,"90%Cut,Full",101,SolarPV,133528.0,134739.3,133528.0,0.560995187432917
prm15_wcost_re15_c2p1_co2_cut90p_tn,Wind,Chile,0.0,25245.0,0.0,1,0,15,1,"90%Cut,Full",101,SolarPV,23276.84408192,94117.1,23276.84408192,0.0
prm15_wcost_re15_c2p1_co2_cut90p_tn,Wind,Paraguay,15912.5160502945,80313.0,15912.5160502945,1,0,15,1,"90%Cut,Full",101,SolarPV,6060.2,11360.1,6060.2,0.7241943150710868
prm15_wcost_re15_c2p1_co2_cut90p_tn,Wind,Uruguay,8386.704586804699,102552.0,8386.704586804699,1,0,15,1,"90%Cut,Full",101,SolarPV,4175.15069619416,8111.2,4175.15069619416,0.6676326384809746
prm15_wcost_re13_c2p1_co2_cut90p_tn,Wind,Uruguay,9313.38675331,102552.0,9313.38675331,1,0,13,1,"90%Cut,Full",101,SolarPV,4498.3071395936,8111.2,4498.3071395936,0.6743116974301889
prm15_wcost_re13_c2p1_co2_cut90p_tn,Wind,Paraguay,17009.456038645,80313.0,17009.456038645,1,0,13,1,"90%Cut,Full",101,SolarPV,5910.460036841,11360.1,5910.460036841,0.7421255812030423
prm15_wcost_re13_c2p1_co2_cut90p_tn,Wind,Chile,0.0,25245.0,0.0,1,0,13,1,"90%Cut,Full",101,SolarPV,29217.5316343551,94117.1,29217.5316343551,0.0
prm15_wcost_re13_c2p1_co2_cut90p_tn,Wind,Brazil,170214.867921082,281991.0,170214.867921082,1,0,13,1,"90%Cut,Full",101,SolarPV,134567.7999999992,134739.3,134567.7999999992,0.558479486652294
prm15_wcost_re20_c2p1_co2_cut90p_tn,Wind,Uruguay,7744.006290659,102552.0,7744.006290659,1,0,20,1,"90%Cut,Full",101,SolarPV,3326.65767798114,8111.2,3326.65767798114,0.6995069412815202
prm15_wcost_re20_c2p1_co2_cut90p_tn,Wind,Paraguay,13109.66869301,80313.0,13109.66869301,1,0,20,1,"90%Cut,Full",101,SolarPV,5896.42915166,11360.1,5896.42915166,0.6897611913897638
prm15_wcost_re20_c2p1_co2_cut90p_tn,Wind,Chile,69.0,25245.0,69.0,1,0,20,1,"90%Cut,Full",101,SolarPV,23473.5672605635,94117.1,23473.5672605635,0.0029308613303011734
prm15_wcost_re20_c2p1_co2_cut90p_tn,Wind,Brazil,172352.6841739809,281991.0,172352.6841739809,1,0,20,1,"90%Cut,Full",101,SolarPV,116706.9,134739.3,116706.9,0.5962531381427721
prm15_wcost_re20_c2p1_co2_cut90p_tn,Wind,Argentina,82242.4118591344,631578.0,82242.4118591344,1,0,20,1,"90%Cut,Full",101,SolarPV,679.9729913169,68590.4,679.9729913169,0.9917998862123513
prm15_wcost_re13_c2p1_co2_cut90p_tn,Wind,Argentina,104034.0,631578.0,104034.0,1,0,13,1,"90%Cut,Full",101,SolarPV,1934.0282548054,68590.4,1934.0282548054,0.9817489455389796
prm15_wcost_re1_c2p1_co2_cut90p_tn,Wind,Chile,0.0,25245.0,0.0,1,0,1,0,"90%Cut,Full",100,SolarPV,34141.923941762,94117.1,34141.923941762,0.0
prm15_wcost_re1_c2p1_co2_cut90p_tn,Wind,Brazil,148524.821607413,281991.0,148524.821607413,1,0,1,0,"90%Cut,Full",100,SolarPV,131494.1396395443,134739.3,131494.1396395443,0.5304098727672388
prm15_wcost_re1_c2p1_co2_cut90p_tn,Wind,Argentina,67783.4364402958,631578.0,67783.4364402958,1,0,1,0,"90%Cut,Full",100,SolarPV,6124.0395687818,68590.4,6124.0395687818,0.917139105548272
prm15_wcost_re1_c2p1_co2_cut90p_tn,Wind,Paraguay,11322.044662921,80313.0,11322.044662921,1,0,1,0,"90%Cut,Full",100,SolarPV,7352.2922137425,11360.1,7352.2922137425,0.6062889803101744
prm15_wcost_re2_c2p1_co2_cut90p_tn,Wind,Argentina,77885.8233342429,631578.0,77885.8233342429,1,0,2,0,"90%Cut,Full",100,SolarPV,9140.0996677807,68590.4,9140.0996677807,0.8949726776518283
prm15_wcost_re2_c2p1_co2_cut90p_tn,Wind,Brazil,161774.581302271,281991.0,161774.581302271,1,0,2,0,"90%Cut,Full",100,SolarPV,134739.2999999997,134739.3,134739.2999999997,0.545588559266659
prm15_wcost_re2_c2p1_co2_cut90p_tn,Wind,Chile,0.0,25245.0,0.0,1,0,2,0,"90%Cut,Full",100,SolarPV,34237.532069548,94117.1,34237.532069548,0.0
prm15_wcost_re16_c2p1_co2_cut90p_tn,Wind,Uruguay,7843.23046435,102552.0,7843.23046435,1,0,16,1,"90%Cut,Full",101,SolarPV,4183.31622290417,8111.2,4183.31622290417,0.6521598151414753
prm15_wcost_re2_c2p1_co2_cut90p_tn,Wind,Paraguay,14656.53858142,80313.0,14656.53858142,1,0,2,0,"90%Cut,Full",100,SolarPV,7693.2,11360.1,7693.2,0.6557812087164373
prm15_wcost_re16_c2p1_co2_cut90p_tn,Wind,Argentina,89730.4174751477,631578.0,89730.4174751477,1,0,16,1,"90%Cut,Full",101,SolarPV,776.9,68590.4,776.9,0.9914161636686081
prm15_wcost_re16_c2p1_co2_cut90p_tn,Wind,Brazil,166759.456025877,281991.0,166759.456025877,1,0,16,1,"90%Cut,Full",101,SolarPV,127887.4,134739.3,127887.4,0.5659638058762506
prm15_wcost_re16_c2p1_co2_cut90p_tn,Wind,Chile,0.0,25245.0,0.0,1,0,16,1,"90%Cut,Full",101,SolarPV,23640.8534676398,94117.1,23640.8534676398,0.0
prm15_wcost_re16_c2p1_co2_cut90p_tn,Wind,Paraguay,14237.902109969,80313.0,14237.902109969,1,0,16,1,"90%Cut,Full",101,SolarPV,5581.62672729,11360.1,5581.62672729,0.7183774259659985
prm15_wcost_re1_c2p1_co2_cut90p_tn,Wind,Uruguay,6817.19407409733,102552.0,6817.19407409733,1,0,1,0,"90%Cut,Full",100,SolarPV,4188.6503964419,8111.2,4188.6503964419,0.6194158106037022
prm15_wcost_re6_c2p1_co2_cut90p_tn,Wind,Argentina,71204.7029537988,631578.0,71204.7029537988,1,0,6,0,"90%Cut,Full",100,SolarPV,6743.6,68590.4,6743.6,0.9134862499316112
prm15_wcost_re6_c2p1_co2_cut90p_tn,Wind,Brazil,148850.150807335,281991.0,148850.150807335,1,0,6,0,"90%Cut,Full",100,SolarPV,132564.7274670951,134739.3,132564.7274670951,0.528934901097089
prm15_wcost_re6_c2p1_co2_cut90p_tn,Wind,Chile,0.0,25245.0,0.0,1,0,6,0,"90%Cut,Full",100,SolarPV,34184.3008057191,94117.1,34184.3008057191,0.0
prm15_wcost_re6_c2p1_co2_cut90p_tn,Wind,Paraguay,12068.745442307,80313.0,12068.745442307,1,0,6,0,"90%Cut,Full",100,SolarPV,7285.9952533888,11360.1,7285.9952533888,0.6235550055698191
prm15_wcost_re14_c2p1_co2_cut90p_tn,Wind,Uruguay,8943.4662676134,102552.0,8943.4662676134,1,0,14,1,"90%Cut,Full",101,SolarPV,4285.40705246279,8111.2,4285.40705246279,0.67605653567192
prm15_wcost_re12_c2p1_co2_cut90p_tn,Wind,Paraguay,16080.174477639,80313.0,16080.174477639,1,0,12,1,"90%Cut,Full",101,SolarPV,6215.2423565602,11360.1,6215.2423565602,0.7212322872104114
prm15_wcost_re12_c2p1_co2_cut90p_tn,Wind,Chile,0.0,25245.0,0.0,1,0,12,1,"90%Cut,Full",101,SolarPV,24879.0378881089,94117.1,24879.0378881089,0.0
prm15_wcost_re12_c2p1_co2_cut90p_tn,Wind,Brazil,175053.016390149,281991.0,175053.016390149,1,0,12,1,"90%Cut,Full",101,SolarPV,134567.8,134739.3,134567.8,0.5653787055763301
prm15_wcost_re12_c2p1_co2_cut90p_tn,Wind,Argentina,102360.7806407768,631578.0,102360.7806407768,1,0,12,1,"90%Cut,Full",101,SolarPV,912.926470964546,68590.4,912.926470964546,0.9911601268464512
prm15_wcost_re7_c2p1_co2_cut90p_tn,Wind,Argentina,74211.024140416,631578.0,74211.024140416,1,0,7,0,"90%Cut,Full",100,SolarPV,8463.3,68590.4,8463.3,0.8976308534965979
prm15_wcost_re6_c2p1_co2_cut90p_tn,Wind,Uruguay,7018.9818115868,102552.0,7018.9818115868,1,0,6,0,"90%Cut,Full",100,SolarPV,4318.0579075968,8111.2,4318.0579075968,0.619119451412864
prm15_wcost_re10_c2p1_co2_cut90p_t1,Wind,system-wide,254829.72139018858,1121679.0,254829.72139018858,1,1,10,0,"90%Cut,Lim",110,SolarPV,190993.88158524473,316918.1,190993.88158524473,0.5715931585709039
prm15_wcost_re10_c2p1_co2_cut90p_tn,Wind,system-wide,235989.80847133548,1121679.0,235989.80847133548,1,0,10,0,"90%Cut,Full",100,SolarPV,181147.39396363523,316918.1,181147.39396363523,0.5657366619274984
prm15_wcost_re10_c2p1_t1,Wind,system-wide,107267.9841166373,1121679.0,107267.9841166373,0,1,10,0,"NoCut,Lim",10,SolarPV,128517.2084799427,316918.1,128517.2084799427,0.4549394426993088
prm15_wcost_re10_c2p1_tn,Wind,system-wide,113634.386257612,1121679.0,113634.386257612,0,0,10,0,"NoCut,Full",0,SolarPV,108300.0767941575,316918.1,108300.0767941575,0.5120177582834672
prm15_wcost_re11_c2p1_co2_cut90p_t1,Wind,system-wide,297378.297560957,1121679.0,297378.297560957,1,1,11,1,"90%Cut,Lim",111,SolarPV,168486.7084312396,316918.1,168486.7084312396,0.6383357705256321
prm15_wcost_re11_c2p1_co2_cut90p_tn,Wind,system-wide,273238.76709332195,1121679.0,273238.76709332195,1,0,11,1,"90%Cut,Full",101,SolarPV,154359.5118596766,316918.1,154359.5118596766,0.6390081077088625
prm15_wcost_re11_c2p1_t1,Wind,system-wide,122883.60560014383,1121679.0,122883.60560014383,0,1,11,1,"NoCut,Lim",11,SolarPV,30053.803874965615,316918.1,30053.803874965615,0.803489519156156
prm15_wcost_re11_c2p1_tn,Wind,system-wide,127080.1448107417,1121679.0,127080.1448107417,0,0,11,1,"NoCut,Full",1,SolarPV,23161.5,316918.1,23161.5,0.8458383490863909
prm15_wcost_re12_c2p1_co2_cut90p_t1,Wind,system-wide,299792.89055880264,1121679.0,299792.89055880264,1,1,12,1,"90%Cut,Lim",111,SolarPV,191806.18912856092,316918.1,191806.18912856092,0.6098320825772464
prm15_wcost_re12_c2p1_co2_cut90p_tn,Wind,system-wide,302104.1044410728,1121679.0,302104.1044410728,1,0,12,1,"90%Cut,Full",101,SolarPV,170893.08523247682,316918.1,170893.08523247682,0.6387016900662289
prm15_wcost_re12_c2p1_t1,Wind,system-wide,78954.82470553857,1121679.0,78954.82470553857,0,1,12,1,"NoCut,Lim",11,SolarPV,95272.02936570221,316918.1,95272.02936570221,0.4531725325950855
prm15_wcost_re12_c2p1_tn,Wind,system-wide,83173.97258699038,1121679.0,83173.97258699038,0,0,12,1,"NoCut,Full",1,SolarPV,93049.13052669,316918.1,93049.13052669,0.4719810916808983
prm15_wcost_re13_c2p1_co2_cut90p_t1,Wind,system-wide,282883.57510019414,1121679.0,282883.57510019414,1,1,13,1,"90%Cut,Lim",111,SolarPV,196634.74331627396,316918.1,196634.74331627396,0.5899327809506246
prm15_wcost_re13_c2p1_co2_cut90p_tn,Wind,system-wide,300571.710713037,1121679.0,300571.710713037,1,0,13,1,"90%Cut,Full",101,SolarPV,176128.1270655943,316918.1,176128.1270655943,0.6305261443210638
prm15_wcost_re13_c2p1_t1,Wind,system-wide,50839.550761493534,1121679.0,50839.550761493534,0,1,13,1,"NoCut,Lim",11,SolarPV,122804.84404916009,316918.1,122804.84404916009,0.2927796823901532
prm15_wcost_re13_c2p1_tn,Wind,system-wide,45357.494931096,1121679.0,45357.494931096,0,0,13,1,"NoCut,Full",1,SolarPV,121406.0619736137,316918.1,121406.0619736137,0.2719868523613568
prm15_wcost_re14_c2p1_co2_cut90p_t1,Wind,system-wide,295861.2870613184,1121679.0,295861.2870613184,1,1,14,1,"90%Cut,Lim",111,SolarPV,192308.3161341623,316918.1,192308.3161341623,0.6060624937002579
prm15_wcost_re14_c2p1_co2_cut90p_tn,Wind,system-wide,308478.6998012269,1121679.0,308478.6998012269,1,0,14,1,"90%Cut,Full",101,SolarPV,172198.728067094,316918.1,172198.728067094,0.6417582393441055
prm15_wcost_re14_c2p1_t1,Wind,system-wide,77510.79919332865,1121679.0,77510.79919332865,0,1,14,1,"NoCut,Lim",11,SolarPV,104620.43125295965,316918.1,104620.43125295965,0.42557665153526264
prm15_wcost_re14_c2p1_tn,Wind,system-wide,76775.01656183609,1121679.0,76775.01656183609,0,0,14,1,"NoCut,Full",1,SolarPV,102951.68324163322,316918.1,102951.68324163322,0.42717646652272245
prm15_wcost_re15_c2p1_co2_cut90p_t1,Wind,system-wide,299791.7099459376,1121679.0,299791.7099459376,1,1,15,1,"90%Cut,Lim",111,SolarPV,191257.10131850824,316918.1,191257.10131850824,0.6105130550545004
prm15_wcost_re15_c2p1_co2_cut90p_tn,Wind,system-wide,295099.6039495572,1121679.0,295099.6039495572,1,0,15,1,"90%Cut,Full",101,SolarPV,167676.89477811416,316918.1,167676.89477811416,0.6376719750481831
prm15_wcost_re15_c2p1_t1,Wind,system-wide,85869.22192717675,1121679.0,85869.22192717675,0,1,15,1,"NoCut,Lim",11,SolarPV,88270.90056277529,316918.1,88270.90056277529,0.4931041778274357
prm15_wcost_re15_c2p1_tn,Wind,system-wide,92081.82371085501,1121679.0,92081.82371085501,0,0,15,1,"NoCut,Full",1,SolarPV,86026.0165562586,316918.1,86026.0165562586,0.5170003946640258
prm15_wcost_re16_c2p1_co2_cut90p_t1,Wind,system-wide,304672.9315885138,1121679.0,304672.9315885138,1,1,16,1,"90%Cut,Lim",111,SolarPV,175187.57481231188,316918.1,175187.57481231188,0.6349197892397955
prm15_wcost_re16_c2p1_co2_cut90p_tn,Wind,system-wide,278571.0060753437,1121679.0,278571.0060753437,1,0,16,1,"90%Cut,Full",101,SolarPV,162070.09641783396,316918.1,162070.09641783396,0.6321947827816556
prm15_wcost_re16_c2p1_t1,Wind,system-wide,113070.64884180183,1121679.0,113070.64884180183,0,1,16,1,"NoCut,Lim",11,SolarPV,60490.715863163656,316918.1,60490.715863163656,0.6514736101205992
prm15_wcost_re16_c2p1_tn,Wind,system-wide,115115.0332798971,1121679.0,115115.0332798971,0,0,16,1,"NoCut,Full",1,SolarPV,51383.0598597265,316918.1,51383.0598597265,0.6913894994783082
prm15_wcost_re17_c2p1_co2_cut90p_t1,Wind,system-wide,302897.73403934686,1121679.0,302897.73403934686,1,1,17,1,"90%Cut,Lim",111,SolarPV,186259.25744671293,316918.1,186259.25744671293,0.6192239696281209
prm15_wcost_re17_c2p1_co2_cut90p_tn,Wind,system-wide,294523.1055205166,1121679.0,294523.1055205166,1,0,17,1,"90%Cut,Full",101,SolarPV,166697.8284701377,316918.1,166697.8284701377,0.6385727182246339
prm15_wcost_re17_c2p1_t1,Wind,system-wide,95237.55288566697,1121679.0,95237.55288566697,0,1,17,1,"NoCut,Lim",11,SolarPV,86429.39653690238,316918.1,86429.39653690238,0.5242425944200676
prm15_wcost_re17_c2p1_tn,Wind,system-wide,100595.368761968,1121679.0,100595.368761968,0,0,17,1,"NoCut,Full",1,SolarPV,81888.1087402359,316918.1,81888.1087402359,0.5512574077329992
prm15_wcost_re18_c2p1_co2_cut90p_t1,Wind,system-wide,276543.44503403653,1121679.0,276543.44503403653,1,1,18,1,"90%Cut,Lim",111,SolarPV,193410.851207851,316918.1,193410.851207851,0.5884475304204867
prm15_wcost_re18_c2p1_co2_cut90p_tn,Wind,system-wide,304447.5522915607,1121679.0,304447.5522915607,1,0,18,1,"90%Cut,Full",101,SolarPV,170106.94458952363,316918.1,170106.94458952363,0.6415439202293564
prm15_wcost_re18_c2p1_t1,Wind,system-wide,58579.99972980276,1121679.0,58579.99972980276,0,1,18,1,"NoCut,Lim",11,SolarPV,117062.46850851881,316918.1,117062.46850851881,0.333518427048737
prm15_wcost_re18_c2p1_tn,Wind,system-wide,55586.9999999996,1121679.0,55586.9999999996,0,0,18,1,"NoCut,Full",1,SolarPV,117154.36580267236,316918.1,117154.36580267236,0.32179321809634426
prm15_wcost_re19_c2p1_co2_cut90p_t1,Wind,system-wide,296985.686085735,1121679.0,296985.686085735,1,1,19,1,"90%Cut,Lim",111,SolarPV,193331.9041522389,316918.1,193331.9041522389,0.605700656061705
prm15_wcost_re19_c2p1_co2_cut90p_tn,Wind,system-wide,317249.777885265,1121679.0,317249.777885265,1,0,19,1,"90%Cut,Full",101,SolarPV,176323.46536047844,316918.1,176323.46536047844,0.6427612967814599
prm15_wcost_re19_c2p1_t1,Wind,system-wide,56724.96242618897,1121679.0,56724.96242618897,0,1,19,1,"NoCut,Lim",11,SolarPV,117793.52740094037,316918.1,117793.52740094037,0.3250369773562579
prm15_wcost_re19_c2p1_tn,Wind,system-wide,53308.78078323,1121679.0,53308.78078323,0,0,19,1,"NoCut,Full",1,SolarPV,117068.4207814528,316918.1,117068.4207814528,0.3128868199128837
prm15_wcost_re1_c2p1_co2_cut90p_t1,Wind,system-wide,259239.49631571525,1121679.0,259239.49631571525,1,1,1,0,"90%Cut,Lim",110,SolarPV,193232.80427532783,316918.1,193232.80427532783,0.5729400362786473
prm15_wcost_re1_c2p1_co2_cut90p_tn,Wind,system-wide,234447.49678472715,1121679.0,234447.49678472715,1,0,1,0,"90%Cut,Full",100,SolarPV,183301.04576027248,316918.1,183301.04576027248,0.56121679170065
prm15_wcost_re1_c2p1_t1,Wind,system-wide,97741.66968192233,1121679.0,97741.66968192233,0,1,1,0,"NoCut,Lim",10,SolarPV,134263.8411374437,316918.1,134263.8411374437,0.42129029322075745
prm15_wcost_re1_c2p1_tn,Wind,system-wide,98655.5387302359,1121679.0,98655.5387302359,0,0,1,0,"NoCut,Full",0,SolarPV,132050.267818471,316918.1,132050.267818471,0.4276248621831181
prm15_wcost_re20_c2p1_co2_cut90p_t1,Wind,system-wide,299471.28823252884,1121679.0,299471.28823252884,1,1,20,1,"90%Cut,Lim",111,SolarPV,159468.83290781424,316918.1,159468.83290781424,0.6525280193163828
prm15_wcost_re20_c2p1_co2_cut90p_tn,Wind,system-wide,275517.7710167843,1121679.0,275517.7710167843,1,0,20,1,"90%Cut,Full",101,SolarPV,150083.52708152152,316918.1,150083.52708152152,0.6473612093005058
prm15_wcost_re20_c2p1_t1,Wind,system-wide,137921.19741846246,1121679.0,137921.19741846246,0,1,20,1,"NoCut,Lim",11,SolarPV,24188.38433404207,316918.1,24188.38433404207,0.8507899158547526
prm15_wcost_re20_c2p1_tn,Wind,system-wide,141044.388246435,1121679.0,141044.388246435,0,0,20,1,"NoCut,Full",1,SolarPV,17734.5684838231,316918.1,17734.5684838231,0.8883065561770159
prm15_wcost_re2_c2p1_co2_cut90p_t1,Wind,system-wide,283268.9814397383,1121679.0,283268.9814397383,1,1,2,0,"90%Cut,Lim",110,SolarPV,205053.62507222604,316918.1,205053.62507222604,0.580085741807241
prm15_wcost_re2_c2p1_co2_cut90p_tn,Wind,system-wide,262005.6468700709,1121679.0,262005.6468700709,1,0,2,0,"90%Cut,Full",100,SolarPV,190404.49322581306,316918.1,190404.49322581306,0.5791330115070836
prm15_wcost_re2_c2p1_t1,Wind,system-wide,57219.093530784885,1121679.0,57219.093530784885,0,1,2,0,"NoCut,Lim",10,SolarPV,150093.2695365069,316918.1,150093.2695365069,0.27600425118984373
prm15_wcost_re2_c2p1_tn,Wind,system-wide,61115.67961348,1121679.0,61115.67961348,0,0,2,0,"NoCut,Full",0,SolarPV,139000.20515178802,316918.1,139000.20515178802,0.30540144119577256
prm15_wcost_re3_c2p1_co2_cut90p_t1,Wind,system-wide,244071.4243389723,1121679.0,244071.4243389723,1,1,3,0,"90%Cut,Lim",110,SolarPV,213359.08162208882,316918.1,213359.08162208882,0.5335705012200235
prm15_wcost_re3_c2p1_co2_cut90p_tn,Wind,system-wide,265559.7177149462,1121679.0,265559.7177149462,1,0,3,0,"90%Cut,Full",100,SolarPV,192548.22295992594,316918.1,192548.22295992594,0.5796880912470779
prm15_wcost_re3_c2p1_t1,Wind,system-wide,34790.92178746445,1121679.0,34790.92178746445,0,1,3,0,"NoCut,Lim",10,SolarPV,153198.07621358437,316918.1,153198.07621358437,0.18506892508289421
prm15_wcost_re3_c2p1_tn,Wind,system-wide,30465.817087962,1121679.0,30465.817087962,0,0,3,0,"NoCut,Full",0,SolarPV,149521.30648655278,316918.1,149521.30648655278,0.16926664798523286
prm15_wcost_re4_c2p1_co2_cut90p_t1,Wind,system-wide,279645.08882132405,1121679.0,279645.08882132405,1,1,4,0,"90%Cut,Lim",110,SolarPV,204891.29495406724,316918.1,204891.29495406724,0.5771395052780074
prm15_wcost_re4_c2p1_co2_cut90p_tn,Wind,system-wide,271160.47869118716,1121679.0,271160.47869118716,1,0,4,0,"90%Cut,Full",100,SolarPV,190649.5623092279,316918.1,190649.5623092279,0.5871688673199364
prm15_wcost_re4_c2p1_t1,Wind,system-wide,53897.25800674147,1121679.0,53897.25800674147,0,1,4,0,"NoCut,Lim",10,SolarPV,151750.47135214257,316918.1,151750.47135214257,0.26208535428408847
prm15_wcost_re4_c2p1_tn,Wind,system-wide,50810.791311274,1121679.0,50810.791311274,0,0,4,0,"NoCut,Full",0,SolarPV,142761.21049488022,316918.1,142761.21049488022,0.26249039549715797
prm15_wcost_re5_c2p1_co2_cut90p_t1,Wind,system-wide,283534.68796218303,1121679.0,283534.68796218303,1,1,5,0,"90%Cut,Lim",110,SolarPV,203738.07450076618,316918.1,203738.07450076618,0.5818808474519283
prm15_wcost_re5_c2p1_co2_cut90p_tn,Wind,system-wide,259340.34546202281,1121679.0,259340.34546202281,1,0,5,0,"90%Cut,Full",100,SolarPV,187111.8109512933,316918.1,187111.8109512933,0.5808916851146999
prm15_wcost_re5_c2p1_t1,Wind,system-wide,57928.46575133751,1121679.0,57928.46575133751,0,1,5,0,"NoCut,Lim",10,SolarPV,145763.2869255573,316918.1,145763.2869255573,0.2843927895462036
prm15_wcost_re5_c2p1_tn,Wind,system-wide,63081.016554513,1121679.0,63081.016554513,0,0,5,0,"NoCut,Full",0,SolarPV,134838.06343040592,316918.1,134838.06343040592,0.31872124991344775
prm15_wcost_re6_c2p1_co2_cut90p_t1,Wind,system-wide,268547.927156183,1121679.0,268547.927156183,1,1,6,0,"90%Cut,Lim",110,SolarPV,197377.84155137505,316918.1,197377.84155137505,0.576374918908465
prm15_wcost_re6_c2p1_co2_cut90p_tn,Wind,system-wide,239142.58101502762,1121679.0,239142.58101502762,1,0,6,0,"90%Cut,Full",100,SolarPV,185096.6814337998,316918.1,185096.6814337998,0.5636974278020142
prm15_wcost_re6_c2p1_t1,Wind,system-wide,80575.58430507498,1121679.0,80575.58430507498,0,1,6,0,"NoCut,Lim",10,SolarPV,137884.42191562225,316918.1,137884.42191562225,0.3688344869114131
prm15_wcost_re6_c2p1_tn,Wind,system-wide,78606.472540603,1121679.0,78606.472540603,0,0,6,0,"NoCut,Full",0,SolarPV,120875.9784353936,316918.1,120875.9784353936,0.3940520690216584
prm15_wcost_re7_c2p1_co2_cut90p_t1,Wind,system-wide,283082.5540299047,1121679.0,283082.5540299047,1,1,7,0,"90%Cut,Lim",110,SolarPV,201359.26453816093,316918.1,201359.26453816093,0.584347889013076
prm15_wcost_re7_c2p1_co2_cut90p_tn,Wind,system-wide,256595.126200144,1121679.0,256595.126200144,1,0,7,0,"90%Cut,Full",100,SolarPV,186322.98337141093,316918.1,186322.98337141093,0.5793285951851336
prm15_wcost_re7_c2p1_t1,Wind,system-wide,62907.06756681437,1121679.0,62907.06756681437,0,1,7,0,"NoCut,Lim",10,SolarPV,144110.62140652686,316918.1,144110.62140652686,0.30387290998555805
prm15_wcost_re7_c2p1_tn,Wind,system-wide,66166.3484165117,1121679.0,66166.3484165117,0,0,7,0,"NoCut,Full",0,SolarPV,132000.10631786275,316918.1,132000.10631786275,0.33389277970987646
prm15_wcost_re8_c2p1_co2_cut90p_t1,Wind,system-wide,253885.25351618245,1121679.0,253885.25351618245,1,1,8,0,"90%Cut,Lim",110,SolarPV,210071.198945324,316918.1,210071.198945324,0.5472178523850723
prm15_wcost_re8_c2p1_co2_cut90p_tn,Wind,system-wide,273179.6459634939,1121679.0,273179.6459634939,1,0,8,0,"90%Cut,Full",100,SolarPV,191544.436768714,316918.1,191544.436768714,0.5878319116956774
prm15_wcost_re8_c2p1_t1,Wind,system-wide,45283.809280838825,1121679.0,45283.809280838825,0,1,8,0,"NoCut,Lim",10,SolarPV,152722.9447741394,316918.1,152722.9447741394,0.22869830626214596
prm15_wcost_re8_c2p1_tn,Wind,system-wide,41288.69588628,1121679.0,41288.69588628,0,0,8,0,"NoCut,Full",0,SolarPV,147620.4404729507,316918.1,147620.4404729507,0.21856378511923943
prm15_wcost_re9_c2p1_co2_cut90p_t1,Wind,system-wide,270260.0193771983,1121679.0,270260.0193771983,1,1,9,0,"90%Cut,Lim",110,SolarPV,210746.9693488675,316918.1,210746.9693488675,0.5618629785254778
prm15_wcost_re9_c2p1_co2_cut90p_tn,Wind,system-wide,289481.0943955569,1121679.0,289481.0943955569,1,0,9,0,"90%Cut,Full",100,SolarPV,193890.45953308517,316918.1,193890.45953308517,0.5988790445833552
prm15_wcost_re9_c2p1_t1,Wind,system-wide,44703.33820256174,1121679.0,44703.33820256174,0,1,9,0,"NoCut,Lim",10,SolarPV,152925.2011287971,316918.1,152925.2011287971,0.22619879878588164
prm15_wcost_re9_c2p1_tn,Wind,system-wide,42063.096065168,1121679.0,42063.096065168,0,0,9,0,"NoCut,Full",0,SolarPV,147640.21792990994,316918.1,147640.21792990994,0.2217309501839244
