tech,scs,2020,2025,2030,2035,2040,2045,2050,emis_policy,exist_trd,op_char,fixed_pv,pol,group
Solar,prm15_wcost_re11_c2p1_t1,1.6057729392249853,1.3661853909095352,1.217553763966773,1.0559272592300577,1.1370984826593475,1.1125818024214722,2.451892316033954,0,1,11,1,"NoCut,Lim",011
Solar,prm15_wcost_re10_c2p1_t1,1.6103515414586222,3.9017445148806615,9.351168867455877,8.890033751283205,9.665998315885135,11.392280911788385,13.38280212311029,0,1,10,0,"NoCut,Lim",010
Solar,prm15_wcost_re12_c2p1_t1,1.6057729392249853,1.3683399067417195,2.618728918047005,4.046003374365054,3.5423423020080524,5.427890033582292,7.730510087912629,0,1,12,1,"NoCut,Lim",011
Solar,prm15_wcost_re13_c2p1_t1,1.6057729392249853,1.3683086429831453,5.965253696701305,10.62401127506177,9.254853039504894,9.865425837079979,9.959177876376916,0,1,13,1,"NoCut,Lim",011
BNG,prm15_wcost_re17_c2p1_t1,13.014141173714178,10.233644366782523,9.741220947687616,8.557658561942096,7.537641307387849,6.1485729727945815,5.362070288029247,0,1,17,1,"NoCut,Lim",011
BNG,prm15_wcost_re18_c2p1_t1,13.014141173714178,10.856336442773614,9.823368215018347,8.502938408131836,7.566723183669126,6.179594598333128,5.386056145579146,0,1,18,1,"NoCut,Lim",011
BNG,prm15_wcost_re19_c2p1_t1,13.014141173714178,10.954428890301367,9.82344716925449,8.492687601941485,7.557766258542233,6.182851314821671,5.3878154055488015,0,1,19,1,"NoCut,Lim",011
BNG,prm15_wcost_re1_c2p1_t1,13.014732080552859,9.129951243944163,8.51736980564651,8.124089480908584,7.063651781708019,5.7580470262100425,5.023801025073311,0,1,1,0,"NoCut,Lim",010
BNG,prm15_wcost_re20_c2p1_t1,13.014141173714178,9.50405292541252,8.948799830238233,8.226718702550992,7.138741121337932,6.128991986208454,5.358776653688857,0,1,20,1,"NoCut,Lim",011
Fossil,prm15_wcost_re15_c2p1_t1,21.614211693525483,22.395795040835466,22.592861441954717,28.04750972664887,34.57472003171453,35.98297112362544,37.72719295523641,0,1,15,1,"NoCut,Lim",011
BNG,prm15_wcost_re16_c2p1_t1,13.014141173714178,9.815004098001298,9.460451238102152,8.263843696073975,7.198780104774931,6.143840313593255,5.3607378229450005,0,1,16,1,"NoCut,Lim",011
BNG,prm15_wcost_re11_c2p1_t1,13.014141173714178,9.572836931595807,9.035711722510634,8.248229229829114,7.153831100721098,6.146601499806386,5.359227088216531,0,1,11,1,"NoCut,Lim",011
Fossil,prm15_wcost_re18_c2p1_t1,21.614211693525483,24.900946533215297,26.76487425085696,30.27836968312625,35.99750841887293,37.411772097975174,40.81233256400717,0,1,18,1,"NoCut,Lim",011
BNG,prm15_wcost_re12_c2p1_t1,13.014141173714178,10.47555626155907,9.792679019563156,8.655973223466495,7.570196319109668,6.151903580163128,5.364046566956301,0,1,12,1,"NoCut,Lim",011
Fossil,prm15_wcost_re17_c2p1_t1,21.614211693525483,22.079993421564755,22.6669887154834,28.015504469584144,34.54535832594562,35.773801808710196,36.35957276235233,0,1,17,1,"NoCut,Lim",011
BNG,prm15_wcost_re14_c2p1_t1,13.014141173714178,10.76872770633296,9.82330283928781,8.611493154643101,7.570289428266344,6.151664733397639,5.379743023794435,0,1,14,1,"NoCut,Lim",011
BNG,prm15_wcost_re15_c2p1_t1,13.014141173714178,10.353064729039735,9.735927543220152,8.561922731108293,7.537829775493028,6.156423130352041,5.36287783189108,0,1,15,1,"NoCut,Lim",011
BNG,prm15_wcost_re13_c2p1_t1,13.014141173714178,10.954548579181736,9.823517612342183,8.45753266761644,7.53181104357442,6.201967507999068,5.388531129902546,0,1,13,1,"NoCut,Lim",011
Fossil,prm15_wcost_re14_c2p1_t1,21.614211693525483,24.18969006501413,24.43920510777783,29.563803941133706,35.30502514552234,35.860998474603065,38.37704670662789,0,1,14,1,"NoCut,Lim",011
BNG,prm15_wcost_re2_c2p1_t1,13.014732080552859,9.690988770034533,8.608870008720023,8.224576904063545,7.110510017378348,5.889988996771653,5.313642678534503,0,1,2,0,"NoCut,Lim",010
Solar,prm15_wcost_re1_c2p1_t1,1.6103515414586222,4.191536303030934,9.875804734724374,9.457790212777551,10.274084626940672,12.07751100968062,13.947238796017563,0,1,1,0,"NoCut,Lim",010
BNG,prm15_wcost_re9_c2p1_t1,13.014732080552859,9.63487338665557,8.605873815243319,8.221831739222702,7.118843486728368,5.943703166592884,5.327740956966297,0,1,9,0,"NoCut,Lim",010
Solar,prm15_wcost_re19_c2p1_t1,1.6057729392249853,1.36829369290754,5.3879561984132565,9.796172989896549,8.516826036186774,9.22089588533412,9.567077131022703,0,1,19,1,"NoCut,Lim",011
Fossil,prm15_wcost_re11_c2p1_t1,21.614211693525483,20.408126560104186,19.23193595127697,24.151541484909966,28.60947101224899,34.23750451380239,35.29861484016924,0,1,11,1,"NoCut,Lim",011
Solar,prm15_wcost_re18_c2p1_t1,1.6057729392249853,1.368304836087737,5.010433839529948,8.904041108959516,7.738864034586846,8.563944523315657,9.493591282958926,0,1,18,1,"NoCut,Lim",011
Solar,prm15_wcost_re17_c2p1_t1,1.6057729392249853,1.3682777988752126,1.6248236745112488,3.5496798112678487,3.1254948961351174,3.5817454081143767,7.028041457017274,0,1,17,1,"NoCut,Lim",011
Solar,prm15_wcost_re16_c2p1_t1,1.6057729392249853,1.368318717305638,1.4547673483003498,1.5894469230350095,1.9004458180667227,1.8645600197265486,4.915144335277144,0,1,16,1,"NoCut,Lim",011
Solar,prm15_wcost_re15_c2p1_t1,1.6057729392249853,1.3682784984369571,2.052569816412191,3.7083514831824327,3.2502406053239037,4.3778724962825155,7.1718668495401765,0,1,15,1,"NoCut,Lim",011
Fossil,prm15_wcost_re10_c2p1_t1,21.615193086406656,18.936412334994948,17.92780858971258,22.92309862237452,26.338565293821727,29.573966831340417,26.275458542438294,0,1,10,0,"NoCut,Lim",010
Solar,prm15_wcost_re14_c2p1_t1,1.6057729392249853,1.3683081776292727,4.118727060473962,6.245988230919772,5.434730332515664,6.603813603751401,8.486633706194002,0,1,14,1,"NoCut,Lim",011
Solar,prm15_wcost_re20_c2p1_t1,1.6057729392249853,1.3571012227306531,1.1867352775979834,1.0289549329603207,0.9270517758124903,0.9343287121324312,1.9745791780637627,0,1,20,1,"NoCut,Lim",011
BNG,prm15_wcost_re8_c2p1_t1,13.014732080552859,9.634998203966397,8.605905978423433,8.221868443092282,7.118817901419651,5.945768420621335,5.324605647460415,0,1,8,0,"NoCut,Lim",010
Solar,prm15_wcost_re2_c2p1_t1,1.6103515414586222,6.8129587576916855,15.85885890064777,14.761415399086793,13.785873583625978,15.05062847057007,15.513730462690644,0,1,2,0,"NoCut,Lim",010
Solar,prm15_wcost_re9_c2p1_t1,1.6103515414586222,7.907879080248519,17.072496477596413,15.434434801954241,14.796488699478559,15.992553514518532,15.783124531507365,0,1,9,0,"NoCut,Lim",010
BNG,prm15_wcost_re3_c2p1_t1,13.014732080552859,9.634905045281368,8.553872751961125,8.22725585434788,7.118549428930872,5.954044589654093,5.33015091935534,0,1,3,0,"NoCut,Lim",010
Solar,prm15_wcost_re8_c2p1_t1,1.6103515414586222,8.05556569624053,17.083731731681805,15.4168373543535,14.797319990267917,15.834601169719543,15.761475023944623,0,1,8,0,"NoCut,Lim",010
BNG,prm15_wcost_re4_c2p1_t1,13.014732080552859,9.69384006333364,8.59736772470769,8.22464931631041,7.1118858045802975,5.8753822986522986,5.317275377846455,0,1,4,0,"NoCut,Lim",010
Solar,prm15_wcost_re7_c2p1_t1,1.6103515414586222,6.167650397695836,13.685791228081339,12.90825346525401,12.758830572106588,13.84094652872451,14.916407098901706,0,1,7,0,"NoCut,Lim",010
Fossil,prm15_wcost_re13_c2p1_t1,21.614211693525483,25.806675604355785,27.55283568875098,30.56693683879761,36.37438884574358,38.326919916379744,41.766237358541424,0,1,13,1,"NoCut,Lim",011
Solar,prm15_wcost_re6_c2p1_t1,1.6103515414586222,4.34885016073057,12.203817328096187,11.409835689692756,11.248903599573616,13.2198537305368,14.337343407882468,0,1,6,0,"NoCut,Lim",010
BNG,prm15_wcost_re5_c2p1_t1,13.014732080552859,9.569573579677831,8.617522816310366,8.22583066272751,7.1059012734023925,5.896211670721081,5.309454111238747,0,1,5,0,"NoCut,Lim",010
Solar,prm15_wcost_re5_c2p1_t1,1.6103515414586222,6.434987378824712,14.60854638013759,13.709816661071109,13.021834445088434,14.33595933130785,15.07656643133418,0,1,5,0,"NoCut,Lim",010
BNG,prm15_wcost_re6_c2p1_t1,13.014732080552859,9.509167369742215,8.593648688199472,8.220997152102163,7.069589245303708,5.796790600534662,5.146366758208706,0,1,6,0,"NoCut,Lim",010
Solar,prm15_wcost_re4_c2p1_t1,1.6103515414586222,7.336278835212681,16.611440899533957,15.355461330092139,14.313616145106641,15.520200779759405,15.672717519742186,0,1,4,0,"NoCut,Lim",010
Solar,prm15_wcost_re3_c2p1_t1,1.6103515414586222,7.982896935674836,17.204541641552062,15.853013117100526,14.803246938808739,15.986620635934766,15.80962312191826,0,1,3,0,"NoCut,Lim",010
BNG,prm15_wcost_re7_c2p1_t1,13.014732080552859,9.450061063516676,8.587830840611318,8.22286203566379,7.107899260854582,5.906007635214683,5.279743829871079,0,1,7,0,"NoCut,Lim",010
Fossil,prm15_wcost_re12_c2p1_t1,21.614211693525483,22.95253977129341,23.356372172396984,29.120110291780648,35.20570002429572,36.12490836810701,38.46909672092329,0,1,12,1,"NoCut,Lim",011
Hydro,prm15_wcost_re19_c2p1_t1,60.70848752827624,59.24440068725008,52.72872371061655,46.53046349214876,43.35060636400512,41.06393909600478,36.10944012104628,0,1,19,1,"NoCut,Lim",011
Hydro,prm15_wcost_re1_c2p1_t1,60.66829934555356,58.98772677146117,52.29768463454438,49.07523903772335,46.36404328499654,41.23322149823111,35.84732796991036,0,1,1,0,"NoCut,Lim",010
Hydro,prm15_wcost_re20_c2p1_t1,60.70848752827624,59.03489669877729,52.201871681680345,47.868043766013884,45.275887915811694,41.23934641184472,35.84635940584791,0,1,20,1,"NoCut,Lim",011
Hydro,prm15_wcost_re18_c2p1_t1,60.70848752827624,59.207446067952255,52.72844196047709,46.53015699898801,43.350943036349356,41.15484295119616,36.109652940755865,0,1,18,1,"NoCut,Lim",011
Hydro,prm15_wcost_re16_c2p1_t1,60.70848752827624,58.980557084930616,52.64023822707833,48.090288901467325,45.23121806084374,41.228877881789145,35.863047093811126,0,1,16,1,"NoCut,Lim",011
Hydro,prm15_wcost_re17_c2p1_t1,60.70848752827624,59.056835982309906,52.72631966832341,46.98808848636458,43.35138046124433,41.22805163495114,36.10720905928295,0,1,17,1,"NoCut,Lim",011
Hydro,prm15_wcost_re6_c2p1_t1,60.66829934555356,59.009558698041914,52.42259465235487,48.41636741691166,45.80223584247586,41.237761326378816,35.84638483909713,0,1,6,0,"NoCut,Lim",010
Hydro,prm15_wcost_re5_c2p1_t1,60.66829934555356,58.92009223912261,52.063951126169904,48.30181521262677,45.39632680073592,41.23744840682702,35.862217282423536,0,1,5,0,"NoCut,Lim",010
Hydro,prm15_wcost_re7_c2p1_t1,60.66829934555356,58.95573324435232,52.23222250223502,48.26336923666228,45.50960054290576,41.23730653386727,35.8628901785556,0,1,7,0,"NoCut,Lim",010
Hydro,prm15_wcost_re9_c2p1_t1,60.66829934555356,59.080315619183835,52.12733931360446,47.68734007155385,45.37156010063018,41.333501377480445,36.09919748664401,0,1,9,0,"NoCut,Lim",010
Hydro,prm15_wcost_re2_c2p1_t1,60.66829934555356,59.026492894977046,52.133309444228985,48.23901204779131,45.382840727602606,41.25702073621232,35.86158122829023,0,1,2,0,"NoCut,Lim",010
Hydro,prm15_wcost_re3_c2p1_t1,60.66829934555356,59.00225754066539,52.13437462381644,48.13882046365383,45.36494619027009,41.33270097531687,36.09860941011879,0,1,3,0,"NoCut,Lim",010
Hydro,prm15_wcost_re4_c2p1_t1,60.66829934555356,59.000077559755084,52.10575227597826,48.17823679996126,45.364691382213195,41.333856388399745,36.09936698017777,0,1,4,0,"NoCut,Lim",010
Hydro,prm15_wcost_re15_c2p1_t1,60.70848752827624,59.01688081266755,52.69245543343757,46.98803759225625,43.351580404952436,41.2288604881235,36.107296781314275,0,1,15,1,"NoCut,Lim",011
Hydro,prm15_wcost_re12_c2p1_t1,60.70848752827624,59.12777850352251,52.72678040047076,46.5839722319407,43.35077182390319,41.248130466387536,36.10827311627403,0,1,12,1,"NoCut,Lim",011
Hydro,prm15_wcost_re13_c2p1_t1,60.70848752827624,59.243697803206246,52.86598550848483,46.541030797581804,43.302011609331416,41.06443666849562,36.10905203846498,0,1,13,1,"NoCut,Lim",011
Hydro,prm15_wcost_re14_c2p1_t1,60.70848752827624,59.18060560005824,52.72907164816731,46.58326989792307,43.3513159897866,41.24778768990892,36.10972928609894,0,1,14,1,"NoCut,Lim",011
Hydro,prm15_wcost_re10_c2p1_t1,60.66829934555356,58.877412784696915,52.25081232919949,48.92560908770555,46.29863042640741,41.23341357704171,35.84365389278467,0,1,10,0,"NoCut,Lim",010
Hydro,prm15_wcost_re11_c2p1_t1,60.70848752827624,58.967679401538916,52.68616392861806,47.86807220937171,45.24109835131537,41.22359264253452,35.8463057161781,0,1,11,1,"NoCut,Lim",011
Fossil,prm15_wcost_re16_c2p1_t1,21.614211693525483,20.824200098184477,21.272346157041174,24.15489369438402,28.808816672438038,34.04850980553374,34.94133705097136,0,1,16,1,"NoCut,Lim",011
Wind,prm15_wcost_re13_c2p1_t1,3.057386665259118,2.626769370273097,3.792407493720695,3.8104884209423755,3.5369354618456965,4.541250070045589,6.777001596714141,0,1,13,1,"NoCut,Lim",011
Wind,prm15_wcost_re12_c2p1_t1,3.057386665259118,6.0757855568832895,11.505439489522097,11.593940878447093,10.330989530683357,11.047167551760037,12.328073507933752,0,1,12,1,"NoCut,Lim",011
Wind,prm15_wcost_re11_c2p1_t1,3.057386665259118,9.68517171585155,17.82863463362756,18.676229816659145,17.858501053055193,17.279719541435227,21.04396003940218,0,1,11,1,"NoCut,Lim",011
Wind,prm15_wcost_re10_c2p1_t1,3.0914239460282955,9.203856469341774,12.025464075170852,11.110800096760022,10.633530491715902,12.039908071184133,19.4962912156921,0,1,10,0,"NoCut,Lim",010
Wind,prm15_wcost_re14_c2p1_t1,3.057386665259118,4.492668450965395,8.889693344293088,8.99544477538036,8.33863910390904,10.135735498338972,11.646847277284738,0,1,14,1,"NoCut,Lim",011
BNG,prm15_wcost_re10_c2p1_t1,13.014732080552859,9.080573896085703,8.444746138461205,8.150458441876689,7.063275472169813,5.760430608645357,5.001794225974642,0,1,10,0,"NoCut,Lim",010
Wind,prm15_wcost_re15_c2p1_t1,3.057386665259118,6.865980919020305,12.926185764975378,12.694178466804148,11.285629182516113,12.253872761616497,13.630765582018054,0,1,15,1,"NoCut,Lim",011
Wind,prm15_wcost_re2_c2p1_t1,3.0914239460282955,4.0050731778692175,3.7347221236343486,3.258022540847168,3.041468531468991,4.838006520789545,8.713880717626303,0,1,2,0,"NoCut,Lim",010
Wind,prm15_wcost_re20_c2p1_t1,3.057386665259118,9.811916258601908,18.72426420773695,18.7826775499144,18.277186632802355,18.584825441384737,24.15711056376436,0,1,20,1,"NoCut,Lim",011
Wind,prm15_wcost_re1_c2p1_t1,3.0914239460282955,8.6237231462825,10.99164617640798,10.358274093566068,9.870109835096233,10.958807638635424,17.368169844119002,0,1,1,0,"NoCut,Lim",010
Wind,prm15_wcost_re19_c2p1_t1,3.057386665259118,2.6264830877039724,5.155404529916437,4.777531925584191,4.460387162380772,5.519831335464567,7.839946106963473,0,1,19,1,"NoCut,Lim",011
Wind,prm15_wcost_re18_c2p1_t1,3.057386665259118,3.666966119971096,5.672881734117657,5.784493800794394,5.345961326521749,6.689845829179882,8.198367066698902,0,1,18,1,"NoCut,Lim",011
Wind,prm15_wcost_re17_c2p1_t1,3.057386665259118,7.261248430467608,13.240646993994329,12.889068670841327,11.44012500928708,13.267828175429688,15.143106433318206,0,1,17,1,"NoCut,Lim",011
Wind,prm15_wcost_re16_c2p1_t1,3.057386665259118,9.011920001577971,15.172197029477998,17.90152678503967,16.860739343876574,16.7142119793573,18.91973369699537,0,1,16,1,"NoCut,Lim",011
Wind,prm15_wcost_re3_c2p1_t1,3.0914239460282955,2.6239357278724587,2.2776463349875864,1.9752184127002332,1.7840021993636617,2.337712983605133,4.710734135129402,0,1,3,0,"NoCut,Lim",010
Wind,prm15_wcost_re4_c2p1_t1,3.0914239460282955,3.3768371347470296,2.9394066001515258,2.5583121572321232,2.394213016920492,4.398529969103561,7.916637478402306,0,1,4,0,"NoCut,Lim",010
Wind,prm15_wcost_re9_c2p1_t1,3.0914239460282955,2.620995364035451,2.278245474240349,1.9752064472072286,1.8475588510591876,2.559992120922094,6.1373499205621105,0,1,9,0,"NoCut,Lim",010
Wind,prm15_wcost_re8_c2p1_t1,3.0914239460282955,2.626714614647698,2.278253988845735,1.9752243482609846,1.8583240003048935,2.770046317177816,6.327873668707094,0,1,8,0,"NoCut,Lim",010
Wind,prm15_wcost_re7_c2p1_t1,3.0914239460282955,5.597508940378338,6.344703510889395,5.566553115662069,5.112504708909456,5.893645881965126,9.984678590293377,0,1,7,0,"NoCut,Lim",010
Wind,prm15_wcost_re6_c2p1_t1,3.0914239460282955,7.533718065150789,8.131083986508168,7.409099282133347,7.333317852591003,8.94091864086533,13.677038758534225,0,1,6,0,"NoCut,Lim",010
Wind,prm15_wcost_re5_c2p1_t1,3.0914239460282955,4.935694973452474,5.292817721379832,4.650147941744799,4.297393872876519,5.466263719625766,9.105696882467763,0,1,5,0,"NoCut,Lim",010
Hydro,prm15_wcost_re8_c2p1_t1,60.66829934555356,58.92651604744013,52.11467783967621,47.748213180255235,45.36412806924802,41.33330701502426,36.09930273670066,0,1,8,0,"NoCut,Lim",010
Fossil,prm15_wcost_re5_c2p1_t1,21.615193086406656,20.139651828922375,19.41716195600231,25.112389521829815,30.178543607896746,33.06411687151829,34.64606529253577,0,1,5,0,"NoCut,Lim",010
Fossil,prm15_wcost_re20_c2p1_t1,21.614211693525483,20.292032894477632,18.938329002746485,24.093605048560416,28.381132554235528,33.11250744842965,32.663174198635105,0,1,20,1,"NoCut,Lim",011
Fossil,prm15_wcost_re6_c2p1_t1,21.615193086406656,19.59870570633451,18.648855344841298,24.54370045916008,28.54595346005581,30.804675701684392,30.99286623627748,0,1,6,0,"NoCut,Lim",010
Fossil,prm15_wcost_re7_c2p1_t1,21.615193086406656,19.82904635405683,19.149451918182933,25.038962146757854,29.51116491522362,33.12209342022841,33.956280302378225,0,1,7,0,"NoCut,Lim",010
Fossil,prm15_wcost_re3_c2p1_t1,21.615193086406656,20.75600475050596,19.829564647682783,25.80569215219753,30.929255242626628,34.388920815489136,38.0508824134782,0,1,3,0,"NoCut,Lim",010
Fossil,prm15_wcost_re2_c2p1_t1,21.615193086406656,20.464486399427525,19.664239522768874,25.51697310821118,30.679307139924074,32.964355275656416,34.59716491285832,0,1,2,0,"NoCut,Lim",010
Fossil,prm15_wcost_re4_c2p1_t1,21.615193086406656,20.592966406951568,19.746032499628566,25.683340396404073,30.815593651179373,32.87203056408499,34.99400264383129,0,1,4,0,"NoCut,Lim",010
Fossil,prm15_wcost_re19_c2p1_t1,21.614211693525483,25.806393641837044,26.904468391799266,30.403143990429015,36.11441417888511,38.012482368374855,41.09572123541874,0,1,19,1,"NoCut,Lim",011
Fossil,prm15_wcost_re9_c2p1_t1,21.615193086406656,20.755936549876626,19.91604491931546,26.68118694006199,30.865548862103708,34.17024982048605,36.65258710432022,0,1,9,0,"NoCut,Lim",010
Fossil,prm15_wcost_re1_c2p1_t1,21.615193086406656,19.067062535281252,18.317494648676746,22.984607175024454,26.42811047125854,29.972412827242806,27.813462364879765,0,1,1,0,"NoCut,Lim",010
Fossil,prm15_wcost_re8_c2p1_t1,21.615193086406656,20.756205437705244,19.9174304613728,26.637856674037998,30.861410038759516,34.11627707745704,36.486742923187215,0,1,8,0,"NoCut,Lim",010
Hydro,prm15_wcost_re7_c2p1_tn,64.38870747335302,62.713735378034684,55.04903297966358,49.31442175723496,46.11584488207985,41.408536779192836,35.84161007051788,0,0,7,0,"NoCut,Full",000
Hydro,prm15_wcost_re20_c2p1_tn,64.38792062835567,61.91515411584895,54.86187904224422,50.0205567594313,46.237284338347614,41.40261595970336,35.80622009344102,0,0,20,1,"NoCut,Full",001
Hydro,prm15_wcost_re18_c2p1_tn,64.38792062835567,62.75999168142739,55.49399541970108,48.400795985484194,43.91830346282238,41.29588592321446,36.04574096458267,0,0,18,1,"NoCut,Full",001
Hydro,prm15_wcost_re3_c2p1_tn,64.38870747335302,62.68947745922404,54.81027465244118,49.476684374522286,46.01349748319333,41.48832459403546,36.04763134703439,0,0,3,0,"NoCut,Full",000
Hydro,prm15_wcost_re19_c2p1_tn,64.38792062835567,62.762218665858256,55.51793787697526,48.40120144346771,43.91863050997513,41.06904578089718,36.04586557159952,0,0,19,1,"NoCut,Full",001
Hydro,prm15_wcost_re5_c2p1_tn,64.38870747335302,62.70137714574192,55.07787709727263,50.014077901942876,46.1216704411021,41.42738021919524,35.840080213611834,0,0,5,0,"NoCut,Full",000
Hydro,prm15_wcost_re1_c2p1_tn,64.38870747335302,62.44638040248895,55.21041337547552,50.68213502481977,47.06092983528348,41.403726751585225,35.82140877176587,0,0,1,0,"NoCut,Full",000
Hydro,prm15_wcost_re2_c2p1_tn,64.38870747335302,62.70009276994194,54.82153572440869,49.53496868562135,46.071904612258784,41.42379041275776,35.88295885146369,0,0,2,0,"NoCut,Full",000
Hydro,prm15_wcost_re6_c2p1_tn,64.38870747335302,62.59372472544344,55.322634252702905,50.10050693232091,46.33501530828688,41.41143803444334,35.82707697643622,0,0,6,0,"NoCut,Full",000
Hydro,prm15_wcost_re4_c2p1_tn,64.38870747335302,62.698547991123846,54.78283952963987,49.53333701173455,46.080615091782875,41.49090429964687,35.89343241097996,0,0,4,0,"NoCut,Full",000
Hydro,prm15_wcost_re17_c2p1_tn,64.38792062835567,62.7099261088579,55.405208403299035,49.95900165973918,46.05964479527393,41.41262292678427,36.070771227779815,0,0,17,1,"NoCut,Full",001
Hydro,prm15_wcost_re16_c2p1_tn,64.38792062835567,62.58791029158349,54.908793967665915,49.96246165598927,46.10138777005543,41.42427234227063,35.82450978794783,0,0,16,1,"NoCut,Full",001
Hydro,prm15_wcost_re15_c2p1_tn,64.38792062835567,62.70652249826631,55.438805852299396,49.17050319169927,46.06088074226245,41.41583987587809,36.071309057236384,0,0,15,1,"NoCut,Full",001
Hydro,prm15_wcost_re14_c2p1_tn,64.38792062835567,62.73154003941249,55.48553092169604,48.894652776338624,44.195765642081035,41.39937256517842,36.06192954369616,0,0,14,1,"NoCut,Full",001
Hydro,prm15_wcost_re12_c2p1_tn,64.38792062835567,62.72618359719725,55.45213330216446,48.989029103385434,44.1978566109695,41.40438310242097,36.063708608512094,0,0,12,1,"NoCut,Full",001
Hydro,prm15_wcost_re11_c2p1_tn,64.38792062835567,61.75762818596372,54.89139991273213,49.85977623604113,46.13016794574317,41.399206251884245,35.8091466118715,0,0,11,1,"NoCut,Full",001
Hydro,prm15_wcost_re10_c2p1_tn,64.38870747335302,62.463745656288836,55.31613317584114,50.22112907637371,46.45493400738613,41.40513820416906,35.81592604399357,0,0,10,0,"NoCut,Full",000
Hydro,prm15_wcost_re13_c2p1_tn,64.38792062835567,62.76226131638968,55.54235357828154,48.40067156448768,43.93151671522152,41.003545282463094,36.04390117435406,0,0,13,1,"NoCut,Full",001
Hydro,prm15_wcost_re9_c2p1_tn,64.38870747335302,62.67563452765775,54.834089692315374,49.365159819269195,46.01052004300103,41.48852603135049,36.05376995317497,0,0,9,0,"NoCut,Full",000
Wind,prm15_wcost_re1_c2p1_tn,3.024487332453254,8.35400346178484,9.97384823379985,9.682451871769906,9.47140982586378,10.672772418505726,17.588644018412804,0,0,1,0,"NoCut,Full",000
Wind,prm15_wcost_re20_c2p1_tn,3.0240491078425413,8.963935877611334,16.54355422903753,15.901872534395196,17.167797135383754,17.477467944886328,24.825004914808716,0,0,20,1,"NoCut,Full",001
Wind,prm15_wcost_re2_c2p1_tn,3.024487332453254,4.869519871730892,5.1596375765468565,4.5177515764967495,4.328038343989774,5.386041382682356,9.313619536074112,0,0,2,0,"NoCut,Full",000
Wind,prm15_wcost_re3_c2p1_tn,3.024487332453254,2.612837176383442,2.268932808140655,1.9687453290735297,1.7078744519405449,2.156707465117092,4.161954558081736,0,0,3,0,"NoCut,Full",000
Wind,prm15_wcost_re4_c2p1_tn,3.024487332453254,3.691467813028493,3.6653552421851354,3.1970965575146737,2.7729072126454435,3.9343994903635395,7.520686870047224,0,0,4,0,"NoCut,Full",000
Wind,prm15_wcost_re5_c2p1_tn,3.024487332453254,5.42674388331559,6.23299183638374,5.461697258960565,5.10279859741759,6.0965393808068695,9.875914676557917,0,0,5,0,"NoCut,Full",000
Wind,prm15_wcost_re6_c2p1_tn,3.024487332453254,7.983484742012748,10.753814809583853,10.098349715888626,9.954395166418246,9.795045359162046,13.400240379046036,0,0,6,0,"NoCut,Full",000
Wind,prm15_wcost_re7_c2p1_tn,3.024487332453254,5.989646014921176,6.791842837574306,6.179194465883215,5.544288030849215,6.779901066894887,10.502416332876967,0,0,7,0,"NoCut,Full",000
Wind,prm15_wcost_re8_c2p1_tn,3.024487332453254,2.6128565825405228,2.6592292721755046,2.3121161880988175,2.0058218150953984,2.6695327157029074,5.808097110701125,0,0,8,0,"NoCut,Full",000
Wind,prm15_wcost_re9_c2p1_tn,3.024487332453254,2.612844580786858,2.2688864648370446,1.9686171950909013,1.7079051393382496,2.417296452187184,5.809210133337096,0,0,9,0,"NoCut,Full",000
Wind,prm15_wcost_re19_c2p1_tn,3.0240491078425413,2.612405019871022,4.016980407552028,4.613793218132625,4.001616698056155,4.682173881887245,7.28333473439473,0,0,19,1,"NoCut,Full",001
Wind,prm15_wcost_re18_c2p1_tn,3.0240491078425413,3.1589982937501504,6.0007990583700455,5.340174823394478,4.720212797499664,5.7914598030368065,7.602694059794891,0,0,18,1,"NoCut,Full",001
Wind,prm15_wcost_re16_c2p1_tn,3.0240491078425413,8.540882305483931,14.879952958196263,14.839173439629706,15.375298195893855,16.038759477295553,19.16314463464457,0,0,16,1,"NoCut,Full",001
Wind,prm15_wcost_re10_c2p1_tn,3.024487332453254,8.468169997172364,13.577360306648506,12.281857616677373,11.986992196304971,14.34620975285952,20.62077881755921,0,0,10,0,"NoCut,Full",000
Wind,prm15_wcost_re11_c2p1_tn,3.0240491078425413,8.832536497905007,15.972747825679365,15.507427894112848,16.80043823039806,17.074933839638465,21.937124185459243,0,0,11,1,"NoCut,Full",001
Wind,prm15_wcost_re12_c2p1_tn,3.0240491078425413,6.136794830273219,11.875874185537638,10.850219523522625,10.087475118793915,10.87439973644622,12.739156701434693,0,0,12,1,"NoCut,Full",001
Wind,prm15_wcost_re13_c2p1_tn,3.0240491078425413,2.612402027736327,3.527405037068266,3.857684725860917,3.345859943218712,3.8885938585226776,6.063576811881338,0,0,13,1,"NoCut,Full",001
Wind,prm15_wcost_re14_c2p1_tn,3.0240491078425413,4.723543596969432,9.104023806066536,9.119710671054884,7.914535911892809,9.056525649272844,11.209608204069664,0,0,14,1,"NoCut,Full",001
Wind,prm15_wcost_re15_c2p1_tn,3.0240491078425413,6.2869017503887035,12.610588695840462,12.194835233401859,11.969790391722784,12.401387125088078,14.327442304315626,0,0,15,1,"NoCut,Full",001
Wind,prm15_wcost_re17_c2p1_tn,3.0240491078425413,6.503767673984728,13.395912971433747,13.125825036696181,12.472229835012197,13.049922264207016,15.762502771843756,0,0,17,1,"NoCut,Full",001
Hydro,prm15_wcost_re8_c2p1_tn,64.38870747335302,62.688103353295546,54.78337876377358,49.36701406921088,46.01956098988766,41.48905075661013,36.053775707784986,0,0,8,0,"NoCut,Full",000
Solar,prm15_wcost_re10_c2p1_tn,1.5748081910283642,2.11484764016342,4.380826671164941,4.373920156186433,5.242779598665154,8.504360741395809,11.276837494913222,0,0,10,0,"NoCut,Full",000
Solar,prm15_wcost_re11_c2p1_tn,1.5758437791776552,1.3605218976349116,1.1820788359186905,1.0260898954038582,0.8899164416419793,0.8689168414535361,1.9277065184267863,0,0,11,1,"NoCut,Full",001
Solar,prm15_wcost_re12_c2p1_tn,1.5758437791776552,1.361248513270227,1.6073620874903938,2.7836925566633215,2.5449057071704853,5.162748759571907,7.543032236251535,0,0,12,1,"NoCut,Full",001
Solar,prm15_wcost_re13_c2p1_tn,1.5758437791776552,1.3608245603713387,3.5015944384609274,8.480219771077982,7.818257631561895,9.087209882669288,9.786062743993778,0,0,13,1,"NoCut,Full",001
Solar,prm15_wcost_re14_c2p1_tn,1.5758437791776552,1.360851063123668,2.132066150048265,4.418745625850233,3.9886102638801364,6.241546895399323,8.336019403154836,0,0,14,1,"NoCut,Full",001
Solar,prm15_wcost_re15_c2p1_tn,1.5758437791776552,1.3613089045891535,1.5311531389233433,1.9496559255987425,3.5334037942686076,3.8832693816365262,6.992255790175914,0,0,15,1,"NoCut,Full",001
Solar,prm15_wcost_re16_c2p1_tn,1.5758437791776552,1.3603255893564425,1.4158605124065493,1.2294687670952096,1.4660309929710371,1.559472904497129,4.217721517405594,0,0,16,1,"NoCut,Full",001
Solar,prm15_wcost_re17_c2p1_tn,1.5758437791776552,1.3612752208888115,1.392403368041107,2.417841925180194,3.11520044876325,3.1438630227732194,6.664586815956137,0,0,17,1,"NoCut,Full",001
Solar,prm15_wcost_re18_c2p1_tn,1.5758437791776552,1.3608263106219551,3.458290727675423,7.121057722376008,6.373501986091422,7.912241011195054,9.44821662631896,0,0,18,1,"NoCut,Full",001
Solar,prm15_wcost_re19_c2p1_tn,1.5758437791776552,1.360826119002184,3.5054503876187733,7.807408234644684,7.00531664596538,8.535346778650377,9.44686868913029,0,0,19,1,"NoCut,Full",001
Solar,prm15_wcost_re1_c2p1_tn,1.5748081910283642,2.8107054644915226,7.46295787157786,7.708923130371433,9.004622660435915,11.753003100102898,13.732487675869542,0,0,1,0,"NoCut,Full",000
Solar,prm15_wcost_re20_c2p1_tn,1.5758437791776552,1.3609846720382002,1.1821188917021428,1.0261251964118572,0.8899031306763636,0.8096792466467542,1.4818917445336415,0,0,20,1,"NoCut,Full",001
Solar,prm15_wcost_re2_c2p1_tn,1.5748081910283642,3.151709296158225,10.909224116975386,10.581701680863702,10.830464707576759,12.96418195103375,14.311751414350177,0,0,2,0,"NoCut,Full",000
Solar,prm15_wcost_re3_c2p1_tn,1.5748081910283642,4.712006589590092,13.587379757420612,12.87134660010914,13.3931688489138,15.093928611155578,15.3643973394704,0,0,3,0,"NoCut,Full",000
Solar,prm15_wcost_re4_c2p1_tn,1.5748081910283642,4.049156656901195,12.352597064846707,11.779335407155234,12.266939823982309,13.588444752224063,14.705992035394404,0,0,4,0,"NoCut,Full",000
Solar,prm15_wcost_re5_c2p1_tn,1.5748081910283642,2.6607130275876836,10.013954721286911,10.071874334314634,10.29315143049799,12.352744719523265,13.970079562510508,0,0,5,0,"NoCut,Full",000
Solar,prm15_wcost_re6_c2p1_tn,1.5748081910283642,2.2732719020726657,6.375814817585629,6.010907787665591,6.8765899763813225,10.011409209984384,12.557705265137354,0,0,6,0,"NoCut,Full",000
Solar,prm15_wcost_re7_c2p1_tn,1.5748081910283642,2.2790520744942855,9.62996926251382,9.140686640193781,9.881274825819611,11.357555327268038,13.649566279234026,0,0,7,0,"NoCut,Full",000
Solar,prm15_wcost_re8_c2p1_tn,1.5748081910283642,4.713138578662841,13.251516562130874,12.563421954611668,13.065281857449843,14.47746067534683,15.169334752145833,0,0,8,0,"NoCut,Full",000
Solar,prm15_wcost_re9_c2p1_tn,1.5748081910283642,4.725757141666918,13.585515329702895,12.941330779052633,13.379364404725006,14.810025069294133,15.180594956736595,0,0,9,0,"NoCut,Full",000
Fossil,prm15_wcost_re12_c2p1_tn,19.929275498250522,20.486305341755706,21.711712309946236,28.85122838327756,35.60209329871111,36.41665147601789,38.27321222186385,0,0,12,1,"NoCut,Full",001
Fossil,prm15_wcost_re13_c2p1_tn,19.929275498250522,23.242751636285714,27.666462189804573,30.880257424138414,37.385470816726794,39.84436329592676,42.72835220281091,0,0,13,1,"NoCut,Full",001
Fossil,prm15_wcost_re14_c2p1_tn,19.929275498250522,21.5668882057859,23.66777905730417,29.113560179491664,36.33231322689537,37.15528002857667,39.010862602774864,0,0,14,1,"NoCut,Full",001
Fossil,prm15_wcost_re15_c2p1_tn,19.929275498250522,20.394618428441163,21.161168902013326,28.211327940100286,31.251780936557886,36.149713150960345,37.2286972313645,0,0,15,1,"NoCut,Full",001
Fossil,prm15_wcost_re11_c2p1_tn,19.929275498250522,19.195413855612294,19.105740347910135,25.369672905648848,29.041658588330712,34.51797393779582,34.94797658332342,0,0,11,1,"NoCut,Full",001
Fossil,prm15_wcost_re10_c2p1_tn,19.929153732305437,18.521043578942294,18.312296080564877,24.88687625225209,29.19985608604651,29.964950039497623,27.25828907811691,0,0,10,0,"NoCut,Full",000
Fossil,prm15_wcost_re16_c2p1_tn,19.929275498250522,18.996683093816806,19.777073618552603,25.729336956214027,29.915097212570558,34.836718274875004,35.417216886249115,0,0,16,1,"NoCut,Full",001
Fossil,prm15_wcost_re20_c2p1_tn,19.929275498250522,19.141637176438692,18.63902317300062,24.817663591826957,28.569937974440908,34.18419260910101,32.50962805219719,0,0,20,1,"NoCut,Full",001
Fossil,prm15_wcost_re2_c2p1_tn,19.929153732305437,20.058466392386094,20.46429034186686,27.1384912574904,31.63493540354877,34.31472089078924,35.20304873126927,0,0,2,0,"NoCut,Full",000
Fossil,prm15_wcost_re3_c2p1_tn,19.929153732305437,20.71543643483377,20.688181931188513,27.450462906994357,31.756922493263527,35.34418233837978,39.10149559866985,0,0,3,0,"NoCut,Full",000
Fossil,prm15_wcost_re4_c2p1_tn,19.929153732305437,20.342025270286218,20.551125184611884,27.25780394370466,31.74877125700443,35.05563783684773,36.55537666693964,0,0,4,0,"NoCut,Full",000
Fossil,prm15_wcost_re1_c2p1_tn,19.929153732305437,18.027217965438286,18.871057055691935,23.84593476054727,27.38082580647935,30.391991268624754,27.835548458836275,0,0,1,0,"NoCut,Full",000
Fossil,prm15_wcost_re17_c2p1_tn,19.929275498250522,20.247187854188798,20.66695272694343,26.239574812869233,31.167483048690723,36.24389723884515,36.123296717880926,0,0,17,1,"NoCut,Full",001
Fossil,prm15_wcost_re18_c2p1_tn,19.929275498250522,22.767451289605056,25.435103022690793,30.724066416124693,37.4186478821024,38.82857694008038,41.52493817850373,0,0,18,1,"NoCut,Full",001
BNG,prm15_wcost_re17_c2p1_tn,11.082910986373605,9.177843142079771,9.139522530282687,8.257756565515216,7.185441872259894,6.1496945473903395,5.378842466539366,0,0,17,1,"NoCut,Full",001
Fossil,prm15_wcost_re19_c2p1_tn,19.929275498250522,23.242778257551727,27.2335039767114,30.791066117711274,37.517441245180684,39.53784154875968,41.84550224137558,0,0,19,1,"NoCut,Full",001
BNG,prm15_wcost_re3_c2p1_tn,11.082843270859916,9.270242339968659,8.645230850809048,8.232760789300684,7.128536722688791,5.916856991312083,5.324521156743624,0,0,3,0,"NoCut,Full",000
BNG,prm15_wcost_re10_c2p1_tn,11.082843270859916,8.432193127433095,8.41338376578054,8.236216898510408,7.11543811159724,5.779341262077986,5.02816856541709,0,0,10,0,"NoCut,Full",000
BNG,prm15_wcost_re4_c2p1_tn,11.082843270859916,9.21880226866025,8.648082978716406,8.232427079890883,7.130766614584938,5.9306136209178035,5.324512016638785,0,0,4,0,"NoCut,Full",000
BNG,prm15_wcost_re5_c2p1_tn,11.082843270859916,9.23916499742991,8.644917153505084,8.234887429966351,7.12212236128941,5.927989378273328,5.299278592049556,0,0,5,0,"NoCut,Full",000
BNG,prm15_wcost_re2_c2p1_tn,11.082843270859916,9.22021166978285,8.645312240202212,8.227086799527799,7.134656932625915,5.911265362736895,5.288621466842758,0,0,2,0,"NoCut,Full",000
BNG,prm15_wcost_re11_c2p1_tn,11.082910986373605,8.853899562884054,8.848033077759679,8.237033068793323,7.137818793886096,6.13896912922792,5.37804610091905,0,0,11,1,"NoCut,Full",001
BNG,prm15_wcost_re18_c2p1_tn,11.082910986373605,9.952732424595458,9.611811771562662,8.41390505262062,7.56933387148414,6.171836322473292,5.378410170799742,0,0,18,1,"NoCut,Full",001
BNG,prm15_wcost_re16_c2p1_tn,11.082910986373605,8.51419871975933,9.018318943178665,8.239559181071778,7.142185828509117,6.1407770010616805,5.377407173752893,0,0,16,1,"NoCut,Full",001
BNG,prm15_wcost_re19_c2p1_tn,11.082910986373605,10.021771937716789,9.726127351142535,8.38653098604371,7.556994900822653,6.175592009805531,5.37842876349989,0,0,19,1,"NoCut,Full",001
BNG,prm15_wcost_re15_c2p1_tn,11.082910986373605,9.250648418314663,9.258283410923479,8.473677709199848,7.184144135188283,6.149790466436947,5.38029561690758,0,0,15,1,"NoCut,Full",001
BNG,prm15_wcost_re14_c2p1_tn,11.082910986373605,9.617177094708515,9.610600064884993,8.453330747264594,7.568774955250652,6.147274861572735,5.381580246304469,0,0,14,1,"NoCut,Full",001
BNG,prm15_wcost_re1_c2p1_tn,11.082843270859916,8.36169270579639,8.481723463454829,8.080555212491626,7.082211871937487,5.778506461181389,5.021911075115516,0,0,1,0,"NoCut,Full",000
BNG,prm15_wcost_re13_c2p1_tn,11.082910986373605,10.02176045921692,9.762184756384688,8.381166514435005,7.518894893271076,6.176287680418175,5.378107066959911,0,0,13,1,"NoCut,Full",001
BNG,prm15_wcost_re12_c2p1_tn,11.082910986373605,9.289467717503596,9.352918114861254,8.525830433151063,7.567669264354991,6.1418169255430115,5.380890231937835,0,0,12,1,"NoCut,Full",001
BNG,prm15_wcost_re20_c2p1_tn,11.082910986373605,8.61828815806282,8.773424664015499,8.233781917934698,7.135077421151371,6.1260442396625425,5.377255195019424,0,0,20,1,"NoCut,Full",001
BNG,prm15_wcost_re7_c2p1_tn,11.082843270859916,9.204314161032627,8.547505267480181,8.220490683175873,7.131603983098343,5.948972679188774,5.280672404828042,0,0,7,0,"NoCut,Full",000
BNG,prm15_wcost_re8_c2p1_tn,11.082843270859916,9.270311192241758,8.631221826901605,8.23108905551349,7.129639965878881,5.928203029333303,5.325161055180018,0,0,8,0,"NoCut,Full",000
BNG,prm15_wcost_re9_c2p1_tn,11.082843270859916,9.270268610497718,8.61848964531158,8.23023554500671,7.129214955643148,5.920347629897081,5.325385762851485,0,0,9,0,"NoCut,Full",000
BNG,prm15_wcost_re6_c2p1_tn,11.082843270859916,8.53568532195238,8.55265006236181,8.233296882476195,7.115917572334689,5.9163832465152435,5.233384595453561,0,0,6,0,"NoCut,Full",000
Fossil,prm15_wcost_re9_c2p1_tn,19.929153732305437,20.715495139390764,20.69301886783311,27.49465666158056,31.772995457292566,35.36380481727112,37.63103919389985,0,0,9,0,"NoCut,Full",000
Fossil,prm15_wcost_re8_c2p1_tn,19.929153732305437,20.715590293259332,20.67465357501845,27.526358732565154,31.77969537168823,35.43575282300684,37.64363137418804,0,0,8,0,"NoCut,Full",000
Fossil,prm15_wcost_re7_c2p1_tn,19.929153732305437,19.813252371517233,19.981649652768123,27.14520645351217,31.326988278152992,34.50503414745546,34.7257349125431,0,0,7,0,"NoCut,Full",000
Fossil,prm15_wcost_re6_c2p1_tn,19.929153732305437,18.613833308518778,18.9950860577658,25.556938681648674,29.718081976578873,32.86572414989498,32.981592783926835,0,0,6,0,"NoCut,Full",000
Fossil,prm15_wcost_re5_c2p1_tn,19.929153732305437,19.97200094592488,20.03025919155164,26.217463074815562,31.360257169692908,34.19534630220131,35.01464695527019,0,0,5,0,"NoCut,Full",000
BNG,prm15_wcost_re1_c2p1_co2_cut90p_t1,13.26547267938445,8.772089059049957,8.142512105707517,6.3980190239915125,5.55272286718259,4.495314019205989,3.000549153388783,1,1,1,0,"90%Cut,Lim",110
BNG,prm15_wcost_re8_c2p1_co2_cut90p_t1,13.26482042706607,9.082244885647643,8.125841358540423,6.7501398505982815,5.618364633555849,4.489852565609247,8.9666501183082,1,1,8,0,"90%Cut,Lim",110
Solar,prm15_wcost_re1_c2p1_co2_cut90p_t1,1.6183549557983243,4.928056496172306,10.611745740311992,13.3172500722402,16.7092869787877,17.46716764508171,18.844200711264595,1,1,1,0,"90%Cut,Lim",110
Solar,prm15_wcost_re2_c2p1_co2_cut90p_t1,1.6137513693809393,9.483916793188397,17.81469319424569,18.490294673559838,20.716588473959185,20.295848326861204,19.517414604280656,1,1,2,0,"90%Cut,Lim",110
BNG,prm15_wcost_re9_c2p1_co2_cut90p_t1,13.264816264505127,9.144880259108328,8.156202222884337,6.931461586854331,5.62376224887406,4.525079472604276,8.046566489302801,1,1,9,0,"90%Cut,Lim",110
Solar,prm15_wcost_re20_c2p1_co2_cut90p_t1,1.6133886369304744,1.3682161458250417,1.6168055739373366,2.252079774624962,3.7310250575383215,8.381743239046912,12.033174325436415,1,1,20,1,"90%Cut,Lim",111
BNG,prm15_wcost_re19_c2p1_co2_cut90p_t1,13.26476812381414,9.875191131667421,8.944563677749214,7.195871333896912,5.718249265928251,4.672708903730989,9.174679150883454,1,1,19,1,"90%Cut,Lim",111
BNG,prm15_wcost_re3_c2p1_co2_cut90p_t1,13.265451477061658,9.113001027849778,8.137227552166854,6.815060918974606,5.645091209860868,4.485436466549248,10.072901011200749,1,1,3,0,"90%Cut,Lim",110
Solar,prm15_wcost_re9_c2p1_co2_cut90p_t1,1.6142253720436364,10.862126409155985,21.227864718000973,20.842317274984186,22.56514272872709,22.631354276746936,20.544005363138606,1,1,9,0,"90%Cut,Lim",110
BNG,prm15_wcost_re4_c2p1_co2_cut90p_t1,13.264825901088443,9.111769116511576,8.165787732753019,6.664597253932703,5.606882321841989,4.550949827772126,6.024871052157702,1,1,4,0,"90%Cut,Lim",110
Solar,prm15_wcost_re8_c2p1_co2_cut90p_t1,1.6135086570823487,10.735135073138997,20.66481202330873,20.70355814325689,22.21087655882295,22.45804874113221,20.55502689067194,1,1,8,0,"90%Cut,Lim",110
Solar,prm15_wcost_re7_c2p1_co2_cut90p_t1,1.6141318576630044,7.415391061716451,16.24845694550557,16.167674792616882,19.597221865478012,18.89359633375024,19.211763018836105,1,1,7,0,"90%Cut,Lim",110
BNG,prm15_wcost_re2_c2p1_co2_cut90p_t1,13.264834379821394,9.013380417320205,8.216835668392424,6.98428388804265,5.579651663954401,4.633164622874769,4.383054846774574,1,1,2,0,"90%Cut,Lim",110
Solar,prm15_wcost_re3_c2p1_co2_cut90p_t1,1.6183523691672261,11.15615640375281,21.469376135279244,21.778789481752625,23.05716264877165,23.237578707994807,21.159607827642763,1,1,3,0,"90%Cut,Lim",110
BNG,prm15_wcost_re5_c2p1_co2_cut90p_t1,13.264838366938225,8.968957262203674,8.201779958219387,7.016728001827189,5.572260173835861,4.61714146687302,3.684876163478849,1,1,5,0,"90%Cut,Lim",110
BNG,prm15_wcost_re20_c2p1_co2_cut90p_t1,13.26481034641173,8.85208720468863,8.463126581530302,7.385678015384456,5.963762169237872,4.534467122438564,2.938006697836567,1,1,20,1,"90%Cut,Lim",111
BNG,prm15_wcost_re6_c2p1_co2_cut90p_t1,13.264812236227918,8.837332844666697,8.12847609381243,6.426161830065857,5.572281978872075,4.506634748824227,3.0115861158017525,1,1,6,0,"90%Cut,Lim",110
Solar,prm15_wcost_re5_c2p1_co2_cut90p_t1,1.6144471691702824,8.644149142466553,16.65868820766574,17.09729011711641,20.032657971113277,19.918202628069967,20.547047174014843,1,1,5,0,"90%Cut,Lim",110
Solar,prm15_wcost_re4_c2p1_co2_cut90p_t1,1.6143461162378068,10.070619495140294,19.754491355030876,19.273381099559955,21.642753265063867,21.375011735518125,20.684873043015607,1,1,4,0,"90%Cut,Lim",110
BNG,prm15_wcost_re7_c2p1_co2_cut90p_t1,13.264825676787307,8.961183402669258,8.120175069645633,6.407621186445198,5.554399618125785,4.509816598243899,3.203965086022475,1,1,7,0,"90%Cut,Lim",110
Solar,prm15_wcost_re6_c2p1_co2_cut90p_t1,1.6139192133711295,6.293990209602465,12.608043742550807,14.33180215641371,18.14563079850631,17.82539320714062,19.208695038616515,1,1,6,0,"90%Cut,Lim",110
Solar,prm15_wcost_re13_c2p1_co2_cut90p_t1,1.6160997892337392,3.3336809958745794,11.65452793115818,14.14366882749949,15.704280423557451,15.107981986189186,15.51273392723522,1,1,13,1,"90%Cut,Lim",111
Solar,prm15_wcost_re14_c2p1_co2_cut90p_t1,1.618355041813352,1.5119514565737968,7.872108383783431,9.738795901762522,13.002790682087134,13.154288414882098,14.685157945246756,1,1,14,1,"90%Cut,Lim",111
Solar,prm15_wcost_re15_c2p1_co2_cut90p_t1,1.6139364748998788,1.4394647638460358,5.25614832255487,6.510112535727415,10.198050911102827,11.848968227453234,14.463837023246372,1,1,15,1,"90%Cut,Lim",111
Solar,prm15_wcost_re16_c2p1_co2_cut90p_t1,1.603331729438102,1.3490357559212802,2.7096129412101098,3.2153563906190716,6.293444963381127,10.658776789644696,12.687928435803284,1,1,16,1,"90%Cut,Lim",111
Solar,prm15_wcost_re17_c2p1_co2_cut90p_t1,1.5928448836021845,1.408485745868178,4.535412730638788,5.493351900719306,9.75393770767899,11.330790791790106,13.814170780107471,1,1,17,1,"90%Cut,Lim",111
Solar,prm15_wcost_re18_c2p1_co2_cut90p_t1,1.6183464469143127,2.2124691914155212,9.901212686738283,12.866941993751176,14.315962125370534,14.283413285491237,15.09483120961542,1,1,18,1,"90%Cut,Lim",111
Solar,prm15_wcost_re19_c2p1_co2_cut90p_t1,1.6133835014285416,2.8660543702218186,11.04821885362907,13.403376015499653,14.678133897487196,14.658994923244967,14.880315771700554,1,1,19,1,"90%Cut,Lim",111
Solar,prm15_wcost_re12_c2p1_co2_cut90p_t1,1.6183624142476087,1.4457947944835727,6.337030569444034,7.663824713226465,11.625951851224901,12.447429772071319,14.646724067048668,1,1,12,1,"90%Cut,Lim",111
Solar,prm15_wcost_re11_c2p1_co2_cut90p_t1,1.6139419936313577,1.3670880917033421,1.8004613759553298,2.284583213355485,4.4851321058281854,9.454069103395552,12.893589304038269,1,1,11,1,"90%Cut,Lim",111
Solar,prm15_wcost_re10_c2p1_co2_cut90p_t1,1.6183574217747752,4.862326153746102,9.885335382069254,11.109917091324213,16.100310968099592,16.969048806333927,18.484311081944192,1,1,10,0,"90%Cut,Lim",110
BNG,prm15_wcost_re18_c2p1_co2_cut90p_t1,13.265402933023811,9.902759114952087,8.971042999069903,7.20527299047722,5.723460693356391,4.7158459665811066,10.401999964861673,1,1,18,1,"90%Cut,Lim",111
Wind,prm15_wcost_re10_c2p1_co2_cut90p_t1,3.1067502183330866,9.612673454009101,14.763223791850377,19.793126610124844,23.49493272163157,32.912229190375776,40.837227105754764,1,1,10,0,"90%Cut,Lim",110
Wind,prm15_wcost_re11_c2p1_co2_cut90p_t1,3.070088320706953,12.595236722029094,22.968935479703532,28.37016985934437,34.57560071666352,40.19064668468556,46.18956491591224,1,1,11,1,"90%Cut,Lim",111
Wind,prm15_wcost_re12_c2p1_co2_cut90p_t1,3.1068025781659885,10.770362298402922,17.234921867336077,23.014778966665265,26.918311961810353,35.85595792775341,40.672390945487976,1,1,12,1,"90%Cut,Lim",111
Wind,prm15_wcost_re13_c2p1_co2_cut90p_t1,3.0894032074047364,7.626630548177137,11.66742540957769,16.770327399025675,22.633373273504176,32.882051158972516,35.091048925306964,1,1,13,1,"90%Cut,Lim",111
Wind,prm15_wcost_re14_c2p1_co2_cut90p_t1,3.1067884251570246,10.205958647999786,15.832555055781294,20.945001619952343,25.45054881268273,35.080462163851536,38.76121426399059,1,1,14,1,"90%Cut,Lim",111
Wind,prm15_wcost_re15_c2p1_co2_cut90p_t1,3.074109773406552,11.001034603996267,18.565396970097254,24.315517355416574,28.381736027099368,36.58161525724269,41.75053055313486,1,1,15,1,"90%Cut,Lim",111
Wind,prm15_wcost_re16_c2p1_co2_cut90p_t1,3.0659317322670767,12.301936128992786,21.964396528254834,27.558650204949878,32.49669618896408,38.91912729746674,46.72367543269458,1,1,16,1,"90%Cut,Lim",111
Wind,prm15_wcost_re17_c2p1_co2_cut90p_t1,3.0632891636776756,11.54860339551803,19.334048053565077,25.403882704533448,29.20531011142008,38.20794086175759,43.80375669980999,1,1,17,1,"90%Cut,Lim",111
Wind,prm15_wcost_re18_c2p1_co2_cut90p_t1,3.1022969876530935,9.025524663807818,13.504149750536905,17.797037140316032,24.13299145424223,34.01203259429374,35.89629403388667,1,1,18,1,"90%Cut,Lim",111
Wind,prm15_wcost_re19_c2p1_co2_cut90p_t1,3.07093679527529,8.134321209605018,12.233423248520301,17.47833580241689,23.817415796724635,33.59245947290265,37.1438467022811,1,1,19,1,"90%Cut,Lim",111
Wind,prm15_wcost_re1_c2p1_co2_cut90p_t1,3.1067882600322614,9.547152827416072,13.976543059792757,17.63010049697157,23.09940389614255,32.66010664751058,40.714622023230184,1,1,1,0,"90%Cut,Lim",110
Wind,prm15_wcost_re20_c2p1_co2_cut90p_t1,3.0680534496440384,12.576272558750908,23.109544759026257,28.50556121215767,35.25385661954512,41.235615678497,48.12383777312141,1,1,20,1,"90%Cut,Lim",111
Wind,prm15_wcost_re2_c2p1_co2_cut90p_t1,3.0699086583774267,4.2753986363844385,6.987153914855806,12.318780361526901,18.91838141138868,28.069757917134808,37.59046322171101,1,1,2,0,"90%Cut,Lim",110
Wind,prm15_wcost_re3_c2p1_co2_cut90p_t1,3.1067832944249947,2.6213921217011786,3.5908333051715657,9.191547002651562,16.129048260792622,25.90470962991378,30.846766793279414,1,1,3,0,"90%Cut,Lim",110
Wind,prm15_wcost_re4_c2p1_co2_cut90p_t1,3.0735939382088127,3.522788594532092,5.320014332933785,11.430369855352732,17.29003074621104,27.14998047572799,35.08820329596134,1,1,4,0,"90%Cut,Lim",110
Wind,prm15_wcost_re5_c2p1_co2_cut90p_t1,3.070370251697396,5.393563638231762,8.25398889032564,13.920713202161629,19.59648967773808,28.766916996732313,37.57482561722891,1,1,5,0,"90%Cut,Lim",110
Wind,prm15_wcost_re6_c2p1_co2_cut90p_t1,3.067218001039776,8.03936403508145,12.132955683513943,16.246741686985633,21.72821450416265,32.133208727232166,40.11356705641823,1,1,6,0,"90%Cut,Lim",110
Wind,prm15_wcost_re7_c2p1_co2_cut90p_t1,3.068956328782646,6.603639797070374,8.374166296152753,14.245235610883174,20.029448221848476,29.90026383503858,39.21024608368154,1,1,7,0,"90%Cut,Lim",110
Wind,prm15_wcost_re8_c2p1_co2_cut90p_t1,3.0630966862130347,2.882654980980589,4.2598343417310325,10.192047899014579,16.827355151049236,26.44455040333791,32.311265028167035,1,1,8,0,"90%Cut,Lim",110
Wind,prm15_wcost_re9_c2p1_co2_cut90p_t1,3.0737633900171786,2.6181487613248415,3.7611268536208726,9.896116983986204,16.493340008619285,26.32785817816373,33.22769952026604,1,1,9,0,"90%Cut,Lim",110
BNG,prm15_wcost_re17_c2p1_co2_cut90p_t1,13.264913696370213,9.610157081260374,8.705806369032294,7.374994915035855,5.829303461486647,4.695977993090928,4.497229364155026,1,1,17,1,"90%Cut,Lim",111
BNG,prm15_wcost_re16_c2p1_co2_cut90p_t1,13.26473193998036,9.053232939805309,8.5058541387578,7.391016887358075,5.978676396671029,4.691496285061625,3.0445671638770797,1,1,16,1,"90%Cut,Lim",111
BNG,prm15_wcost_re15_c2p1_co2_cut90p_t1,13.264781977270093,9.828240818091194,8.854867364076787,7.354837625983591,5.804876617590504,4.7324732048014795,5.526077537097388,1,1,15,1,"90%Cut,Lim",111
BNG,prm15_wcost_re14_c2p1_co2_cut90p_t1,13.265473384439911,9.801451841104603,8.84352730277896,7.2974260644847915,5.726964164472602,4.722839284575382,8.017782887052066,1,1,14,1,"90%Cut,Lim",111
BNG,prm15_wcost_re13_c2p1_co2_cut90p_t1,13.264813549338571,9.897349020734474,8.91391190680017,7.163408062336153,5.70366222123157,4.714976137606406,10.697565683784442,1,1,13,1,"90%Cut,Lim",111
BNG,prm15_wcost_re12_c2p1_co2_cut90p_t1,13.26553381545034,9.941180363137187,8.878413881846944,7.322269368605908,5.799876082861462,4.709614448209768,6.236999959531641,1,1,12,1,"90%Cut,Lim",111
BNG,prm15_wcost_re11_c2p1_co2_cut90p_t1,13.264793022048966,8.88554259088507,8.466476631459479,7.39115578261896,5.96137541841973,4.654318281548257,2.944724142034262,1,1,11,1,"90%Cut,Lim",111
BNG,prm15_wcost_re10_c2p1_co2_cut90p_t1,13.265492892714732,8.809431136190234,8.136001924644336,7.155274196239992,5.568467373216738,4.4942080459379605,3.006278117578053,1,1,10,0,"90%Cut,Lim",110
Hydro,prm15_wcost_re8_c2p1_co2_cut90p_t1,61.02008763594104,59.162294928984345,52.605603329895196,51.71780220041321,47.957751185842234,42.71564151945785,37.0442934157863,1,1,8,0,"90%Cut,Lim",110
Hydro,prm15_wcost_re9_c2p1_co2_cut90p_t1,61.00871498170927,59.21078081761311,52.40634037976426,51.48588074224981,47.913027904193754,42.6200290225597,37.05897529522831,1,1,9,0,"90%Cut,Lim",110
Fossil,prm15_wcost_re7_c2p1_co2_cut90p_t1,21.038494919945904,17.941915898305012,14.3462505399897,10.632045650545589,7.299358649179097,3.8885182416166892,1.123030518314207,1,1,7,0,"90%Cut,Lim",110
Fossil,prm15_wcost_re6_c2p1_co2_cut90p_t1,21.03847360273095,17.8231000187327,14.45910428840188,10.740176668026532,7.239190674104892,3.881807117866731,1.1233306570528807,1,1,6,0,"90%Cut,Lim",110
Fossil,prm15_wcost_re8_c2p1_co2_cut90p_t1,21.03848659369751,18.13767013124842,14.343908946524614,10.63645190671704,7.3856524707297355,3.891906770462787,1.1227645470665284,1,1,8,0,"90%Cut,Lim",110
Hydro,prm15_wcost_re7_c2p1_co2_cut90p_t1,61.01359121682113,59.0778698402389,52.91095114870634,52.54742275950915,47.519571645368636,42.80780499135059,37.25099529314568,1,1,7,0,"90%Cut,Lim",110
Hydro,prm15_wcost_re20_c2p1_co2_cut90p_t1,61.01527696159991,59.10436573148098,52.2858421754843,50.58679753421306,47.75054529823213,41.96401271713623,35.7798308355051,1,1,20,1,"90%Cut,Lim",111
Fossil,prm15_wcost_re3_c2p1_co2_cut90p_t1,21.03948746189208,18.14618655858554,14.376762810869296,10.99858172572856,7.409502998461271,3.8944489567798684,1.1226024959556768,1,1,3,0,"90%Cut,Lim",110
Hydro,prm15_wcost_re2_c2p1_co2_cut90p_t1,61.01299686914642,59.17836746302671,52.60368327287986,50.658575429171215,47.40689720552519,43.10249467197332,37.38617751617066,1,1,2,0,"90%Cut,Lim",110
Hydro,prm15_wcost_re3_c2p1_co2_cut90p_t1,60.969925397454034,58.9632638881107,52.42580019651304,51.21602087089265,47.7591948821136,42.4778262387623,36.798121871921396,1,1,3,0,"90%Cut,Lim",110
Fossil,prm15_wcost_re4_c2p1_co2_cut90p_t1,21.038495275695638,18.122613120964985,14.325009234462836,10.786417651349728,7.349406977245838,3.8975839459226047,1.1225079886248117,1,1,4,0,"90%Cut,Lim",110
Hydro,prm15_wcost_re4_c2p1_co2_cut90p_t1,61.00873876876931,59.172209672851054,52.43469734481949,51.84523413980488,48.11092668963726,43.02647401505916,37.07954462024054,1,1,4,0,"90%Cut,Lim",110
Hydro,prm15_wcost_re5_c2p1_co2_cut90p_t1,61.011829165208304,58.99566909453448,52.444141322654716,50.446179569827635,47.450925203109676,42.8010325874569,37.070680053389815,1,1,5,0,"90%Cut,Lim",110
Fossil,prm15_wcost_re5_c2p1_co2_cut90p_t1,21.0385150469858,17.99766086256354,14.441401621134528,11.519089109067146,7.3476669742031095,3.896706320867798,1.1225709918875748,1,1,5,0,"90%Cut,Lim",110
Hydro,prm15_wcost_re6_c2p1_co2_cut90p_t1,61.01557694663022,59.00621289191668,52.67142019172094,52.255117658508276,47.31468204435408,41.65295619893625,36.542821132110625,1,1,6,0,"90%Cut,Lim",110
Fossil,prm15_wcost_re9_c2p1_co2_cut90p_t1,21.038479991724785,18.164063752797734,14.448465825729569,10.844223411925466,7.404727109585825,3.895679049925344,1.1227533320642449,1,1,9,0,"90%Cut,Lim",110
Hydro,prm15_wcost_re1_c2p1_co2_cut90p_t1,60.96986301523947,59.006006791692684,52.76925829334927,51.96505741578333,47.31110298874415,41.47480950572526,36.31679134000576,1,1,1,0,"90%Cut,Lim",110
Hydro,prm15_wcost_re19_c2p1_co2_cut90p_t1,61.01250794064022,60.1160624354991,53.09536642971512,50.37013172306896,48.3682032069557,43.17303560277308,37.67626748311003,1,1,19,1,"90%Cut,Lim",111
Fossil,prm15_wcost_re13_c2p1_co2_cut90p_t1,21.03847568537205,19.017679361274638,14.71212611326194,11.620866072300688,7.412828603347494,3.8957817792621365,1.124620853207147,1,1,13,1,"90%Cut,Lim",111
Fossil,prm15_wcost_re14_c2p1_co2_cut90p_t1,21.039522207789034,18.543661435666422,14.564576090657974,11.403843483364636,7.377365711745531,3.8986252110229906,1.1244180552053717,1,1,14,1,"90%Cut,Lim",111
Fossil,prm15_wcost_re12_c2p1_co2_cut90p_t1,21.03961805356464,18.567822062754807,14.649869515155356,11.241751840587645,7.366806637478703,3.898292381528996,1.1241483935617052,1,1,12,1,"90%Cut,Lim",111
Fossil,prm15_wcost_re10_c2p1_co2_cut90p_t1,21.03955314862086,17.76595367835794,14.458539969502937,11.40684719216517,7.325790476882792,3.885624242995786,1.1225626831435496,1,1,10,0,"90%Cut,Lim",110
Fossil,prm15_wcost_re11_c2p1_co2_cut90p_t1,21.03844312834579,18.113665934415188,14.491122720753147,11.307371019090345,7.332669258786024,3.889008039716276,1.1245724658287997,1,1,11,1,"90%Cut,Lim",111
Fossil,prm15_wcost_re15_c2p1_co2_cut90p_t1,21.038425610925714,18.511237688408904,14.686013470308358,11.29177878015383,7.360970516377634,3.895337228683477,1.123696198627985,1,1,15,1,"90%Cut,Lim",111
Hydro,prm15_wcost_re13_c2p1_co2_cut90p_t1,60.9912077686509,60.124660073939175,53.052008639202015,50.30172963883799,48.54585547835931,43.39920893796975,37.57403061046623,1,1,13,1,"90%Cut,Lim",111
Hydro,prm15_wcost_re14_c2p1_co2_cut90p_t1,60.96986094080067,59.936976618655386,52.88723316699835,50.61493293043571,48.442330629012,43.143784925667994,37.41142684850522,1,1,14,1,"90%Cut,Lim",111
Fossil,prm15_wcost_re1_c2p1_co2_cut90p_t1,21.03952108954548,17.746694825668982,14.499940800838461,10.689572991013385,7.327483269143017,3.902602182476458,1.1238367721106852,1,1,1,0,"90%Cut,Lim",110
Hydro,prm15_wcost_re15_c2p1_co2_cut90p_t1,61.008746163497776,59.22002212565759,52.63757387296274,50.5277537027186,48.25436592782967,42.941606081819124,37.1358586878934,1,1,15,1,"90%Cut,Lim",111
Hydro,prm15_wcost_re16_c2p1_co2_cut90p_t1,61.02765834834619,59.14076033514262,52.225492772746854,50.57684474937269,47.91190139502537,41.836901138192225,36.4203971324433,1,1,16,1,"90%Cut,Lim",111
Hydro,prm15_wcost_re17_c2p1_co2_cut90p_t1,61.04031773415118,59.02289390620066,52.76388663097154,50.448823773273084,47.860200757258305,41.87358775355248,36.76168868551503,1,1,17,1,"90%Cut,Lim",111
Fossil,prm15_wcost_re20_c2p1_co2_cut90p_t1,21.03847060541385,18.099058359254425,14.524680910021806,11.269883463619854,7.300810855446554,3.8841612428813006,1.1251503681005155,1,1,20,1,"90%Cut,Lim",111
Hydro,prm15_wcost_re18_c2p1_co2_cut90p_t1,60.97454316312241,59.988627765971366,53.09907339702821,50.67724744379696,48.42233614906749,43.09166271504576,37.48216069045612,1,1,18,1,"90%Cut,Lim",111
Fossil,prm15_wcost_re2_c2p1_co2_cut90p_t1,21.03850872327381,18.04893669008025,14.377633949626219,11.548065647699376,7.378481245172553,3.8987344611558927,1.1228898110630998,1,1,2,0,"90%Cut,Lim",110
Fossil,prm15_wcost_re19_c2p1_co2_cut90p_t1,21.03840363884181,19.00837085300666,14.678427790386305,11.552285125117583,7.417997832904214,3.9028010973483145,1.1248908920248484,1,1,19,1,"90%Cut,Lim",111
Fossil,prm15_wcost_re16_c2p1_co2_cut90p_t1,21.038346249968278,18.155034840138,14.594643619030403,11.258131767700293,7.31928105595839,3.893698489634727,1.123431835181753,1,1,16,1,"90%Cut,Lim",111
Fossil,prm15_wcost_re17_c2p1_co2_cut90p_t1,21.03863452219874,18.409859871152758,14.66084621579231,11.278946706438322,7.351247962155962,3.8917025998089025,1.1231544704124743,1,1,17,1,"90%Cut,Lim",111
Hydro,prm15_wcost_re10_c2p1_co2_cut90p_t1,60.969846318556556,58.94961557769662,52.7568989319331,50.53483491014578,47.510498460169316,41.73888971435654,36.54962101157944,1,1,10,0,"90%Cut,Lim",110
Fossil,prm15_wcost_re18_c2p1_co2_cut90p_t1,21.039410469286352,18.87061926385321,14.5245211666267,11.453500431658611,7.40524957796335,3.89704543858815,1.1247141011801243,1,1,18,1,"90%Cut,Lim",111
Hydro,prm15_wcost_re11_c2p1_co2_cut90p_t1,61.01273353526693,59.03846666096729,52.273003792128506,50.64672012559083,47.64522250030252,41.811957890654355,36.84754917218642,1,1,11,1,"90%Cut,Lim",111
Hydro,prm15_wcost_re12_c2p1_co2_cut90p_t1,60.96968313857141,59.2748404812215,52.899764166217594,50.75737511091471,48.28905346662458,43.0887054704365,37.319736634369995,1,1,12,1,"90%Cut,Lim",111
Fossil,prm15_wcost_re17_c2p1_co2_cut90p_tn,19.928866149481955,17.848233525688922,14.176900272189517,10.654582078556752,7.329580926490764,3.8846723593197696,1.1157152849875072,1,0,17,1,"90%Cut,Full",101
Fossil,prm15_wcost_re10_c2p1_co2_cut90p_tn,19.928266767919503,17.13683898541465,14.379703114676142,10.920864956254754,7.296864850627188,3.88994682185925,1.118155544269102,1,0,10,0,"90%Cut,Full",100
Fossil,prm15_wcost_re19_c2p1_co2_cut90p_tn,19.928866149481955,18.400693171614144,14.31825849982963,10.772601341105313,7.358816539237323,3.8780534480057107,1.1158652795080954,1,0,19,1,"90%Cut,Full",101
Fossil,prm15_wcost_re18_c2p1_co2_cut90p_tn,19.928866149481955,18.194861651516845,14.250990018328626,10.848171822339776,7.358771023000997,3.8779235867979485,1.1156245611263333,1,0,18,1,"90%Cut,Full",101
Fossil,prm15_wcost_re14_c2p1_co2_cut90p_tn,19.928866149481955,18.086730925157852,14.170365527379087,10.567074195719488,7.359814814594056,3.8778062024886166,1.1131951226874153,1,0,14,1,"90%Cut,Full",101
Fossil,prm15_wcost_re13_c2p1_co2_cut90p_tn,19.928866149481955,18.50339144286536,14.372889521519982,10.899066047458602,7.358068006844942,3.8763108313401897,1.114259877367227,1,0,13,1,"90%Cut,Full",101
Fossil,prm15_wcost_re1_c2p1_co2_cut90p_tn,19.928266767919503,17.16527356901969,14.405379400434954,10.91258404127048,7.301387367861901,3.8903203746810555,1.117479165343455,1,0,1,0,"90%Cut,Full",100
Fossil,prm15_wcost_re12_c2p1_co2_cut90p_tn,19.928866149481955,17.974907374086648,14.168137132527848,10.67999416226126,7.350897583267494,3.8836587678711285,1.113522262320873,1,0,12,1,"90%Cut,Full",101
Fossil,prm15_wcost_re16_c2p1_co2_cut90p_tn,19.928866149481955,17.60547076054834,14.292921806451844,11.62146549679839,7.395620346139589,3.8864701924087486,1.1164011404493108,1,0,16,1,"90%Cut,Full",101
Fossil,prm15_wcost_re15_c2p1_co2_cut90p_tn,19.928866149481955,17.857666368412712,14.176187201956168,10.643083929679362,7.334417938150485,3.884452406067343,1.1140531239373432,1,0,15,1,"90%Cut,Full",101
Fossil,prm15_wcost_re11_c2p1_co2_cut90p_tn,19.928866149481955,17.497496885785132,14.388891740288612,11.469072962258178,7.3217348116878025,3.887050620901698,1.1167074051620336,1,0,11,1,"90%Cut,Full",101
Wind,prm15_wcost_re11_c2p1_co2_cut90p_tn,3.0316469923823006,10.298084996913312,20.76270657193414,27.426383120233943,34.166175892001675,40.64473553632786,46.81060378148755,1,0,11,1,"90%Cut,Full",101
Wind,prm15_wcost_re10_c2p1_co2_cut90p_tn,3.02982052082744,8.773192702161458,14.389815087072357,18.86798680632285,24.236705068996717,32.34168951670341,40.130899808198436,1,0,10,0,"90%Cut,Full",100
Wind,prm15_wcost_re5_c2p1_co2_cut90p_tn,3.02982052082744,4.3235278618369195,8.291981255350493,13.902895964597256,18.992497985643375,29.312358212530068,39.178878021515295,1,0,5,0,"90%Cut,Full",100
Wind,prm15_wcost_re6_c2p1_co2_cut90p_tn,3.02982052082744,7.9257500236109655,11.935964946518391,17.361493907674635,21.395217799473407,31.485232257385896,39.195116776190766,1,0,6,0,"90%Cut,Full",100
Wind,prm15_wcost_re8_c2p1_co2_cut90p_tn,3.02982052082744,2.6120333856263405,4.772876209690639,8.863046128551092,15.936918075683081,26.50988077402341,36.90310074516701,1,0,8,0,"90%Cut,Full",100
Wind,prm15_wcost_re7_c2p1_co2_cut90p_tn,3.02982052082744,5.409654050225459,9.045253788987411,14.52920029826001,19.78156086570135,30.554149259345778,39.182132918981736,1,0,7,0,"90%Cut,Full",100
Wind,prm15_wcost_re4_c2p1_co2_cut90p_tn,3.02982052082744,3.369055154294722,5.935330223311631,11.679533229564067,17.141007182342733,28.07684282750186,38.67281232277424,1,0,4,0,"90%Cut,Full",100
Wind,prm15_wcost_re17_c2p1_co2_cut90p_tn,3.0316469923823006,9.090375154388472,18.05210286269195,24.45524730984966,29.15598457216841,37.02082845076587,44.88511933205903,1,0,17,1,"90%Cut,Full",101
Wind,prm15_wcost_re2_c2p1_co2_cut90p_tn,3.02982052082744,4.118226141227534,7.108611141940081,12.801391401898172,18.357122324404287,28.95743780946552,38.672602318959484,1,0,2,0,"90%Cut,Full",100
Wind,prm15_wcost_re20_c2p1_co2_cut90p_tn,3.0316469923823006,10.277664000411315,20.674288830078666,27.61238507121605,34.862452224178384,41.862470767053274,47.79589522178069,1,0,20,1,"90%Cut,Full",101
Wind,prm15_wcost_re19_c2p1_co2_cut90p_tn,3.0316469923823006,7.2178074490413815,12.21726993956394,18.27760917998813,22.97266503290937,33.13830297631378,41.7532823946176,1,0,19,1,"90%Cut,Full",101
Wind,prm15_wcost_re18_c2p1_co2_cut90p_tn,3.0316469923823006,7.379992886773334,13.507012262259357,18.807514680850836,23.44526456956844,33.794436542657444,42.228799293134635,1,0,18,1,"90%Cut,Full",101
Fossil,prm15_wcost_re8_c2p1_co2_cut90p_tn,19.928266767919503,17.692708421947835,14.283010292829378,11.308013223772097,7.403197250069966,3.8698530929028605,1.1138429349189782,1,0,8,0,"90%Cut,Full",100
Wind,prm15_wcost_re16_c2p1_co2_cut90p_tn,3.0316469923823006,9.840749087209492,20.439292351491083,27.135503402407636,32.33635859759436,38.55716287073615,45.23463805312302,1,0,16,1,"90%Cut,Full",101
Wind,prm15_wcost_re12_c2p1_co2_cut90p_tn,3.0316469923823006,8.746807544666583,16.56350249234811,22.258356740779085,26.669502850898635,36.103011186469004,44.20265932013735,1,0,12,1,"90%Cut,Full",101
Wind,prm15_wcost_re13_c2p1_co2_cut90p_tn,3.0316469923823006,6.461556835501284,11.697485000080254,17.012297244186474,21.94782519639713,33.09735342638691,40.1665926382186,1,0,13,1,"90%Cut,Full",101
Wind,prm15_wcost_re3_c2p1_co2_cut90p_tn,3.02982052082744,2.593084200857184,3.98937113793946,8.019941257937536,15.437006829809338,26.674969605419612,36.17811968358774,1,0,3,0,"90%Cut,Full",100
Wind,prm15_wcost_re15_c2p1_co2_cut90p_tn,3.0316469923823006,9.050106425309458,17.416341243701325,23.689327862946705,28.534296123015555,36.788311637435605,44.618938327303745,1,0,15,1,"90%Cut,Full",101
Wind,prm15_wcost_re14_c2p1_co2_cut90p_tn,3.0316469923823006,8.213034773043024,15.655032235202981,20.36713988936137,25.293428542705357,35.2177526647182,43.704784502333254,1,0,14,1,"90%Cut,Full",101
Fossil,prm15_wcost_re3_c2p1_co2_cut90p_tn,19.928266767919503,17.793396325792497,14.297143783242369,11.30203193129151,7.417069814828361,3.8663152752698013,1.11441758743206,1,0,3,0,"90%Cut,Full",100
Fossil,prm15_wcost_re2_c2p1_co2_cut90p_tn,19.928266767919503,17.63956258568329,14.300145029401873,10.635881735512049,7.3643995698298745,3.8681883625508267,1.1140308327067057,1,0,2,0,"90%Cut,Full",100
Wind,prm15_wcost_re1_c2p1_co2_cut90p_tn,3.02982052082744,8.324558009189214,13.93377737770397,18.479021805436822,23.384959969037578,31.994986065499596,39.519974089669546,1,0,1,0,"90%Cut,Full",100
Fossil,prm15_wcost_re20_c2p1_co2_cut90p_tn,19.928866149481955,17.50965302852278,14.39199604205858,11.484794988330345,7.3196416039688526,3.886962225752355,1.1178465385161296,1,0,20,1,"90%Cut,Full",101
Fossil,prm15_wcost_re4_c2p1_co2_cut90p_tn,19.928266767919503,17.588583827957006,14.289995646758312,10.473651671243124,7.360180553916045,3.8703217414558275,1.1132212375251687,1,0,4,0,"90%Cut,Full",100
Fossil,prm15_wcost_re6_c2p1_co2_cut90p_tn,19.928266767919503,17.185769551979178,14.40554528073094,10.79935040543795,7.358609680877426,3.8891348585426977,1.116223048931231,1,0,6,0,"90%Cut,Full",100
Fossil,prm15_wcost_re7_c2p1_co2_cut90p_tn,19.928266767919503,17.453271582572913,14.32590187525793,10.744889298645115,7.358837536684344,3.8678483421592036,1.1161415632050997,1,0,7,0,"90%Cut,Full",100
Wind,prm15_wcost_re9_c2p1_co2_cut90p_tn,3.02982052082744,2.5835075429670513,4.2217852454232565,8.271197814744465,15.937982604818789,27.073652559199296,39.66408303514532,1,0,9,0,"90%Cut,Full",100
Fossil,prm15_wcost_re5_c2p1_co2_cut90p_tn,19.928266767919503,17.61664937197585,14.325100598045651,10.786398395366833,7.360677592439393,3.864266037469542,1.1156045344744951,1,0,5,0,"90%Cut,Full",100
Fossil,prm15_wcost_re9_c2p1_co2_cut90p_tn,19.928266767919503,17.794751132829695,14.286258473631914,11.196821748968917,7.3958180787924155,3.862011812083892,1.1142180717003491,1,0,9,0,"90%Cut,Full",100
Solar,prm15_wcost_re13_c2p1_co2_cut90p_tn,1.5792131692626794,1.9319401286277882,9.301919014623161,11.738233494974144,15.775372645253082,15.055770155792425,13.624539685452975,1,0,13,1,"90%Cut,Full",101
Solar,prm15_wcost_re14_c2p1_co2_cut90p_tn,1.5792131692626794,1.5651861102582716,5.9949896078200595,8.548609717164652,12.33640779175188,13.463163044866992,13.92983427295455,1,0,14,1,"90%Cut,Full",101
Solar,prm15_wcost_re15_c2p1_co2_cut90p_tn,1.5792131692626794,1.432550131888294,4.531351116867278,5.237000789295433,9.1894671697409,12.101546067632999,13.426946897037134,1,0,15,1,"90%Cut,Full",101
Solar,prm15_wcost_re16_c2p1_co2_cut90p_tn,1.5792131692626794,1.3605096258769263,1.7811761909741355,2.0292936246105797,6.021897064701735,10.941106512982914,12.832692571093988,1,0,16,1,"90%Cut,Full",101
Solar,prm15_wcost_re17_c2p1_co2_cut90p_tn,1.5792131692626794,1.4254116080314274,3.9310058003275694,4.599032378236274,8.575690123706403,11.852135334703252,13.22851394602927,1,0,17,1,"90%Cut,Full",101
Solar,prm15_wcost_re18_c2p1_co2_cut90p_tn,1.5792131692626794,1.6906577403332483,7.776944940357765,10.477933674061914,14.396734324155025,14.863315332477237,13.104106887685232,1,0,18,1,"90%Cut,Full",101
Solar,prm15_wcost_re12_c2p1_co2_cut90p_tn,1.5792131692626794,1.4498042161410438,5.1746934278840095,6.6724833090932885,10.931196703469617,12.729655647239356,13.878027997662727,1,0,12,1,"90%Cut,Full",101
Solar,prm15_wcost_re10_c2p1_co2_cut90p_tn,1.5791656727694108,3.3110548126141652,7.404772222739158,10.167015748525593,14.690007304085578,17.28955199320262,18.568948113036505,1,0,10,0,"90%Cut,Full",100
Solar,prm15_wcost_re11_c2p1_co2_cut90p_tn,1.5792131692626794,1.3484721957316828,1.3751920314497061,1.635989306041085,4.363007647991677,9.09715181386122,11.823308938444807,1,0,11,1,"90%Cut,Full",101
Solar,prm15_wcost_re19_c2p1_co2_cut90p_tn,1.5792131692626794,1.6959540332272867,8.960566401824074,10.69153436112643,14.796400163584911,15.2476931271079,14.052603213168368,1,0,19,1,"90%Cut,Full",101
Solar,prm15_wcost_re1_c2p1_co2_cut90p_tn,1.5791656727694108,3.709338456950065,7.854128959154001,10.575516170935504,15.56721857896113,17.573814457056077,18.772564633176078,1,0,1,0,"90%Cut,Full",100
Hydro,prm15_wcost_re12_c2p1_co2_cut90p_tn,64.37759034629833,62.7729288072803,55.378541207416355,53.244619599349576,48.98664718334342,42.46734200289433,37.13864826683189,1,0,12,1,"90%Cut,Full",101
Hydro,prm15_wcost_re11_c2p1_co2_cut90p_tn,64.37759034629833,62.57930021331601,55.20085533790018,52.11346802224027,48.02669889316087,41.62985318002803,36.714405332506125,1,0,11,1,"90%Cut,Full",101
Hydro,prm15_wcost_re10_c2p1_co2_cut90p_tn,64.38039701923915,62.54478905909314,55.66122304586999,53.25130764586869,48.023148630817154,41.682336942887986,36.694105719050924,1,0,10,0,"90%Cut,Full",100
Solar,prm15_wcost_re8_c2p1_co2_cut90p_tn,1.5791656727694108,8.618293342478088,17.14061586853023,20.14178468110486,22.25260248963084,21.785542629201544,19.646543375189005,1,0,8,0,"90%Cut,Full",100
Hydro,prm15_wcost_re8_c2p1_co2_cut90p_tn,64.38039701923915,62.01508227227703,55.6060895248981,52.812816652645814,48.69412034550272,43.05822140518743,37.15262918294374,1,0,8,0,"90%Cut,Full",100
Solar,prm15_wcost_re9_c2p1_co2_cut90p_tn,1.5791656727694108,7.993829518666826,17.64883258323757,20.781333642592973,22.298824667774014,21.69541353725302,19.200462997546385,1,0,9,0,"90%Cut,Full",100
BNG,prm15_wcost_re3_c2p1_co2_cut90p_tn,11.082350019244496,9.008853074379763,8.128608282771308,6.838901083641654,5.679692943289856,4.773162881366636,6.951497174126915,1,0,3,0,"90%Cut,Full",100
Hydro,prm15_wcost_re7_c2p1_co2_cut90p_tn,64.38039701923915,62.41317210788244,55.63361287114119,53.47788634496125,48.10414351402038,41.866936477272425,37.21966752241056,1,0,7,0,"90%Cut,Full",100
BNG,prm15_wcost_re2_c2p1_co2_cut90p_tn,11.082350019244496,8.905919967251837,8.211381560608425,6.759466504914709,5.746138534722477,4.77896583021655,3.5659225527534786,1,0,2,0,"90%Cut,Full",100
BNG,prm15_wcost_re4_c2p1_co2_cut90p_tn,11.082350019244496,8.963847170557363,8.166266429314081,6.773276211194405,5.737089762399277,4.7753589819894415,3.588456029684388,1,0,4,0,"90%Cut,Full",100
Hydro,prm15_wcost_re6_c2p1_co2_cut90p_tn,64.38039701923915,62.56919301724811,55.70429739550886,53.44745464095496,47.9841325734913,41.65167180953824,37.12982531657276,1,0,6,0,"90%Cut,Full",100
BNG,prm15_wcost_re20_c2p1_co2_cut90p_tn,11.082683342574743,8.305305861632984,8.28584911644696,7.3329052583258525,6.133740923125434,4.704498150918086,3.274925115621922,1,0,20,1,"90%Cut,Full",101
Hydro,prm15_wcost_re5_c2p1_co2_cut90p_tn,64.38039701923915,62.59027962044082,55.626483901942095,53.42315925171781,48.106986801536216,42.38692049941969,37.171890835597885,1,0,5,0,"90%Cut,Full",100
BNG,prm15_wcost_re1_c2p1_co2_cut90p_tn,11.082350019244496,8.302657056093548,8.178357075047208,6.759747439376218,5.706017454994282,4.818689627838964,3.460576277181703,1,0,1,0,"90%Cut,Full",100
Hydro,prm15_wcost_re4_c2p1_co2_cut90p_tn,64.38039701923915,62.056736685649334,55.59503110983637,53.79715942062564,48.72468580799077,42.415695828471236,37.02912231975579,1,0,4,0,"90%Cut,Full",100
Hydro,prm15_wcost_re9_c2p1_co2_cut90p_tn,64.38039701923915,62.61907075297678,55.68729149635219,52.905942981941394,48.648274185321554,42.58987642908717,36.40339144475779,1,0,9,0,"90%Cut,Full",100
BNG,prm15_wcost_re9_c2p1_co2_cut90p_tn,11.082350019244496,9.008841052559653,8.15583220135507,6.844703811752253,5.719100463293221,4.779045662376621,3.6178444508501673,1,0,9,0,"90%Cut,Full",100
Solar,prm15_wcost_re20_c2p1_co2_cut90p_tn,1.5792131692626794,1.3446361670504607,1.3893589317042851,1.606548482343408,3.8873521888599822,8.159306876088012,11.475136730378845,1,0,20,1,"90%Cut,Full",101
BNG,prm15_wcost_re8_c2p1_co2_cut90p_tn,11.082350019244496,9.061882577670717,8.197408104051647,6.874339313926135,5.713161839113388,4.77650209868476,5.183883761781271,1,0,8,0,"90%Cut,Full",100
Solar,prm15_wcost_re2_c2p1_co2_cut90p_tn,1.5791656727694108,6.705955918325018,14.766141468869924,16.208480933952586,20.44253016377365,19.968149896134946,19.56765494796572,1,0,2,0,"90%Cut,Full",100
Solar,prm15_wcost_re7_c2p1_co2_cut90p_tn,1.5791656727694108,6.087181230605195,12.838590905788344,14.594863205375953,19.000095260073664,18.919268260715562,18.976495758222665,1,0,7,0,"90%Cut,Full",100
Solar,prm15_wcost_re3_c2p1_co2_cut90p_tn,1.5791656727694108,7.81863419459807,17.86226942020236,20.932490698023877,22.55538407690534,21.80703919873227,19.03790095600966,1,0,3,0,"90%Cut,Full",100
Solar,prm15_wcost_re4_c2p1_co2_cut90p_tn,1.5791656727694108,8.02177716154157,16.013376590779608,17.276379467372763,21.03703669335118,20.861780620581627,19.596388090260394,1,0,4,0,"90%Cut,Full",100
BNG,prm15_wcost_re6_c2p1_co2_cut90p_tn,11.082350019244496,8.343766462773916,8.173023961698348,6.7495094341053665,5.807739412254022,4.801525537719655,3.5815018691785063,1,0,6,0,"90%Cut,Full",100
Solar,prm15_wcost_re5_c2p1_co2_cut90p_tn,1.5791656727694108,6.594253022144267,13.603020798011103,15.231805585203418,19.790528746133756,19.654514639639107,18.986601829765938,1,0,5,0,"90%Cut,Full",100
Solar,prm15_wcost_re6_c2p1_co2_cut90p_tn,1.5791656727694108,3.9755209443878208,9.781168415543457,11.642191611827087,17.454300533903833,18.17243553681351,18.977332989126733,1,0,6,0,"90%Cut,Full",100
BNG,prm15_wcost_re5_c2p1_co2_cut90p_tn,11.082350019244496,8.875290123602145,8.153413446650655,6.6557408031146785,5.749308874247266,4.781940610941596,3.5470247786464024,1,0,5,0,"90%Cut,Full",100
BNG,prm15_wcost_re7_c2p1_co2_cut90p_tn,11.082350019244496,8.636721028713993,8.15664055882513,6.653160852757661,5.755362823520267,4.791797660507038,3.505562237179939,1,0,7,0,"90%Cut,Full",100
BNG,prm15_wcost_re13_c2p1_co2_cut90p_tn,11.082683342574743,9.635825852325189,8.920033927170913,7.115863448851517,5.859182014776301,4.802432964294127,7.993612933276258,1,0,13,1,"90%Cut,Full",101
Hydro,prm15_wcost_re17_c2p1_co2_cut90p_tn,64.37759034629833,62.79298574978283,55.17957701241135,53.34400781084191,48.80180749101121,42.39895301070207,37.18228578320649,1,0,17,1,"90%Cut,Full",101
BNG,prm15_wcost_re12_c2p1_co2_cut90p_tn,11.082683342574743,9.05555205782542,8.715125739823662,7.144546188516782,6.061755679020821,4.816332395526189,3.667142153047146,1,0,12,1,"90%Cut,Full",101
Hydro,prm15_wcost_re16_c2p1_co2_cut90p_tn,64.37759034629833,62.64373746582751,55.16910697845772,51.667849596462204,48.11294903926587,41.82420013804728,37.19716915616713,1,0,16,1,"90%Cut,Full",101
BNG,prm15_wcost_re11_c2p1_co2_cut90p_tn,11.082683342574743,8.276645708253865,8.272354318427354,7.35508658922653,6.122382755157981,4.741208848881189,3.5349745423994907,1,0,11,1,"90%Cut,Full",101
BNG,prm15_wcost_re10_c2p1_co2_cut90p_tn,11.082350019244496,8.234124440716588,8.164486529642362,6.7928248430281135,5.753274145473366,4.796474725346728,3.4878908154450436,1,0,10,0,"90%Cut,Full",100
Hydro,prm15_wcost_re14_c2p1_co2_cut90p_tn,64.37759034629833,62.831135006780535,55.38284271159348,53.4119886742541,49.04348782346087,42.63061015712241,37.11438160221155,1,0,14,1,"90%Cut,Full",101
Hydro,prm15_wcost_re13_c2p1_co2_cut90p_tn,64.37759034629833,63.46728574068038,55.7076725366057,53.23453976452926,49.05955213672855,43.16813262218635,37.10099486568494,1,0,13,1,"90%Cut,Full",101
Hydro,prm15_wcost_re15_c2p1_co2_cut90p_tn,64.37759034629833,62.781569729474846,55.212923154989724,53.364053641714186,48.804346180419294,42.39819668488099,37.17146225435568,1,0,15,1,"90%Cut,Full",101
BNG,prm15_wcost_re19_c2p1_co2_cut90p_tn,11.082683342574743,9.656979384399634,8.872802280020666,7.126171931167188,5.91061472811591,4.817851158757348,5.963316170153731,1,0,19,1,"90%Cut,Full",101
Hydro,prm15_wcost_re18_c2p1_co2_cut90p_tn,64.37759034629833,63.14172265241974,55.51863798848457,52.7777694013832,48.89690052192481,42.65729790662867,36.346162320880936,1,0,18,1,"90%Cut,Full",101
Hydro,prm15_wcost_re3_c2p1_co2_cut90p_tn,64.38039701923915,62.78603220437248,55.7226073758445,52.906635029105416,48.91084633516709,42.878513039211676,36.718064598843625,1,0,3,0,"90%Cut,Full",100
BNG,prm15_wcost_re18_c2p1_co2_cut90p_tn,11.082683342574743,9.592765068956826,8.946414790569701,7.088610421364278,5.902329561350716,4.8070266314386965,7.2053069371728595,1,0,18,1,"90%Cut,Full",101
Hydro,prm15_wcost_re2_c2p1_co2_cut90p_tn,64.38039701923915,62.63033538751233,55.61372079917969,53.59477942372247,48.089809407269705,42.42725810163215,37.0797893476146,1,0,2,0,"90%Cut,Full",100
BNG,prm15_wcost_re17_c2p1_co2_cut90p_tn,11.082683342574743,8.842993962108363,8.660414052379613,6.947130422515396,6.136936886623213,4.843410844509049,3.5883656537176907,1,0,17,1,"90%Cut,Full",101
BNG,prm15_wcost_re14_c2p1_co2_cut90p_tn,11.082683342574743,9.303913184760315,8.796769918004394,7.105187523500391,5.96686102748784,4.81066793080377,4.137804499813226,1,0,14,1,"90%Cut,Full",101
Hydro,prm15_wcost_re20_c2p1_co2_cut90p_tn,64.37759034629833,62.562740942382455,55.25850707971152,51.96336619978436,47.79681305986733,41.386761980188275,36.336196393702416,1,0,20,1,"90%Cut,Full",101
BNG,prm15_wcost_re16_c2p1_co2_cut90p_tn,11.082683342574743,8.549533060537724,8.317502672625206,7.54588787972119,6.133174952298452,4.791060285824903,3.619099079166552,1,0,16,1,"90%Cut,Full",101
Hydro,prm15_wcost_re1_c2p1_co2_cut90p_tn,64.38039701923915,62.498172908747485,55.62835718765986,53.27313054298098,48.040416629145106,41.722189474924306,37.129405834629225,1,0,1,0,"90%Cut,Full",100
BNG,prm15_wcost_re15_c2p1_co2_cut90p_tn,11.082683342574743,8.878107344914682,8.663197282485498,7.066533776364308,6.137472588673776,4.827493203983056,3.668599397366109,1,0,15,1,"90%Cut,Full",101
Hydro,prm15_wcost_re19_c2p1_co2_cut90p_tn,64.37759034629833,63.02856596171755,55.631102878761695,53.13208318661294,48.961503536152485,42.918099289815274,37.114932942552194,1,0,19,1,"90%Cut,Full",101
