scs,load_zone,technology,period,twh
jaw_LAC_s2e0mcif0c0i0b0n0l0t0h0,Argentina,Biomass,2020,2.1254694444461446
jaw_LAC_s2e0mcif0c0i0b0n0l0t0h0,Argentina,Biomass,2025,2.637224166668776
jaw_LAC_s2e0mcif0c0i0b0n0l0t0h0,Argentina,Biomass,2030,2.968019444446819
jaw_LAC_s2e0mcif0c0i0b0n0l0t0h0,Argentina,Biomass,2035,3.2336638888914755
jaw_LAC_s2e0mcif0c0i0b0n0l0t0h0,Argentina,Biomass,2040,3.362847222224884
jaw_LAC_s2e0mcif0c0i0b0n0l0t0h0,Argentina,Biomass,2045,3.3033138888915032
jaw_LAC_s2e0mcif0c0i0b0n0l0t0h0,Argentina,Biomass,2050,3.3437805555582303
jaw_LAC_s2e0mcif0c0i0b0n0l0t0h0,Argentina,Coal,2020,3.8648055555586467
jaw_LAC_s2e0mcif0c0i0b0n0l0t0h0,Argentina,Coal,2025,4.793986388892724
jaw_LAC_s2e0mcif0c0i0b0n0l0t0h0,Argentina,Coal,2030,5.71542777778235
jaw_LAC_s2e0mcif0c0i0b0n0l0t0h0,Argentina,Coal,2035,6.5170777777829905
jaw_LAC_s2e0mcif0c0i0b0n0l0t0h0,Argentina,Coal,2040,7.187622222227971
jaw_LAC_s2e0mcif0c0i0b0n0l0t0h0,Argentina,Coal,2045,7.686222222228371
jaw_LAC_s2e0mcif0c0i0b0n0l0t0h0,Argentina,Coal,2050,8.088186111117581
jaw_LAC_s2e0mcif0c0i0b0n0l0t0h0,Argentina,Gas,2020,76.35247222228327
jaw_LAC_s2e0mcif0c0i0b0n0l0t0h0,Argentina,Gas,2025,96.4569444445216
jaw_LAC_s2e0mcif0c0i0b0n0l0t0h0,Argentina,Gas,2030,121.06916666676351
jaw_LAC_s2e0mcif0c0i0b0n0l0t0h0,Argentina,Gas,2035,147.02861111122874
jaw_LAC_s2e0mcif0c0i0b0n0l0t0h0,Argentina,Gas,2040,173.34166666680534
jaw_LAC_s2e0mcif0c0i0b0n0l0t0h0,Argentina,Gas,2045,197.95222222238056
jaw_LAC_s2e0mcif0c0i0b0n0l0t0h0,Argentina,Gas,2050,219.19722222239758
jaw_LAC_s2e0mcif0c0i0b0n0l0t0h0,Argentina,Geothermal,2020,0.5319777777782033
jaw_LAC_s2e0mcif0c0i0b0n0l0t0h0,Argentina,Geothermal,2025,2.0620416666682884
jaw_LAC_s2e0mcif0c0i0b0n0l0t0h0,Argentina,Geothermal,2030,4.345250000003476
jaw_LAC_s2e0mcif0c0i0b0n0l0t0h0,Argentina,Geothermal,2035,6.953055555561118
jaw_LAC_s2e0mcif0c0i0b0n0l0t0h0,Argentina,Geothermal,2040,9.63558333334104
jaw_LAC_s2e0mcif0c0i0b0n0l0t0h0,Argentina,Geothermal,2045,12.090861111120782
jaw_LAC_s2e0mcif0c0i0b0n0l0t0h0,Argentina,Geothermal,2050,13.834555555566624
jaw_LAC_s2e0mcif0c0i0b0n0l0t0h0,Argentina,Hydro,2020,39.21138888892025
jaw_LAC_s2e0mcif0c0i0b0n0l0t0h0,Argentina,Hydro,2025,40.38416666669897
jaw_LAC_s2e0mcif0c0i0b0n0l0t0h0,Argentina,Hydro,2030,41.556666666699904
jaw_LAC_s2e0mcif0c0i0b0n0l0t0h0,Argentina,Hydro,2035,42.72916666670084
jaw_LAC_s2e0mcif0c0i0b0n0l0t0h0,Argentina,Hydro,2040,43.90166666670178
jaw_LAC_s2e0mcif0c0i0b0n0l0t0h0,Argentina,Hydro,2045,45.07416666670272
jaw_LAC_s2e0mcif0c0i0b0n0l0t0h0,Argentina,Hydro,2050,46.24666666670366
jaw_LAC_s2e0mcif0c0i0b0n0l0t0h0,Argentina,Nuclear,2020,7.2080666666724325
jaw_LAC_s2e0mcif0c0i0b0n0l0t0h0,Argentina,Nuclear,2025,7.950361111117469
jaw_LAC_s2e0mcif0c0i0b0n0l0t0h0,Argentina,Nuclear,2030,8.787555555562585
jaw_LAC_s2e0mcif0c0i0b0n0l0t0h0,Argentina,Nuclear,2035,9.545250000007636
jaw_LAC_s2e0mcif0c0i0b0n0l0t0h0,Argentina,Nuclear,2040,10.229166666674848
jaw_LAC_s2e0mcif0c0i0b0n0l0t0h0,Argentina,Nuclear,2045,10.755472222230825
jaw_LAC_s2e0mcif0c0i0b0n0l0t0h0,Argentina,Nuclear,2050,11.219316666675642
jaw_LAC_s2e0mcif0c0i0b0n0l0t0h0,Argentina,Diesel,2020,16.842686111124582
jaw_LAC_s2e0mcif0c0i0b0n0l0t0h0,Argentina,Diesel,2025,19.433250000015544
jaw_LAC_s2e0mcif0c0i0b0n0l0t0h0,Argentina,Diesel,2030,20.121277777793875
jaw_LAC_s2e0mcif0c0i0b0n0l0t0h0,Argentina,Diesel,2035,21.12208333335023
jaw_LAC_s2e0mcif0c0i0b0n0l0t0h0,Argentina,Diesel,2040,20.462277777794146
jaw_LAC_s2e0mcif0c0i0b0n0l0t0h0,Argentina,Diesel,2045,17.35794444445833
jaw_LAC_s2e0mcif0c0i0b0n0l0t0h0,Argentina,Diesel,2050,16.220250000012975
jaw_LAC_s2e0mcif0c0i0b0n0l0t0h0,Argentina,Solar,2020,1.3099934277788257
jaw_LAC_s2e0mcif0c0i0b0n0l0t0h0,Argentina,Solar,2025,7.377945783339235
jaw_LAC_s2e0mcif0c0i0b0n0l0t0h0,Argentina,Solar,2030,17.73191606668085
jaw_LAC_s2e0mcif0c0i0b0n0l0t0h0,Argentina,Solar,2035,29.061180566689913
jaw_LAC_s2e0mcif0c0i0b0n0l0t0h0,Argentina,Solar,2040,39.811261733365185
jaw_LAC_s2e0mcif0c0i0b0n0l0t0h0,Argentina,Solar,2045,49.41562173337283
jaw_LAC_s2e0mcif0c0i0b0n0l0t0h0,Argentina,Solar,2050,58.403052127824466
jaw_LAC_s2e0mcif0c0i0b0n0l0t0h0,Argentina,Wind,2020,2.326107583335194
jaw_LAC_s2e0mcif0c0i0b0n0l0t0h0,Argentina,Wind,2025,7.888425333339644
jaw_LAC_s2e0mcif0c0i0b0n0l0t0h0,Argentina,Wind,2030,17.331754777791584
jaw_LAC_s2e0mcif0c0i0b0n0l0t0h0,Argentina,Wind,2035,29.523259777801364
jaw_LAC_s2e0mcif0c0i0b0n0l0t0h0,Argentina,Wind,2040,43.39620533336805
jaw_LAC_s2e0mcif0c0i0b0n0l0t0h0,Argentina,Wind,2045,56.658659416711984
jaw_LAC_s2e0mcif0c0i0b0n0l0t0h0,Argentina,Wind,2050,68.37938052783244
jaw_LAC_s2e1mcif0c0i0b0n0l0t0h0,Argentina,Biomass,2020,2.0020083333349348
jaw_LAC_s2e1mcif0c0i0b0n0l0t0h0,Argentina,Biomass,2025,2.704926944446608
jaw_LAC_s2e1mcif0c0i0b0n0l0t0h0,Argentina,Biomass,2030,3.374691944447144
jaw_LAC_s2e1mcif0c0i0b0n0l0t0h0,Argentina,Biomass,2035,3.8307333333363975
jaw_LAC_s2e1mcif0c0i0b0n0l0t0h0,Argentina,Biomass,2040,4.454038888892452
jaw_LAC_s2e1mcif0c0i0b0n0l0t0h0,Argentina,Biomass,2045,5.7488866666712655
jaw_LAC_s2e1mcif0c0i0b0n0l0t0h0,Argentina,Biomass,2050,7.500437777783749
jaw_LAC_s2e1mcif0c0i0b0n0l0t0h0,Argentina,Coal,2020,3.884916666669774
jaw_LAC_s2e1mcif0c0i0b0n0l0t0h0,Argentina,Coal,2025,4.15903733333666
jaw_LAC_s2e1mcif0c0i0b0n0l0t0h0,Argentina,Coal,2030,4.2194927777811255
jaw_LAC_s2e1mcif0c0i0b0n0l0t0h0,Argentina,Coal,2035,3.534691388891716
jaw_LAC_s2e1mcif0c0i0b0n0l0t0h0,Argentina,Coal,2040,2.866119444446709
jaw_LAC_s2e1mcif0c0i0b0n0l0t0h0,Argentina,Coal,2045,2.0996700000016797
jaw_LAC_s2e1mcif0c0i0b0n0l0t0h0,Argentina,Coal,2050,2.3578775000018863
jaw_LAC_s2e1mcif0c0i0b0n0l0t0h0,Argentina,Gas,2020,76.6588888889502
jaw_LAC_s2e1mcif0c0i0b0n0l0t0h0,Argentina,Gas,2025,84.37438888895639
jaw_LAC_s2e1mcif0c0i0b0n0l0t0h0,Argentina,Gas,2030,98.81397222230126
jaw_LAC_s2e1mcif0c0i0b0n0l0t0h0,Argentina,Gas,2035,113.31138888897952
jaw_LAC_s2e1mcif0c0i0b0n0l0t0h0,Argentina,Gas,2040,127.66577777787987
jaw_LAC_s2e1mcif0c0i0b0n0l0t0h0,Argentina,Gas,2045,140.7363611112237
jaw_LAC_s2e1mcif0c0i0b0n0l0t0h0,Argentina,Gas,2050,160.44552777790614
jaw_LAC_s2e1mcif0c0i0b0n0l0t0h0,Argentina,Geothermal,2020,0.5385361111115419
jaw_LAC_s2e1mcif0c0i0b0n0l0t0h0,Argentina,Geothermal,2025,2.4264555555574967
jaw_LAC_s2e1mcif0c0i0b0n0l0t0h0,Argentina,Geothermal,2030,6.251277777782778
jaw_LAC_s2e1mcif0c0i0b0n0l0t0h0,Argentina,Geothermal,2035,11.099694444453323
jaw_LAC_s2e1mcif0c0i0b0n0l0t0h0,Argentina,Geothermal,2040,15.826527777790437
jaw_LAC_s2e1mcif0c0i0b0n0l0t0h0,Argentina,Geothermal,2045,20.78975000001663
jaw_LAC_s2e1mcif0c0i0b0n0l0t0h0,Argentina,Geothermal,2050,24.931361111131054
jaw_LAC_s2e1mcif0c0i0b0n0l0t0h0,Argentina,Hydro,2020,39.21138888892025
jaw_LAC_s2e1mcif0c0i0b0n0l0t0h0,Argentina,Hydro,2025,40.38416666669897
jaw_LAC_s2e1mcif0c0i0b0n0l0t0h0,Argentina,Hydro,2030,41.556666666699904
jaw_LAC_s2e1mcif0c0i0b0n0l0t0h0,Argentina,Hydro,2035,42.72916666670084
jaw_LAC_s2e1mcif0c0i0b0n0l0t0h0,Argentina,Hydro,2040,43.90166666670178
jaw_LAC_s2e1mcif0c0i0b0n0l0t0h0,Argentina,Hydro,2045,45.07416666670272
jaw_LAC_s2e1mcif0c0i0b0n0l0t0h0,Argentina,Hydro,2050,46.24666666670366
jaw_LAC_s2e1mcif0c0i0b0n0l0t0h0,Argentina,Nuclear,2020,7.215355555561327
jaw_LAC_s2e1mcif0c0i0b0n0l0t0h0,Argentina,Nuclear,2025,8.225727777784357
jaw_LAC_s2e1mcif0c0i0b0n0l0t0h0,Argentina,Nuclear,2030,10.141583333341446
jaw_LAC_s2e1mcif0c0i0b0n0l0t0h0,Argentina,Nuclear,2035,12.623666666676764
jaw_LAC_s2e1mcif0c0i0b0n0l0t0h0,Argentina,Nuclear,2040,15.225027777789956
jaw_LAC_s2e1mcif0c0i0b0n0l0t0h0,Argentina,Nuclear,2045,18.423388888903627
jaw_LAC_s2e1mcif0c0i0b0n0l0t0h0,Argentina,Nuclear,2050,21.876805555573057
jaw_LAC_s2e1mcif0c0i0b0n0l0t0h0,Argentina,Diesel,2020,16.800350000013438
jaw_LAC_s2e1mcif0c0i0b0n0l0t0h0,Argentina,Diesel,2025,18.417075000014734
jaw_LAC_s2e1mcif0c0i0b0n0l0t0h0,Argentina,Diesel,2030,19.80760277779362
jaw_LAC_s2e1mcif0c0i0b0n0l0t0h0,Argentina,Diesel,2035,21.274941666683656
jaw_LAC_s2e1mcif0c0i0b0n0l0t0h0,Argentina,Diesel,2040,21.666697222239552
jaw_LAC_s2e1mcif0c0i0b0n0l0t0h0,Argentina,Diesel,2045,21.63673333335064
jaw_LAC_s2e1mcif0c0i0b0n0l0t0h0,Argentina,Diesel,2050,23.07036666668512
jaw_LAC_s2e1mcif0c0i0b0n0l0t0h0,Argentina,Solar,2020,1.3067689994454899
jaw_LAC_s2e1mcif0c0i0b0n0l0t0h0,Argentina,Solar,2025,11.245845132786773
jaw_LAC_s2e1mcif0c0i0b0n0l0t0h0,Argentina,Solar,2030,24.201134991130445
jaw_LAC_s2e1mcif0c0i0b0n0l0t0h0,Argentina,Solar,2035,38.5797204633642
jaw_LAC_s2e1mcif0c0i0b0n0l0t0h0,Argentina,Solar,2040,52.842643796708934
jaw_LAC_s2e1mcif0c0i0b0n0l0t0h0,Argentina,Solar,2045,68.40418096338801
jaw_LAC_s2e1mcif0c0i0b0n0l0t0h0,Argentina,Solar,2050,84.29176210562298
jaw_LAC_s2e1mcif0c0i0b0n0l0t0h0,Argentina,Wind,2020,2.3483625277796563
jaw_LAC_s2e1mcif0c0i0b0n0l0t0h0,Argentina,Wind,2025,9.273680861118528
jaw_LAC_s2e1mcif0c0i0b0n0l0t0h0,Argentina,Wind,2030,25.741755027798373
jaw_LAC_s2e1mcif0c0i0b0n0l0t0h0,Argentina,Wind,2035,49.416875027817305
jaw_LAC_s2e1mcif0c0i0b0n0l0t0h0,Argentina,Wind,2040,74.37214447228172
jaw_LAC_s2e1mcif0c0i0b0n0l0t0h0,Argentina,Wind,2045,101.828298805637
jaw_LAC_s2e1mcif0c0i0b0n0l0t0h0,Argentina,Wind,2050,128.8210138889919
jaw_LAC_s2e0mcif0c0i0b0n0l0t0h0,Brazil,Biomass,2020,0.7318388888894742
jaw_LAC_s2e0mcif0c0i0b0n0l0t0h0,Brazil,Biomass,2025,1.3639027777788688
jaw_LAC_s2e0mcif0c0i0b0n0l0t0h0,Brazil,Biomass,2030,2.517194444446458
jaw_LAC_s2e0mcif0c0i0b0n0l0t0h0,Brazil,Biomass,2035,4.0599916666698865
jaw_LAC_s2e0mcif0c0i0b0n0l0t0h0,Brazil,Biomass,2040,5.742483333337927
jaw_LAC_s2e0mcif0c0i0b0n0l0t0h0,Brazil,Biomass,2045,7.028605555561177
jaw_LAC_s2e0mcif0c0i0b0n0l0t0h0,Brazil,Biomass,2050,8.001980555561957
jaw_LAC_s2e0mcif0c0i0b0n0l0t0h0,Brazil,Coal,2020,21.165666666683595
jaw_LAC_s2e0mcif0c0i0b0n0l0t0h0,Brazil,Coal,2025,30.263166666690875
jaw_LAC_s2e0mcif0c0i0b0n0l0t0h0,Brazil,Coal,2030,42.86675000003429
jaw_LAC_s2e0mcif0c0i0b0n0l0t0h0,Brazil,Coal,2035,56.741500000045384
jaw_LAC_s2e0mcif0c0i0b0n0l0t0h0,Brazil,Coal,2040,70.42875000005633
jaw_LAC_s2e0mcif0c0i0b0n0l0t0h0,Brazil,Coal,2045,81.90458333339882
jaw_LAC_s2e0mcif0c0i0b0n0l0t0h0,Brazil,Coal,2050,90.30261111118335
jaw_LAC_s2e0mcif0c0i0b0n0l0t0h0,Brazil,Gas,2020,75.71277777783834
jaw_LAC_s2e0mcif0c0i0b0n0l0t0h0,Brazil,Gas,2025,119.41277777787329
jaw_LAC_s2e0mcif0c0i0b0n0l0t0h0,Brazil,Gas,2030,190.35194444459674
jaw_LAC_s2e0mcif0c0i0b0n0l0t0h0,Brazil,Gas,2035,275.8100000002206
jaw_LAC_s2e0mcif0c0i0b0n0l0t0h0,Brazil,Gas,2040,363.3105555558462
jaw_LAC_s2e0mcif0c0i0b0n0l0t0h0,Brazil,Gas,2045,443.4055555559102
jaw_LAC_s2e0mcif0c0i0b0n0l0t0h0,Brazil,Gas,2050,501.6880555559569
jaw_LAC_s2e0mcif0c0i0b0n0l0t0h0,Brazil,Geothermal,2020,0.7316833333339187
jaw_LAC_s2e0mcif0c0i0b0n0l0t0h0,Brazil,Geothermal,2025,4.1685833333366675
jaw_LAC_s2e0mcif0c0i0b0n0l0t0h0,Brazil,Geothermal,2030,11.01136111111992
jaw_LAC_s2e0mcif0c0i0b0n0l0t0h0,Brazil,Geothermal,2035,20.13247222223832
jaw_LAC_s2e0mcif0c0i0b0n0l0t0h0,Brazil,Geothermal,2040,30.128611111135214
jaw_LAC_s2e0mcif0c0i0b0n0l0t0h0,Brazil,Geothermal,2045,39.27722222225364
jaw_LAC_s2e0mcif0c0i0b0n0l0t0h0,Brazil,Geothermal,2050,45.991944444481234
jaw_LAC_s2e0mcif0c0i0b0n0l0t0h0,Brazil,Hydro,2020,371.58888888918614
jaw_LAC_s2e0mcif0c0i0b0n0l0t0h0,Brazil,Hydro,2025,383.43611111141786
jaw_LAC_s2e0mcif0c0i0b0n0l0t0h0,Brazil,Hydro,2030,395.2833333336496
jaw_LAC_s2e0mcif0c0i0b0n0l0t0h0,Brazil,Hydro,2035,407.13055555588124
jaw_LAC_s2e0mcif0c0i0b0n0l0t0h0,Brazil,Hydro,2040,418.97777777811297
jaw_LAC_s2e0mcif0c0i0b0n0l0t0h0,Brazil,Hydro,2045,430.8250000003447
jaw_LAC_s2e0mcif0c0i0b0n0l0t0h0,Brazil,Hydro,2050,442.67222222257635
jaw_LAC_s2e0mcif0c0i0b0n0l0t0h0,Brazil,Nuclear,2020,14.274569444455834
jaw_LAC_s2e0mcif0c0i0b0n0l0t0h0,Brazil,Nuclear,2025,15.655872222234745
jaw_LAC_s2e0mcif0c0i0b0n0l0t0h0,Brazil,Nuclear,2030,18.25122222223682
jaw_LAC_s2e0mcif0c0i0b0n0l0t0h0,Brazil,Nuclear,2035,21.682111111128457
jaw_LAC_s2e0mcif0c0i0b0n0l0t0h0,Brazil,Nuclear,2040,25.560500000020443
jaw_LAC_s2e0mcif0c0i0b0n0l0t0h0,Brazil,Nuclear,2045,29.14727777780109
jaw_LAC_s2e0mcif0c0i0b0n0l0t0h0,Brazil,Nuclear,2050,31.965027777803346
jaw_LAC_s2e0mcif0c0i0b0n0l0t0h0,Brazil,Diesel,2020,17.371055555569452
jaw_LAC_s2e0mcif0c0i0b0n0l0t0h0,Brazil,Diesel,2025,25.27244444446466
jaw_LAC_s2e0mcif0c0i0b0n0l0t0h0,Brazil,Diesel,2030,34.313722222249666
jaw_LAC_s2e0mcif0c0i0b0n0l0t0h0,Brazil,Diesel,2035,43.4132777778125
jaw_LAC_s2e0mcif0c0i0b0n0l0t0h0,Brazil,Diesel,2040,48.2688888889275
jaw_LAC_s2e0mcif0c0i0b0n0l0t0h0,Brazil,Diesel,2045,48.19538888892743
jaw_LAC_s2e0mcif0c0i0b0n0l0t0h0,Brazil,Diesel,2050,46.68908333337068
jaw_LAC_s2e0mcif0c0i0b0n0l0t0h0,Brazil,Solar,2020,4.723198105559335
jaw_LAC_s2e0mcif0c0i0b0n0l0t0h0,Brazil,Solar,2025,27.98779141113347
jaw_LAC_s2e0mcif0c0i0b0n0l0t0h0,Brazil,Solar,2030,71.35835430005707
jaw_LAC_s2e0mcif0c0i0b0n0l0t0h0,Brazil,Solar,2035,120.55316427231867
jaw_LAC_s2e0mcif0c0i0b0n0l0t0h0,Brazil,Solar,2040,169.50423482791334
jaw_LAC_s2e0mcif0c0i0b0n0l0t0h0,Brazil,Solar,2045,211.88629010572507
jaw_LAC_s2e0mcif0c0i0b0n0l0t0h0,Brazil,Solar,2050,249.25115999742158
jaw_LAC_s2e0mcif0c0i0b0n0l0t0h0,Brazil,Wind,2020,29.622726305579253
jaw_LAC_s2e0mcif0c0i0b0n0l0t0h0,Brazil,Wind,2025,53.911409916709786
jaw_LAC_s2e0mcif0c0i0b0n0l0t0h0,Brazil,Wind,2030,94.50712575007562
jaw_LAC_s2e0mcif0c0i0b0n0l0t0h0,Brazil,Wind,2035,145.72594797233882
jaw_LAC_s2e0mcif0c0i0b0n0l0t0h0,Brazil,Wind,2040,201.58191463905013
jaw_LAC_s2e0mcif0c0i0b0n0l0t0h0,Brazil,Wind,2045,234.13322655574285
jaw_LAC_s2e0mcif0c0i0b0n0l0t0h0,Brazil,Wind,2050,270.45029250021634
jaw_LAC_s2e1mcif0c0i0b0n0l0t0h0,Brazil,Biomass,2020,0.5360944444448733
jaw_LAC_s2e1mcif0c0i0b0n0l0t0h0,Brazil,Biomass,2025,1.2671277500010136
jaw_LAC_s2e1mcif0c0i0b0n0l0t0h0,Brazil,Biomass,2030,2.1801050000017437
jaw_LAC_s2e1mcif0c0i0b0n0l0t0h0,Brazil,Biomass,2035,2.922001111113448
jaw_LAC_s2e1mcif0c0i0b0n0l0t0h0,Brazil,Biomass,2040,3.2641138888915
jaw_LAC_s2e1mcif0c0i0b0n0l0t0h0,Brazil,Biomass,2045,4.0315666666698915
jaw_LAC_s2e1mcif0c0i0b0n0l0t0h0,Brazil,Biomass,2050,7.442152777783731
jaw_LAC_s2e1mcif0c0i0b0n0l0t0h0,Brazil,Coal,2020,11.80011111112055
jaw_LAC_s2e1mcif0c0i0b0n0l0t0h0,Brazil,Coal,2025,25.449283611131467
jaw_LAC_s2e1mcif0c0i0b0n0l0t0h0,Brazil,Coal,2030,37.63965416669677
jaw_LAC_s2e1mcif0c0i0b0n0l0t0h0,Brazil,Coal,2035,44.297541666702074
jaw_LAC_s2e1mcif0c0i0b0n0l0t0h0,Brazil,Coal,2040,51.762455555596965
jaw_LAC_s2e1mcif0c0i0b0n0l0t0h0,Brazil,Coal,2045,39.021250000031216
jaw_LAC_s2e1mcif0c0i0b0n0l0t0h0,Brazil,Coal,2050,26.576500000021255
jaw_LAC_s2e1mcif0c0i0b0n0l0t0h0,Brazil,Gas,2020,44.87713888892479
jaw_LAC_s2e1mcif0c0i0b0n0l0t0h0,Brazil,Gas,2025,98.40936111118984
jaw_LAC_s2e1mcif0c0i0b0n0l0t0h0,Brazil,Gas,2030,166.16972222235512
jaw_LAC_s2e1mcif0c0i0b0n0l0t0h0,Brazil,Gas,2035,222.6977777779559
jaw_LAC_s2e1mcif0c0i0b0n0l0t0h0,Brazil,Gas,2040,295.3975000002363
jaw_LAC_s2e1mcif0c0i0b0n0l0t0h0,Brazil,Gas,2045,331.51502777804296
jaw_LAC_s2e1mcif0c0i0b0n0l0t0h0,Brazil,Gas,2050,367.66969444473847
jaw_LAC_s2e1mcif0c0i0b0n0l0t0h0,Brazil,Geothermal,2025,4.4266944444479845
jaw_LAC_s2e1mcif0c0i0b0n0l0t0h0,Brazil,Geothermal,2030,12.528555555565578
jaw_LAC_s2e1mcif0c0i0b0n0l0t0h0,Brazil,Geothermal,2035,24.351166666686144
jaw_LAC_s2e1mcif0c0i0b0n0l0t0h0,Brazil,Geothermal,2040,38.362500000030685
jaw_LAC_s2e1mcif0c0i0b0n0l0t0h0,Brazil,Geothermal,2045,54.90500000004392
jaw_LAC_s2e1mcif0c0i0b0n0l0t0h0,Brazil,Geothermal,2050,71.28694444450147
jaw_LAC_s2e1mcif0c0i0b0n0l0t0h0,Brazil,Hydro,2020,364.23611111140247
jaw_LAC_s2e1mcif0c0i0b0n0l0t0h0,Brazil,Hydro,2025,383.43611111141786
jaw_LAC_s2e1mcif0c0i0b0n0l0t0h0,Brazil,Hydro,2030,395.2833333336496
jaw_LAC_s2e1mcif0c0i0b0n0l0t0h0,Brazil,Hydro,2035,407.13055555588124
jaw_LAC_s2e1mcif0c0i0b0n0l0t0h0,Brazil,Hydro,2040,418.97777777811297
jaw_LAC_s2e1mcif0c0i0b0n0l0t0h0,Brazil,Hydro,2045,430.8250000003447
jaw_LAC_s2e1mcif0c0i0b0n0l0t0h0,Brazil,Hydro,2050,442.67222222257635
jaw_LAC_s2e1mcif0c0i0b0n0l0t0h0,Brazil,Nuclear,2020,13.34288888889956
jaw_LAC_s2e1mcif0c0i0b0n0l0t0h0,Brazil,Nuclear,2025,15.580213888901323
jaw_LAC_s2e1mcif0c0i0b0n0l0t0h0,Brazil,Nuclear,2030,18.9092777777929
jaw_LAC_s2e1mcif0c0i0b0n0l0t0h0,Brazil,Nuclear,2035,24.097833333352607
jaw_LAC_s2e1mcif0c0i0b0n0l0t0h0,Brazil,Nuclear,2040,31.067527777802628
jaw_LAC_s2e1mcif0c0i0b0n0l0t0h0,Brazil,Nuclear,2045,41.19341666669961
jaw_LAC_s2e1mcif0c0i0b0n0l0t0h0,Brazil,Nuclear,2050,53.40769444448717
jaw_LAC_s2e1mcif0c0i0b0n0l0t0h0,Brazil,Diesel,2020,12.265444444454255
jaw_LAC_s2e1mcif0c0i0b0n0l0t0h0,Brazil,Diesel,2025,25.206305555575717
jaw_LAC_s2e1mcif0c0i0b0n0l0t0h0,Brazil,Diesel,2030,31.02194444446926
jaw_LAC_s2e1mcif0c0i0b0n0l0t0h0,Brazil,Diesel,2035,38.16797222225275
jaw_LAC_s2e1mcif0c0i0b0n0l0t0h0,Brazil,Diesel,2040,44.39211111114662
jaw_LAC_s2e1mcif0c0i0b0n0l0t0h0,Brazil,Diesel,2045,45.77097222225884
jaw_LAC_s2e1mcif0c0i0b0n0l0t0h0,Brazil,Diesel,2050,47.72554166670484
jaw_LAC_s2e1mcif0c0i0b0n0l0t0h0,Brazil,Solar,2020,9.542120833340965
jaw_LAC_s2e1mcif0c0i0b0n0l0t0h0,Brazil,Solar,2025,32.80979525002622
jaw_LAC_s2e1mcif0c0i0b0n0l0t0h0,Brazil,Solar,2030,77.70390913895102
jaw_LAC_s2e1mcif0c0i0b0n0l0t0h0,Brazil,Solar,2035,134.7555902501078
jaw_LAC_s2e1mcif0c0i0b0n0l0t0h0,Brazil,Solar,2040,190.62860969459692
jaw_LAC_s2e1mcif0c0i0b0n0l0t0h0,Brazil,Solar,2045,251.48739386131228
jaw_LAC_s2e1mcif0c0i0b0n0l0t0h0,Brazil,Solar,2050,315.07612441691873
jaw_LAC_s2e1mcif0c0i0b0n0l0t0h0,Brazil,Wind,2020,21.191777777794726
jaw_LAC_s2e1mcif0c0i0b0n0l0t0h0,Brazil,Wind,2025,53.02357444448683
jaw_LAC_s2e1mcif0c0i0b0n0l0t0h0,Brazil,Wind,2030,101.12280305563638
jaw_LAC_s2e1mcif0c0i0b0n0l0t0h0,Brazil,Wind,2035,166.93650583346684
jaw_LAC_s2e1mcif0c0i0b0n0l0t0h0,Brazil,Wind,2040,244.9587002779737
jaw_LAC_s2e1mcif0c0i0b0n0l0t0h0,Brazil,Wind,2045,319.787894722478
jaw_LAC_s2e1mcif0c0i0b0n0l0t0h0,Brazil,Wind,2050,415.96484416699946
jaw_LAC_s2e1mcif0c0i0b0n0l0t0h0,Brazil,Geothermal,2020,0.0
jaw_LAC_s2e0mcif0c0i0b0n0l0t0h0,Chile,Biomass,2020,1.103056369334216
jaw_LAC_s2e0mcif0c0i0b0n0l0t0h0,Chile,Biomass,2025,2.078815502248885
jaw_LAC_s2e0mcif0c0i0b0n0l0t0h0,Chile,Biomass,2030,3.3233481316415467
jaw_LAC_s2e0mcif0c0i0b0n0l0t0h0,Chile,Biomass,2035,4.433725927225769
jaw_LAC_s2e0mcif0c0i0b0n0l0t0h0,Chile,Biomass,2040,5.399238771337654
jaw_LAC_s2e0mcif0c0i0b0n0l0t0h0,Chile,Biomass,2045,6.018440041338148
jaw_LAC_s2e0mcif0c0i0b0n0l0t0h0,Chile,Biomass,2050,6.340441254671739
jaw_LAC_s2e0mcif0c0i0b0n0l0t0h0,Chile,Coal,2020,12.300310855009839
jaw_LAC_s2e0mcif0c0i0b0n0l0t0h0,Chile,Coal,2025,15.0853834598204
jaw_LAC_s2e0mcif0c0i0b0n0l0t0h0,Chile,Coal,2030,18.927029117237364
jaw_LAC_s2e0mcif0c0i0b0n0l0t0h0,Chile,Coal,2035,22.67562926779591
jaw_LAC_s2e0mcif0c0i0b0n0l0t0h0,Chile,Coal,2040,26.31399530713216
jaw_LAC_s2e0mcif0c0i0b0n0l0t0h0,Chile,Coal,2045,29.631158433134814
jaw_LAC_s2e0mcif0c0i0b0n0l0t0h0,Chile,Coal,2050,32.391577436025905
jaw_LAC_s2e0mcif0c0i0b0n0l0t0h0,Chile,Gas,2020,17.589179493680735
jaw_LAC_s2e0mcif0c0i0b0n0l0t0h0,Chile,Gas,2025,22.157397461406614
jaw_LAC_s2e0mcif0c0i0b0n0l0t0h0,Chile,Gas,2030,29.539141113912518
jaw_LAC_s2e0mcif0c0i0b0n0l0t0h0,Chile,Gas,2035,37.14484316114083
jaw_LAC_s2e0mcif0c0i0b0n0l0t0h0,Chile,Gas,2040,44.33473302781325
jaw_LAC_s2e0mcif0c0i0b0n0l0t0h0,Chile,Gas,2045,51.298149259485484
jaw_LAC_s2e0mcif0c0i0b0n0l0t0h0,Chile,Gas,2050,57.04716305782341
jaw_LAC_s2e0mcif0c0i0b0n0l0t0h0,Chile,Geothermal,2020,0.1573889447667926
jaw_LAC_s2e0mcif0c0i0b0n0l0t0h0,Chile,Geothermal,2025,0.5390914470809867
jaw_LAC_s2e0mcif0c0i0b0n0l0t0h0,Chile,Geothermal,2030,1.3049350888899325
jaw_LAC_s2e0mcif0c0i0b0n0l0t0h0,Chile,Geothermal,2035,2.2684845372240363
jaw_LAC_s2e0mcif0c0i0b0n0l0t0h0,Chile,Geothermal,2040,3.351000070780459
jaw_LAC_s2e0mcif0c0i0b0n0l0t0h0,Chile,Geothermal,2045,4.434141445170214
jaw_LAC_s2e0mcif0c0i0b0n0l0t0h0,Chile,Geothermal,2050,5.2921857004486785
jaw_LAC_s2e0mcif0c0i0b0n0l0t0h0,Chile,Hydro,2020,45.62229968336984
jaw_LAC_s2e0mcif0c0i0b0n0l0t0h0,Chile,Hydro,2025,48.92836348837247
jaw_LAC_s2e0mcif0c0i0b0n0l0t0h0,Chile,Hydro,2030,51.85555316948592
jaw_LAC_s2e0mcif0c0i0b0n0l0t0h0,Chile,Hydro,2035,54.60147658337701
jaw_LAC_s2e0mcif0c0i0b0n0l0t0h0,Chile,Hydro,2040,57.21540851449022
jaw_LAC_s2e0mcif0c0i0b0n0l0t0h0,Chile,Hydro,2045,59.7468798261589
jaw_LAC_s2e0mcif0c0i0b0n0l0t0h0,Chile,Hydro,2050,61.989927555605156
jaw_LAC_s2e0mcif0c0i0b0n0l0t0h0,Chile,Nuclear,2025,0.050796168081151734
jaw_LAC_s2e0mcif0c0i0b0n0l0t0h0,Chile,Nuclear,2030,0.190174249389041
jaw_LAC_s2e0mcif0c0i0b0n0l0t0h0,Chile,Nuclear,2035,0.40313974133365577
jaw_LAC_s2e0mcif0c0i0b0n0l0t0h0,Chile,Nuclear,2040,0.7869248040450739
jaw_LAC_s2e0mcif0c0i0b0n0l0t0h0,Chile,Nuclear,2045,1.310108530112159
jaw_LAC_s2e0mcif0c0i0b0n0l0t0h0,Chile,Nuclear,2050,1.9141896871126423
jaw_LAC_s2e0mcif0c0i0b0n0l0t0h0,Chile,Diesel,2020,3.864812417786425
jaw_LAC_s2e0mcif0c0i0b0n0l0t0h0,Chile,Diesel,2025,4.504354216475824
jaw_LAC_s2e0mcif0c0i0b0n0l0t0h0,Chile,Diesel,2030,5.532659384726647
jaw_LAC_s2e0mcif0c0i0b0n0l0t0h0,Chile,Diesel,2035,6.632791822227528
jaw_LAC_s2e0mcif0c0i0b0n0l0t0h0,Chile,Diesel,2040,7.800895379228463
jaw_LAC_s2e0mcif0c0i0b0n0l0t0h0,Chile,Diesel,2045,8.574856505229073
jaw_LAC_s2e0mcif0c0i0b0n0l0t0h0,Chile,Diesel,2050,9.226705812007381
jaw_LAC_s2e0mcif0c0i0b0n0l0t0h0,Chile,Solar,2020,1.581324219626872
jaw_LAC_s2e0mcif0c0i0b0n0l0t0h0,Chile,Solar,2025,5.4343842540310145
jaw_LAC_s2e0mcif0c0i0b0n0l0t0h0,Chile,Solar,2030,11.815796323485339
jaw_LAC_s2e0mcif0c0i0b0n0l0t0h0,Chile,Solar,2035,18.28461679232373
jaw_LAC_s2e0mcif0c0i0b0n0l0t0h0,Chile,Solar,2040,24.429729657206924
jaw_LAC_s2e0mcif0c0i0b0n0l0t0h0,Chile,Solar,2045,29.75838903533851
jaw_LAC_s2e0mcif0c0i0b0n0l0t0h0,Chile,Solar,2050,34.48712144280959
jaw_LAC_s2e0mcif0c0i0b0n0l0t0h0,Chile,Wind,2020,1.7335440458002107
jaw_LAC_s2e0mcif0c0i0b0n0l0t0h0,Chile,Wind,2025,3.2202728693543534
jaw_LAC_s2e0mcif0c0i0b0n0l0t0h0,Chile,Wind,2030,6.092577332722095
jaw_LAC_s2e0mcif0c0i0b0n0l0t0h0,Chile,Wind,2035,9.792728293537833
jaw_LAC_s2e0mcif0c0i0b0n0l0t0h0,Chile,Wind,2040,14.19874487338625
jaw_LAC_s2e0mcif0c0i0b0n0l0t0h0,Chile,Wind,2045,18.253036970299654
jaw_LAC_s2e0mcif0c0i0b0n0l0t0h0,Chile,Wind,2050,22.572909107581168
jaw_LAC_s2e0mcif0c0i0b0n0l0t0h0,Chile,Nuclear,2020,0.0
jaw_LAC_s2e1mcif0c0i0b0n0l0t0h0,Chile,Biomass,2020,1.0782087061675292
jaw_LAC_s2e1mcif0c0i0b0n0l0t0h0,Chile,Biomass,2025,1.9461957911782233
jaw_LAC_s2e1mcif0c0i0b0n0l0t0h0,Chile,Biomass,2030,3.2863042597248504
jaw_LAC_s2e1mcif0c0i0b0n0l0t0h0,Chile,Biomass,2035,3.592317492836207
jaw_LAC_s2e1mcif0c0i0b0n0l0t0h0,Chile,Biomass,2040,3.700404845158516
jaw_LAC_s2e1mcif0c0i0b0n0l0t0h0,Chile,Biomass,2045,3.112307131258045
jaw_LAC_s2e1mcif0c0i0b0n0l0t0h0,Chile,Biomass,2050,2.6050266373354174
jaw_LAC_s2e1mcif0c0i0b0n0l0t0h0,Chile,Coal,2020,12.465164623343304
jaw_LAC_s2e1mcif0c0i0b0n0l0t0h0,Chile,Coal,2025,11.269276978647902
jaw_LAC_s2e1mcif0c0i0b0n0l0t0h0,Chile,Coal,2030,14.171187047455781
jaw_LAC_s2e1mcif0c0i0b0n0l0t0h0,Chile,Coal,2035,16.83361512518013
jaw_LAC_s2e1mcif0c0i0b0n0l0t0h0,Chile,Coal,2040,17.979434120425488
jaw_LAC_s2e1mcif0c0i0b0n0l0t0h0,Chile,Coal,2045,17.37140723640279
jaw_LAC_s2e1mcif0c0i0b0n0l0t0h0,Chile,Coal,2050,17.44448266668062
jaw_LAC_s2e1mcif0c0i0b0n0l0t0h0,Chile,Gas,2020,17.94377296484769
jaw_LAC_s2e1mcif0c0i0b0n0l0t0h0,Chile,Gas,2025,17.381901612402793
jaw_LAC_s2e1mcif0c0i0b0n0l0t0h0,Chile,Gas,2030,23.9227207116858
jaw_LAC_s2e1mcif0c0i0b0n0l0t0h0,Chile,Gas,2035,31.67063481113644
jaw_LAC_s2e1mcif0c0i0b0n0l0t0h0,Chile,Gas,2040,37.43006711802995
jaw_LAC_s2e1mcif0c0i0b0n0l0t0h0,Chile,Gas,2045,42.97866918642327
jaw_LAC_s2e1mcif0c0i0b0n0l0t0h0,Chile,Gas,2050,48.4715326951499
jaw_LAC_s2e1mcif0c0i0b0n0l0t0h0,Chile,Geothermal,2020,0.16131175643346238
jaw_LAC_s2e1mcif0c0i0b0n0l0t0h0,Chile,Geothermal,2025,0.5008175562976228
jaw_LAC_s2e1mcif0c0i0b0n0l0t0h0,Chile,Geothermal,2030,1.6009917858346139
jaw_LAC_s2e1mcif0c0i0b0n0l0t0h0,Chile,Geothermal,2035,3.0409552838913214
jaw_LAC_s2e1mcif0c0i0b0n0l0t0h0,Chile,Geothermal,2040,4.679735282003744
jaw_LAC_s2e1mcif0c0i0b0n0l0t0h0,Chile,Geothermal,2045,6.56762410406081
jaw_LAC_s2e1mcif0c0i0b0n0l0t0h0,Chile,Geothermal,2050,8.058771120006446
jaw_LAC_s2e1mcif0c0i0b0n0l0t0h0,Chile,Hydro,2020,45.62229968336984
jaw_LAC_s2e1mcif0c0i0b0n0l0t0h0,Chile,Hydro,2025,48.92836348837247
jaw_LAC_s2e1mcif0c0i0b0n0l0t0h0,Chile,Hydro,2030,51.85555316948592
jaw_LAC_s2e1mcif0c0i0b0n0l0t0h0,Chile,Hydro,2035,54.60147658337701
jaw_LAC_s2e1mcif0c0i0b0n0l0t0h0,Chile,Hydro,2040,57.21540851449022
jaw_LAC_s2e1mcif0c0i0b0n0l0t0h0,Chile,Hydro,2045,59.7468798261589
jaw_LAC_s2e1mcif0c0i0b0n0l0t0h0,Chile,Hydro,2050,61.989927555605156
jaw_LAC_s2e1mcif0c0i0b0n0l0t0h0,Chile,Nuclear,2025,0.04502092298225824
jaw_LAC_s2e1mcif0c0i0b0n0l0t0h0,Chile,Nuclear,2030,0.25101404955575635
jaw_LAC_s2e1mcif0c0i0b0n0l0t0h0,Chile,Nuclear,2035,0.5959674536115878
jaw_LAC_s2e1mcif0c0i0b0n0l0t0h0,Chile,Nuclear,2040,1.2626045010010098
jaw_LAC_s2e1mcif0c0i0b0n0l0t0h0,Chile,Nuclear,2045,2.3909808048352463
jaw_LAC_s2e1mcif0c0i0b0n0l0t0h0,Chile,Nuclear,2050,3.697376624891847
jaw_LAC_s2e1mcif0c0i0b0n0l0t0h0,Chile,Diesel,2020,3.883359662703106
jaw_LAC_s2e1mcif0c0i0b0n0l0t0h0,Chile,Diesel,2025,3.246202681041485
jaw_LAC_s2e1mcif0c0i0b0n0l0t0h0,Chile,Diesel,2030,5.332541053337598
jaw_LAC_s2e1mcif0c0i0b0n0l0t0h0,Chile,Diesel,2035,6.539018835560786
jaw_LAC_s2e1mcif0c0i0b0n0l0t0h0,Chile,Diesel,2040,7.454832895894852
jaw_LAC_s2e1mcif0c0i0b0n0l0t0h0,Chile,Diesel,2045,8.695147730895846
jaw_LAC_s2e1mcif0c0i0b0n0l0t0h0,Chile,Diesel,2050,9.479294833696473
jaw_LAC_s2e1mcif0c0i0b0n0l0t0h0,Chile,Solar,2020,1.5699775844729298
jaw_LAC_s2e1mcif0c0i0b0n0l0t0h0,Chile,Solar,2025,7.826352765331228
jaw_LAC_s2e1mcif0c0i0b0n0l0t0h0,Chile,Solar,2030,13.763453482041111
jaw_LAC_s2e1mcif0c0i0b0n0l0t0h0,Chile,Solar,2035,20.42995912003122
jaw_LAC_s2e1mcif0c0i0b0n0l0t0h0,Chile,Solar,2040,27.71284130639403
jaw_LAC_s2e1mcif0c0i0b0n0l0t0h0,Chile,Solar,2045,34.865759475077205
jaw_LAC_s2e1mcif0c0i0b0n0l0t0h0,Chile,Solar,2050,41.074496666485295
jaw_LAC_s2e1mcif0c0i0b0n0l0t0h0,Chile,Wind,2020,1.752662978326402
jaw_LAC_s2e1mcif0c0i0b0n0l0t0h0,Chile,Wind,2025,3.060701825219976
jaw_LAC_s2e1mcif0c0i0b0n0l0t0h0,Chile,Wind,2030,7.23260867892884
jaw_LAC_s2e1mcif0c0i0b0n0l0t0h0,Chile,Wind,2035,12.961343470533146
jaw_LAC_s2e1mcif0c0i0b0n0l0t0h0,Chile,Wind,2040,20.070968591857277
jaw_LAC_s2e1mcif0c0i0b0n0l0t0h0,Chile,Wind,2045,28.655309523445638
jaw_LAC_s2e1mcif0c0i0b0n0l0t0h0,Chile,Wind,2050,37.31273678094941
jaw_LAC_s2e1mcif0c0i0b0n0l0t0h0,Chile,Nuclear,2020,0.0
jaw_LAC_s2e0mcif0c0i0b0n0l0t0h0,Paraguay,Biomass,2020,0.28199765044467
jaw_LAC_s2e0mcif0c0i0b0n0l0t0h0,Paraguay,Biomass,2025,0.5584654324810023
jaw_LAC_s2e0mcif0c0i0b0n0l0t0h0,Paraguay,Biomass,2030,0.9394796426174182
jaw_LAC_s2e0mcif0c0i0b0n0l0t0h0,Paraguay,Biomass,2035,1.3174371364454982
jaw_LAC_s2e0mcif0c0i0b0n0l0t0h0,Paraguay,Biomass,2040,1.68293269733468
jaw_LAC_s2e0mcif0c0i0b0n0l0t0h0,Paraguay,Biomass,2045,1.9625698766682367
jaw_LAC_s2e0mcif0c0i0b0n0l0t0h0,Paraguay,Biomass,2050,2.1659135919183994
jaw_LAC_s2e0mcif0c0i0b0n0l0t0h0,Paraguay,Coal,2020,3.1445888508358477
jaw_LAC_s2e0mcif0c0i0b0n0l0t0h0,Paraguay,Coal,2025,4.052627656911576
jaw_LAC_s2e0mcif0c0i0b0n0l0t0h0,Paraguay,Coal,2030,5.350495297670947
jaw_LAC_s2e0mcif0c0i0b0n0l0t0h0,Paraguay,Coal,2035,6.737835531560944
jaw_LAC_s2e0mcif0c0i0b0n0l0t0h0,Paraguay,Coal,2040,8.202023465784338
jaw_LAC_s2e0mcif0c0i0b0n0l0t0h0,Paraguay,Coal,2045,9.66250698722995
jaw_LAC_s2e0mcif0c0i0b0n0l0t0h0,Paraguay,Coal,2050,11.06505919925885
jaw_LAC_s2e0mcif0c0i0b0n0l0t0h0,Paraguay,Gas,2020,4.496694301725818
jaw_LAC_s2e0mcif0c0i0b0n0l0t0h0,Paraguay,Gas,2025,5.952495804726984
jaw_LAC_s2e0mcif0c0i0b0n0l0t0h0,Paraguay,Gas,2030,8.350440771673346
jaw_LAC_s2e0mcif0c0i0b0n0l0t0h0,Paraguay,Gas,2035,11.037217142231052
jaw_LAC_s2e0mcif0c0i0b0n0l0t0h0,Paraguay,Gas,2040,13.819053944455499
jaw_LAC_s2e0mcif0c0i0b0n0l0t0h0,Paraguay,Gas,2045,16.72795637640227
jaw_LAC_s2e0mcif0c0i0b0n0l0t0h0,Paraguay,Gas,2050,19.48748058446003
jaw_LAC_s2e0mcif0c0i0b0n0l0t0h0,Paraguay,Geothermal,2020,0.040236667738921074
jaw_LAC_s2e0mcif0c0i0b0n0l0t0h0,Paraguay,Geothermal,2025,0.14482475131400474
jaw_LAC_s2e0mcif0c0i0b0n0l0t0h0,Paraguay,Geothermal,2030,0.3688930266669618
jaw_LAC_s2e0mcif0c0i0b0n0l0t0h0,Paraguay,Geothermal,2035,0.6740574004449836
jaw_LAC_s2e0mcif0c0i0b0n0l0t0h0,Paraguay,Geothermal,2040,1.0445004984452801
jaw_LAC_s2e0mcif0c0i0b0n0l0t0h0,Paraguay,Geothermal,2045,1.44594153458449
jaw_LAC_s2e0mcif0c0i0b0n0l0t0h0,Paraguay,Geothermal,2050,1.8078263766125575
jaw_LAC_s2e0mcif0c0i0b0n0l0t0h0,Paraguay,Hydro,2020,11.663394252787107
jaw_LAC_s2e0mcif0c0i0b0n0l0t0h0,Paraguay,Hydro,2025,13.144408268343849
jaw_LAC_s2e0mcif0c0i0b0n0l0t0h0,Paraguay,Hydro,2030,14.659083138345059
jaw_LAC_s2e0mcif0c0i0b0n0l0t0h0,Paraguay,Hydro,2035,16.224280466679645
jaw_LAC_s2e0mcif0c0i0b0n0l0t0h0,Paraguay,Hydro,2040,17.833936571125378
jaw_LAC_s2e0mcif0c0i0b0n0l0t0h0,Paraguay,Hydro,2045,19.483026459737808
jaw_LAC_s2e0mcif0c0i0b0n0l0t0h0,Paraguay,Hydro,2050,21.17594363890583
jaw_LAC_s2e0mcif0c0i0b0n0l0t0h0,Paraguay,Nuclear,2025,0.013646186467788694
jaw_LAC_s2e0mcif0c0i0b0n0l0t0h0,Paraguay,Nuclear,2030,0.05376049356670967
jaw_LAC_s2e0mcif0c0i0b0n0l0t0h0,Paraguay,Nuclear,2035,0.11978892586676249
jaw_LAC_s2e0mcif0c0i0b0n0l0t0h0,Paraguay,Nuclear,2040,0.2452829999113073
jaw_LAC_s2e0mcif0c0i0b0n0l0t0h0,Paraguay,Nuclear,2045,0.42721693972256397
jaw_LAC_s2e0mcif0c0i0b0n0l0t0h0,Paraguay,Nuclear,2050,0.6538928907783008
jaw_LAC_s2e0mcif0c0i0b0n0l0t0h0,Paraguay,Diesel,2020,0.988043813103568
jaw_LAC_s2e0mcif0c0i0b0n0l0t0h0,Paraguay,Diesel,2025,1.2100766628065236
jaw_LAC_s2e0mcif0c0i0b0n0l0t0h0,Paraguay,Diesel,2030,1.5640314091679177
jaw_LAC_s2e0mcif0c0i0b0n0l0t0h0,Paraguay,Diesel,2035,1.970867484446021
jaw_LAC_s2e0mcif0c0i0b0n0l0t0h0,Paraguay,Diesel,2040,2.4315246015575003
jaw_LAC_s2e0mcif0c0i0b0n0l0t0h0,Paraguay,Diesel,2045,2.7961988419466786
jaw_LAC_s2e0mcif0c0i0b0n0l0t0h0,Paraguay,Diesel,2050,3.1518701497525208
jaw_LAC_s2e0mcif0c0i0b0n0l0t0h0,Paraguay,Solar,2020,0.40426738553278474
jaw_LAC_s2e0mcif0c0i0b0n0l0t0h0,Paraguay,Solar,2025,1.4599254957509098
jaw_LAC_s2e0mcif0c0i0b0n0l0t0h0,Paraguay,Solar,2030,3.340215850857939
jaw_LAC_s2e0mcif0c0i0b0n0l0t0h0,Paraguay,Solar,2035,5.433090268381768
jaw_LAC_s2e0mcif0c0i0b0n0l0t0h0,Paraguay,Solar,2040,7.614701362239335
jaw_LAC_s2e0mcif0c0i0b0n0l0t0h0,Paraguay,Solar,2045,9.703995968686982
jaw_LAC_s2e0mcif0c0i0b0n0l0t0h0,Paraguay,Solar,2050,11.780903265066048
jaw_LAC_s2e0mcif0c0i0b0n0l0t0h0,Paraguay,Wind,2020,0.4431825620598798
jaw_LAC_s2e0mcif0c0i0b0n0l0t0h0,Paraguay,Wind,2025,0.8651133680431365
jaw_LAC_s2e0mcif0c0i0b0n0l0t0h0,Paraguay,Wind,2030,1.7223150113790442
jaw_LAC_s2e0mcif0c0i0b0n0l0t0h0,Paraguay,Wind,2035,2.9098108752743275
jaw_LAC_s2e0mcif0c0i0b0n0l0t0h0,Paraguay,Wind,2040,4.425722406533763
jaw_LAC_s2e0mcif0c0i0b0n0l0t0h0,Paraguay,Wind,2045,5.952183667124622
jaw_LAC_s2e0mcif0c0i0b0n0l0t0h0,Paraguay,Wind,2050,7.710972893128696
jaw_LAC_s2e0mcif0c0i0b0n0l0t0h0,Paraguay,Nuclear,2020,0.0
jaw_LAC_s2e1mcif0c0i0b0n0l0t0h0,Paraguay,Biomass,2020,0.27564531630577604
jaw_LAC_s2e1mcif0c0i0b0n0l0t0h0,Paraguay,Biomass,2025,0.522837679937085
jaw_LAC_s2e1mcif0c0i0b0n0l0t0h0,Paraguay,Biomass,2030,0.9290076841674098
jaw_LAC_s2e1mcif0c0i0b0n0l0t0h0,Paraguay,Biomass,2035,1.0674210694675206
jaw_LAC_s2e1mcif0c0i0b0n0l0t0h0,Paraguay,Biomass,2040,1.1534093176898115
jaw_LAC_s2e1mcif0c0i0b0n0l0t0h0,Paraguay,Biomass,2045,1.0149009013619228
jaw_LAC_s2e1mcif0c0i0b0n0l0t0h0,Paraguay,Biomass,2050,0.8898848478340453
jaw_LAC_s2e1mcif0c0i0b0n0l0t0h0,Paraguay,Coal,2020,3.1867339094469926
jaw_LAC_s2e1mcif0c0i0b0n0l0t0h0,Paraguay,Coal,2025,3.027445982974644
jaw_LAC_s2e1mcif0c0i0b0n0l0t0h0,Paraguay,Coal,2030,4.006062926736538
jaw_LAC_s2e1mcif0c0i0b0n0l0t0h0,Paraguay,Coal,2035,5.001939693737334
jaw_LAC_s2e1mcif0c0i0b0n0l0t0h0,Paraguay,Coal,2040,5.604156223182258
jaw_LAC_s2e1mcif0c0i0b0n0l0t0h0,Paraguay,Coal,2045,5.66469057153231
jaw_LAC_s2e1mcif0c0i0b0n0l0t0h0,Paraguay,Coal,2050,5.959087166671433
jaw_LAC_s2e1mcif0c0i0b0n0l0t0h0,Paraguay,Gas,2020,4.587346537198114
jaw_LAC_s2e1mcif0c0i0b0n0l0t0h0,Paraguay,Gas,2025,4.669578031725957
jaw_LAC_s2e1mcif0c0i0b0n0l0t0h0,Paraguay,Gas,2030,6.762730901005409
jaw_LAC_s2e1mcif0c0i0b0n0l0t0h0,Paraguay,Gas,2035,9.410611102229751
jaw_LAC_s2e1mcif0c0i0b0n0l0t0h0,Paraguay,Gas,2040,11.666882404009334
jaw_LAC_s2e1mcif0c0i0b0n0l0t0h0,Paraguay,Gas,2045,14.015033946538988
jaw_LAC_s2e1mcif0c0i0b0n0l0t0h0,Paraguay,Gas,2050,16.558019744791025
jaw_LAC_s2e1mcif0c0i0b0n0l0t0h0,Paraguay,Geothermal,2020,0.04123953912781076
jaw_LAC_s2e1mcif0c0i0b0n0l0t0h0,Paraguay,Geothermal,2025,0.1345426243306632
jaw_LAC_s2e1mcif0c0i0b0n0l0t0h0,Paraguay,Geothermal,2030,0.45258550450036206
jaw_LAC_s2e1mcif0c0i0b0n0l0t0h0,Paraguay,Geothermal,2035,0.9035893257785007
jaw_LAC_s2e1mcif0c0i0b0n0l0t0h0,Paraguay,Geothermal,2040,1.4586647960011667
jaw_LAC_s2e1mcif0c0i0b0n0l0t0h0,Paraguay,Geothermal,2045,2.141654837362825
jaw_LAC_s2e1mcif0c0i0b0n0l0t0h0,Paraguay,Geothermal,2050,2.7529001850022023
jaw_LAC_s2e1mcif0c0i0b0n0l0t0h0,Paraguay,Hydro,2020,11.663394252787107
jaw_LAC_s2e1mcif0c0i0b0n0l0t0h0,Paraguay,Hydro,2025,13.144408268343849
jaw_LAC_s2e1mcif0c0i0b0n0l0t0h0,Paraguay,Hydro,2030,14.659083138345059
jaw_LAC_s2e1mcif0c0i0b0n0l0t0h0,Paraguay,Hydro,2035,16.224280466679645
jaw_LAC_s2e1mcif0c0i0b0n0l0t0h0,Paraguay,Hydro,2040,17.833936571125378
jaw_LAC_s2e1mcif0c0i0b0n0l0t0h0,Paraguay,Hydro,2045,19.483026459737808
jaw_LAC_s2e1mcif0c0i0b0n0l0t0h0,Paraguay,Hydro,2050,21.17594363890583
jaw_LAC_s2e1mcif0c0i0b0n0l0t0h0,Paraguay,Nuclear,2025,0.012094690075565231
jaw_LAC_s2e1mcif0c0i0b0n0l0t0h0,Paraguay,Nuclear,2030,0.07095933986672343
jaw_LAC_s2e1mcif0c0i0b0n0l0t0h0,Paraguay,Nuclear,2035,0.17708574422236387
jaw_LAC_s2e1mcif0c0i0b0n0l0t0h0,Paraguay,Nuclear,2040,0.3935514780003148
jaw_LAC_s2e1mcif0c0i0b0n0l0t0h0,Paraguay,Nuclear,2045,0.7796815904172905
jaw_LAC_s2e1mcif0c0i0b0n0l0t0h0,Paraguay,Nuclear,2050,1.2630348527232327
jaw_LAC_s2e1mcif0c0i0b0n0l0t0h0,Paraguay,Diesel,2020,0.992785437950794
jaw_LAC_s2e1mcif0c0i0b0n0l0t0h0,Paraguay,Diesel,2025,0.8720793077729199
jaw_LAC_s2e1mcif0c0i0b0n0l0t0h0,Paraguay,Diesel,2030,1.5074598160012056
jaw_LAC_s2e1mcif0c0i0b0n0l0t0h0,Paraguay,Diesel,2035,1.9430037831126654
jaw_LAC_s2e1mcif0c0i0b0n0l0t0h0,Paraguay,Diesel,2040,2.323657568224081
jaw_LAC_s2e1mcif0c0i0b0n0l0t0h0,Paraguay,Diesel,2045,2.835424942780046
jaw_LAC_s2e1mcif0c0i0b0n0l0t0h0,Paraguay,Diesel,2050,3.2381553108748125
jaw_LAC_s2e1mcif0c0i0b0n0l0t0h0,Paraguay,Solar,2020,0.4013666049899047
jaw_LAC_s2e1mcif0c0i0b0n0l0t0h0,Paraguay,Solar,2025,2.1025182259374486
jaw_LAC_s2e1mcif0c0i0b0n0l0t0h0,Paraguay,Solar,2030,3.8908004356746426
jaw_LAC_s2e1mcif0c0i0b0n0l0t0h0,Paraguay,Solar,2035,6.070557197845031
jaw_LAC_s2e1mcif0c0i0b0n0l0t0h0,Paraguay,Solar,2040,8.638041165759175
jaw_LAC_s2e1mcif0c0i0b0n0l0t0h0,Paraguay,Solar,2045,11.369472621302817
jaw_LAC_s2e1mcif0c0i0b0n0l0t0h0,Paraguay,Solar,2050,14.031170235288833
jaw_LAC_s2e1mcif0c0i0b0n0l0t0h0,Paraguay,Wind,2020,0.4480703395128584
jaw_LAC_s2e1mcif0c0i0b0n0l0t0h0,Paraguay,Wind,2025,0.8222452481558522
jaw_LAC_s2e1mcif0c0i0b0n0l0t0h0,Paraguay,Wind,2030,2.0445912819598018
jaw_LAC_s2e1mcif0c0i0b0n0l0t0h0,Paraguay,Wind,2035,3.851333056346637
jaw_LAC_s2e1mcif0c0i0b0n0l0t0h0,Paraguay,Wind,2040,6.25608363344256
jaw_LAC_s2e1mcif0c0i0b0n0l0t0h0,Paraguay,Wind,2045,9.344289698168168
jaw_LAC_s2e1mcif0c0i0b0n0l0t0h0,Paraguay,Wind,2050,12.746141869224836
jaw_LAC_s2e1mcif0c0i0b0n0l0t0h0,Paraguay,Nuclear,2020,0.0
jaw_LAC_s2e0mcif0c0i0b0n0l0t0h0,Uruguay,Biomass,2020,0.31611388888914177
jaw_LAC_s2e0mcif0c0i0b0n0l0t0h0,Uruguay,Biomass,2025,0.6416872222227356
jaw_LAC_s2e0mcif0c0i0b0n0l0t0h0,Uruguay,Biomass,2030,1.0978450000008781
jaw_LAC_s2e0mcif0c0i0b0n0l0t0h0,Uruguay,Biomass,2035,1.6873555555569053
jaw_LAC_s2e0mcif0c0i0b0n0l0t0h0,Uruguay,Biomass,2040,2.2522277777795794
jaw_LAC_s2e0mcif0c0i0b0n0l0t0h0,Uruguay,Biomass,2045,2.8110722222244706
jaw_LAC_s2e0mcif0c0i0b0n0l0t0h0,Uruguay,Biomass,2050,3.1117416666691557
jaw_LAC_s2e0mcif0c0i0b0n0l0t0h0,Uruguay,Coal,2020,0.021502055555572754
jaw_LAC_s2e0mcif0c0i0b0n0l0t0h0,Uruguay,Coal,2025,0.06024375000002041
jaw_LAC_s2e0mcif0c0i0b0n0l0t0h0,Uruguay,Coal,2030,0.11862163888898378
jaw_LAC_s2e0mcif0c0i0b0n0l0t0h0,Uruguay,Coal,2035,0.20064777777793827
jaw_LAC_s2e0mcif0c0i0b0n0l0t0h0,Uruguay,Coal,2040,0.29315472222245675
jaw_LAC_s2e0mcif0c0i0b0n0l0t0h0,Uruguay,Coal,2045,0.40386722222251753
jaw_LAC_s2e0mcif0c0i0b0n0l0t0h0,Uruguay,Coal,2050,0.479732222222606
jaw_LAC_s2e0mcif0c0i0b0n0l0t0h0,Uruguay,Gas,2020,0.05262290277781987
jaw_LAC_s2e0mcif0c0i0b0n0l0t0h0,Uruguay,Gas,2025,0.15991125000010012
jaw_LAC_s2e0mcif0c0i0b0n0l0t0h0,Uruguay,Gas,2030,0.33231455555582134
jaw_LAC_s2e0mcif0c0i0b0n0l0t0h0,Uruguay,Gas,2035,0.577311972222684
jaw_LAC_s2e0mcif0c0i0b0n0l0t0h0,Uruguay,Gas,2040,0.844900888889537
jaw_LAC_s2e0mcif0c0i0b0n0l0t0h0,Uruguay,Gas,2045,1.1642141666675978
jaw_LAC_s2e0mcif0c0i0b0n0l0t0h0,Uruguay,Gas,2050,1.3718247222233195
jaw_LAC_s2e0mcif0c0i0b0n0l0t0h0,Uruguay,Geothermal,2020,0.12460861111121078
jaw_LAC_s2e0mcif0c0i0b0n0l0t0h0,Uruguay,Geothermal,2025,0.4649611111114831
jaw_LAC_s2e0mcif0c0i0b0n0l0t0h0,Uruguay,Geothermal,2030,0.9478333333340915
jaw_LAC_s2e0mcif0c0i0b0n0l0t0h0,Uruguay,Geothermal,2035,1.493366666667861
jaw_LAC_s2e0mcif0c0i0b0n0l0t0h0,Uruguay,Geothermal,2040,1.977838888890471
jaw_LAC_s2e0mcif0c0i0b0n0l0t0h0,Uruguay,Geothermal,2045,2.4202305555574912
jaw_LAC_s2e0mcif0c0i0b0n0l0t0h0,Uruguay,Geothermal,2050,2.4232527777797164
jaw_LAC_s2e0mcif0c0i0b0n0l0t0h0,Uruguay,Hydro,2020,8.26600000000661
jaw_LAC_s2e0mcif0c0i0b0n0l0t0h0,Uruguay,Hydro,2025,8.26600000000661
jaw_LAC_s2e0mcif0c0i0b0n0l0t0h0,Uruguay,Hydro,2030,8.26600000000661
jaw_LAC_s2e0mcif0c0i0b0n0l0t0h0,Uruguay,Hydro,2035,8.26600000000661
jaw_LAC_s2e0mcif0c0i0b0n0l0t0h0,Uruguay,Hydro,2040,8.26600000000661
jaw_LAC_s2e0mcif0c0i0b0n0l0t0h0,Uruguay,Hydro,2045,8.26600000000661
jaw_LAC_s2e0mcif0c0i0b0n0l0t0h0,Uruguay,Hydro,2050,8.26600000000661
jaw_LAC_s2e0mcif0c0i0b0n0l0t0h0,Uruguay,Nuclear,2040,0.2841500000002273
jaw_LAC_s2e0mcif0c0i0b0n0l0t0h0,Uruguay,Nuclear,2045,0.8503750000006802
jaw_LAC_s2e0mcif0c0i0b0n0l0t0h0,Uruguay,Nuclear,2050,1.3351361111121791
jaw_LAC_s2e0mcif0c0i0b0n0l0t0h0,Uruguay,Diesel,2020,1.1589933333342601
jaw_LAC_s2e0mcif0c0i0b0n0l0t0h0,Uruguay,Diesel,2025,1.7935666666681014
jaw_LAC_s2e0mcif0c0i0b0n0l0t0h0,Uruguay,Diesel,2030,2.658025000002126
jaw_LAC_s2e0mcif0c0i0b0n0l0t0h0,Uruguay,Diesel,2035,3.8430333333364075
jaw_LAC_s2e0mcif0c0i0b0n0l0t0h0,Uruguay,Diesel,2040,4.865266666670558
jaw_LAC_s2e0mcif0c0i0b0n0l0t0h0,Uruguay,Diesel,2045,5.818983333337988
jaw_LAC_s2e0mcif0c0i0b0n0l0t0h0,Uruguay,Diesel,2050,6.214747222227166
jaw_LAC_s2e0mcif0c0i0b0n0l0t0h0,Uruguay,Solar,2020,0.6915227441672198
jaw_LAC_s2e0mcif0c0i0b0n0l0t0h0,Uruguay,Solar,2025,1.9212443913903978
jaw_LAC_s2e0mcif0c0i0b0n0l0t0h0,Uruguay,Solar,2030,3.2208123219470206
jaw_LAC_s2e0mcif0c0i0b0n0l0t0h0,Uruguay,Solar,2035,4.8244616275038315
jaw_LAC_s2e0mcif0c0i0b0n0l0t0h0,Uruguay,Solar,2040,6.459217377505167
jaw_LAC_s2e0mcif0c0i0b0n0l0t0h0,Uruguay,Solar,2045,7.908027655284076
jaw_LAC_s2e0mcif0c0i0b0n0l0t0h0,Uruguay,Solar,2050,8.980020750007155
jaw_LAC_s2e0mcif0c0i0b0n0l0t0h0,Uruguay,Wind,2020,2.7029517777799397
jaw_LAC_s2e0mcif0c0i0b0n0l0t0h0,Uruguay,Wind,2025,3.7150178888918606
jaw_LAC_s2e0mcif0c0i0b0n0l0t0h0,Uruguay,Wind,2030,4.981546222226207
jaw_LAC_s2e0mcif0c0i0b0n0l0t0h0,Uruguay,Wind,2035,6.491932055560748
jaw_LAC_s2e0mcif0c0i0b0n0l0t0h0,Uruguay,Wind,2040,7.9692573333397085
jaw_LAC_s2e0mcif0c0i0b0n0l0t0h0,Uruguay,Wind,2045,7.814731722228474
jaw_LAC_s2e0mcif0c0i0b0n0l0t0h0,Uruguay,Wind,2050,8.328989722228828
jaw_LAC_s2e0mcif0c0i0b0n0l0t0h0,Uruguay,Nuclear,2020,0.0
jaw_LAC_s2e0mcif0c0i0b0n0l0t0h0,Uruguay,Nuclear,2025,0.0
jaw_LAC_s2e0mcif0c0i0b0n0l0t0h0,Uruguay,Nuclear,2030,0.0
jaw_LAC_s2e0mcif0c0i0b0n0l0t0h0,Uruguay,Nuclear,2035,0.0
jaw_LAC_s2e1mcif0c0i0b0n0l0t0h0,Uruguay,Biomass,2020,0.300933333333574
jaw_LAC_s2e1mcif0c0i0b0n0l0t0h0,Uruguay,Biomass,2025,1.541273472223455
jaw_LAC_s2e1mcif0c0i0b0n0l0t0h0,Uruguay,Biomass,2030,4.40100700000352
jaw_LAC_s2e1mcif0c0i0b0n0l0t0h0,Uruguay,Biomass,2035,6.874630388894388
jaw_LAC_s2e1mcif0c0i0b0n0l0t0h0,Uruguay,Biomass,2040,8.82536275000706
jaw_LAC_s2e1mcif0c0i0b0n0l0t0h0,Uruguay,Biomass,2045,10.580861138897351
jaw_LAC_s2e1mcif0c0i0b0n0l0t0h0,Uruguay,Biomass,2050,11.660602313898188
jaw_LAC_s2e1mcif0c0i0b0n0l0t0h0,Uruguay,Coal,2020,0.02194025000001755
jaw_LAC_s2e1mcif0c0i0b0n0l0t0h0,Uruguay,Coal,2025,0.026289086111132138
jaw_LAC_s2e1mcif0c0i0b0n0l0t0h0,Uruguay,Coal,2030,0.024414272222241747
jaw_LAC_s2e1mcif0c0i0b0n0l0t0h0,Uruguay,Coal,2035,0.031178713888913828
jaw_LAC_s2e1mcif0c0i0b0n0l0t0h0,Uruguay,Coal,2040,0.040277791388921104
jaw_LAC_s2e1mcif0c0i0b0n0l0t0h0,Uruguay,Coal,2045,0.04999028194448443
jaw_LAC_s2e1mcif0c0i0b0n0l0t0h0,Uruguay,Coal,2050,0.056816783055601006
jaw_LAC_s2e1mcif0c0i0b0n0l0t0h0,Uruguay,Gas,2020,0.05390263333337645
jaw_LAC_s2e1mcif0c0i0b0n0l0t0h0,Uruguay,Gas,2025,0.08978245000007182
jaw_LAC_s2e1mcif0c0i0b0n0l0t0h0,Uruguay,Gas,2030,0.1315935472223275
jaw_LAC_s2e1mcif0c0i0b0n0l0t0h0,Uruguay,Gas,2035,0.1720952694445821
jaw_LAC_s2e1mcif0c0i0b0n0l0t0h0,Uruguay,Gas,2040,0.2127395972223646
jaw_LAC_s2e1mcif0c0i0b0n0l0t0h0,Uruguay,Gas,2045,0.2532347058335359
jaw_LAC_s2e1mcif0c0i0b0n0l0t0h0,Uruguay,Gas,2050,0.2766560780557491
jaw_LAC_s2e1mcif0c0i0b0n0l0t0h0,Uruguay,Geothermal,2020,0.12415361111121043
jaw_LAC_s2e1mcif0c0i0b0n0l0t0h0,Uruguay,Geothermal,2025,0.5619388888893384
jaw_LAC_s2e1mcif0c0i0b0n0l0t0h0,Uruguay,Geothermal,2030,1.0733055555564142
jaw_LAC_s2e1mcif0c0i0b0n0l0t0h0,Uruguay,Geothermal,2035,1.4878916666678568
jaw_LAC_s2e1mcif0c0i0b0n0l0t0h0,Uruguay,Geothermal,2040,1.8303166666681308
jaw_LAC_s2e1mcif0c0i0b0n0l0t0h0,Uruguay,Geothermal,2045,2.1449555555572712
jaw_LAC_s2e1mcif0c0i0b0n0l0t0h0,Uruguay,Geothermal,2050,2.2119027777795472
jaw_LAC_s2e1mcif0c0i0b0n0l0t0h0,Uruguay,Hydro,2020,8.26600000000661
jaw_LAC_s2e1mcif0c0i0b0n0l0t0h0,Uruguay,Hydro,2025,8.26600000000661
jaw_LAC_s2e1mcif0c0i0b0n0l0t0h0,Uruguay,Hydro,2030,8.26600000000661
jaw_LAC_s2e1mcif0c0i0b0n0l0t0h0,Uruguay,Hydro,2035,8.26600000000661
jaw_LAC_s2e1mcif0c0i0b0n0l0t0h0,Uruguay,Hydro,2040,8.26600000000661
jaw_LAC_s2e1mcif0c0i0b0n0l0t0h0,Uruguay,Hydro,2045,8.26600000000661
jaw_LAC_s2e1mcif0c0i0b0n0l0t0h0,Uruguay,Hydro,2050,8.26600000000661
jaw_LAC_s2e1mcif0c0i0b0n0l0t0h0,Uruguay,Nuclear,2040,0.18162277777792304
jaw_LAC_s2e1mcif0c0i0b0n0l0t0h0,Uruguay,Nuclear,2045,0.5166500000004133
jaw_LAC_s2e1mcif0c0i0b0n0l0t0h0,Uruguay,Nuclear,2050,0.7864666666672957
jaw_LAC_s2e1mcif0c0i0b0n0l0t0h0,Uruguay,Diesel,2020,1.1601683333342612
jaw_LAC_s2e1mcif0c0i0b0n0l0t0h0,Uruguay,Diesel,2025,1.2161769444454174
jaw_LAC_s2e1mcif0c0i0b0n0l0t0h0,Uruguay,Diesel,2030,1.5202166666678827
jaw_LAC_s2e1mcif0c0i0b0n0l0t0h0,Uruguay,Diesel,2035,1.7574344444458223
jaw_LAC_s2e1mcif0c0i0b0n0l0t0h0,Uruguay,Diesel,2040,1.9935541666682612
jaw_LAC_s2e1mcif0c0i0b0n0l0t0h0,Uruguay,Diesel,2045,2.253942222224025
jaw_LAC_s2e1mcif0c0i0b0n0l0t0h0,Uruguay,Diesel,2050,2.238833361112902
jaw_LAC_s2e1mcif0c0i0b0n0l0t0h0,Uruguay,Solar,2020,0.6914499630561086
jaw_LAC_s2e1mcif0c0i0b0n0l0t0h0,Uruguay,Solar,2025,1.9748011488904684
jaw_LAC_s2e1mcif0c0i0b0n0l0t0h0,Uruguay,Solar,2030,3.2084968127803446
jaw_LAC_s2e1mcif0c0i0b0n0l0t0h0,Uruguay,Solar,2035,4.58448153500364
jaw_LAC_s2e1mcif0c0i0b0n0l0t0h0,Uruguay,Solar,2040,5.922351035004737
jaw_LAC_s2e1mcif0c0i0b0n0l0t0h0,Uruguay,Solar,2045,6.979195173894444
jaw_LAC_s2e1mcif0c0i0b0n0l0t0h0,Uruguay,Solar,2050,7.612540130561644
jaw_LAC_s2e1mcif0c0i0b0n0l0t0h0,Uruguay,Wind,2020,2.70069750000216
jaw_LAC_s2e1mcif0c0i0b0n0l0t0h0,Uruguay,Wind,2025,3.9832586944476303
jaw_LAC_s2e1mcif0c0i0b0n0l0t0h0,Uruguay,Wind,2030,5.422867861115421
jaw_LAC_s2e1mcif0c0i0b0n0l0t0h0,Uruguay,Wind,2035,6.610507861116371
jaw_LAC_s2e1mcif0c0i0b0n0l0t0h0,Uruguay,Wind,2040,7.635722583339386
jaw_LAC_s2e1mcif0c0i0b0n0l0t0h0,Uruguay,Wind,2045,6.920585055561092
jaw_LAC_s2e1mcif0c0i0b0n0l0t0h0,Uruguay,Wind,2050,7.054558555561199
jaw_LAC_s2e1mcif0c0i0b0n0l0t0h0,Uruguay,Nuclear,2020,0.0
jaw_LAC_s2e1mcif0c0i0b0n0l0t0h0,Uruguay,Nuclear,2025,0.0
jaw_LAC_s2e1mcif0c0i0b0n0l0t0h0,Uruguay,Nuclear,2030,0.0
jaw_LAC_s2e1mcif0c0i0b0n0l0t0h0,Uruguay,Nuclear,2035,0.0
