period,load_zone,twh,technology,scs
2020,Argentina,0.0,curt_vre,prm15_fix_wcost_re1_c2p1_co2_cut90p_tnt1
2020,Brazil,0.019513901,curt_vre,prm15_fix_wcost_re1_c2p1_co2_cut90p_tnt1
2020,Chile,0.0,curt_vre,prm15_fix_wcost_re1_c2p1_co2_cut90p_tnt1
2020,Paraguay,0.0,curt_vre,prm15_fix_wcost_re1_c2p1_co2_cut90p_tnt1
2020,Uruguay,0.08742417399999991,curt_vre,prm15_fix_wcost_re1_c2p1_co2_cut90p_tnt1
2025,Argentina,0.0,curt_vre,prm15_fix_wcost_re1_c2p1_co2_cut90p_tnt1
2025,Brazil,0.0,curt_vre,prm15_fix_wcost_re1_c2p1_co2_cut90p_tnt1
2025,Chile,0.0,curt_vre,prm15_fix_wcost_re1_c2p1_co2_cut90p_tnt1
2025,Paraguay,0.0,curt_vre,prm15_fix_wcost_re1_c2p1_co2_cut90p_tnt1
2025,Uruguay,0.005845315999999858,curt_vre,prm15_fix_wcost_re1_c2p1_co2_cut90p_tnt1
2030,Argentina,0.0,curt_vre,prm15_fix_wcost_re1_c2p1_co2_cut90p_tnt1
2030,Brazil,0.0,curt_vre,prm15_fix_wcost_re1_c2p1_co2_cut90p_tnt1
2030,Chile,0.0,curt_vre,prm15_fix_wcost_re1_c2p1_co2_cut90p_tnt1
2030,Paraguay,0.0,curt_vre,prm15_fix_wcost_re1_c2p1_co2_cut90p_tnt1
2030,Uruguay,0.0001329600000000005,curt_vre,prm15_fix_wcost_re1_c2p1_co2_cut90p_tnt1
2035,Argentina,0.002695100982523374,curt_vre,prm15_fix_wcost_re1_c2p1_co2_cut90p_tnt1
2035,Brazil,0.0,curt_vre,prm15_fix_wcost_re1_c2p1_co2_cut90p_tnt1
2035,Chile,0.0,curt_vre,prm15_fix_wcost_re1_c2p1_co2_cut90p_tnt1
2035,Paraguay,0.0,curt_vre,prm15_fix_wcost_re1_c2p1_co2_cut90p_tnt1
2035,Uruguay,0.07757258137645869,curt_vre,prm15_fix_wcost_re1_c2p1_co2_cut90p_tnt1
2040,Argentina,3.3848041794818227,curt_vre,prm15_fix_wcost_re1_c2p1_co2_cut90p_tnt1
2040,Brazil,0.0,curt_vre,prm15_fix_wcost_re1_c2p1_co2_cut90p_tnt1
2040,Chile,0.09056305740848622,curt_vre,prm15_fix_wcost_re1_c2p1_co2_cut90p_tnt1
2040,Paraguay,0.0,curt_vre,prm15_fix_wcost_re1_c2p1_co2_cut90p_tnt1
2040,Uruguay,0.02715946477267933,curt_vre,prm15_fix_wcost_re1_c2p1_co2_cut90p_tnt1
2045,Argentina,16.544475370891167,curt_vre,prm15_fix_wcost_re1_c2p1_co2_cut90p_tnt1
2045,Brazil,0.9949784545086766,curt_vre,prm15_fix_wcost_re1_c2p1_co2_cut90p_tnt1
2045,Chile,4.4138057731637454,curt_vre,prm15_fix_wcost_re1_c2p1_co2_cut90p_tnt1
2045,Paraguay,8.138576154037946,curt_vre,prm15_fix_wcost_re1_c2p1_co2_cut90p_tnt1
2045,Uruguay,0.19249135898626016,curt_vre,prm15_fix_wcost_re1_c2p1_co2_cut90p_tnt1
2050,Argentina,59.12774405217269,curt_vre,prm15_fix_wcost_re1_c2p1_co2_cut90p_tnt1
2050,Brazil,6.145197556001428,curt_vre,prm15_fix_wcost_re1_c2p1_co2_cut90p_tnt1
2050,Chile,19.872840783946017,curt_vre,prm15_fix_wcost_re1_c2p1_co2_cut90p_tnt1
2050,Paraguay,36.87394439410186,curt_vre,prm15_fix_wcost_re1_c2p1_co2_cut90p_tnt1
2050,Uruguay,0.8314484439855069,curt_vre,prm15_fix_wcost_re1_c2p1_co2_cut90p_tnt1
2020,Argentina,0.0,curt_vre,prm15_fix_wcost_re1_c2p1_tnt1
2020,Brazil,0.018615753000000006,curt_vre,prm15_fix_wcost_re1_c2p1_tnt1
2020,Chile,0.0,curt_vre,prm15_fix_wcost_re1_c2p1_tnt1
2020,Paraguay,0.0,curt_vre,prm15_fix_wcost_re1_c2p1_tnt1
2020,Uruguay,0.07491842799999984,curt_vre,prm15_fix_wcost_re1_c2p1_tnt1
2025,Argentina,0.0,curt_vre,prm15_fix_wcost_re1_c2p1_tnt1
2025,Brazil,0.0,curt_vre,prm15_fix_wcost_re1_c2p1_tnt1
2025,Chile,0.0,curt_vre,prm15_fix_wcost_re1_c2p1_tnt1
2025,Paraguay,0.0,curt_vre,prm15_fix_wcost_re1_c2p1_tnt1
2025,Uruguay,0.012021383999999875,curt_vre,prm15_fix_wcost_re1_c2p1_tnt1
2030,Argentina,0.0,curt_vre,prm15_fix_wcost_re1_c2p1_tnt1
2030,Brazil,0.0,curt_vre,prm15_fix_wcost_re1_c2p1_tnt1
2030,Chile,0.0,curt_vre,prm15_fix_wcost_re1_c2p1_tnt1
2030,Paraguay,0.0,curt_vre,prm15_fix_wcost_re1_c2p1_tnt1
2030,Uruguay,0.0,curt_vre,prm15_fix_wcost_re1_c2p1_tnt1
2035,Argentina,0.0,curt_vre,prm15_fix_wcost_re1_c2p1_tnt1
2035,Brazil,0.0,curt_vre,prm15_fix_wcost_re1_c2p1_tnt1
2035,Chile,0.0,curt_vre,prm15_fix_wcost_re1_c2p1_tnt1
2035,Paraguay,0.0,curt_vre,prm15_fix_wcost_re1_c2p1_tnt1
2035,Uruguay,0.0,curt_vre,prm15_fix_wcost_re1_c2p1_tnt1
2040,Argentina,0.0,curt_vre,prm15_fix_wcost_re1_c2p1_tnt1
2040,Brazil,0.0,curt_vre,prm15_fix_wcost_re1_c2p1_tnt1
2040,Chile,0.0,curt_vre,prm15_fix_wcost_re1_c2p1_tnt1
2040,Paraguay,0.0,curt_vre,prm15_fix_wcost_re1_c2p1_tnt1
2040,Uruguay,0.058069350555983286,curt_vre,prm15_fix_wcost_re1_c2p1_tnt1
2045,Argentina,0.0,curt_vre,prm15_fix_wcost_re1_c2p1_tnt1
2045,Brazil,0.0,curt_vre,prm15_fix_wcost_re1_c2p1_tnt1
2045,Chile,0.0,curt_vre,prm15_fix_wcost_re1_c2p1_tnt1
2045,Paraguay,1.1447053707693966,curt_vre,prm15_fix_wcost_re1_c2p1_tnt1
2045,Uruguay,0.035787264479748435,curt_vre,prm15_fix_wcost_re1_c2p1_tnt1
2050,Argentina,0.0,curt_vre,prm15_fix_wcost_re1_c2p1_tnt1
2050,Brazil,0.0,curt_vre,prm15_fix_wcost_re1_c2p1_tnt1
2050,Chile,0.0,curt_vre,prm15_fix_wcost_re1_c2p1_tnt1
2050,Paraguay,8.537946110274758,curt_vre,prm15_fix_wcost_re1_c2p1_tnt1
2050,Uruguay,0.31867140206630834,curt_vre,prm15_fix_wcost_re1_c2p1_tnt1
2020,Argentina,0.0,curt_vre,prm15_fix_wcost_re2_c2p1_co2_cut90p_tnt1
2020,Brazil,0.30781773399999995,curt_vre,prm15_fix_wcost_re2_c2p1_co2_cut90p_tnt1
2020,Chile,0.0,curt_vre,prm15_fix_wcost_re2_c2p1_co2_cut90p_tnt1
2020,Paraguay,0.0,curt_vre,prm15_fix_wcost_re2_c2p1_co2_cut90p_tnt1
2020,Uruguay,0.25977011800000005,curt_vre,prm15_fix_wcost_re2_c2p1_co2_cut90p_tnt1
2025,Argentina,0.0,curt_vre,prm15_fix_wcost_re2_c2p1_co2_cut90p_tnt1
2025,Brazil,1.8285577774330153,curt_vre,prm15_fix_wcost_re2_c2p1_co2_cut90p_tnt1
2025,Chile,0.0,curt_vre,prm15_fix_wcost_re2_c2p1_co2_cut90p_tnt1
2025,Paraguay,0.0,curt_vre,prm15_fix_wcost_re2_c2p1_co2_cut90p_tnt1
2025,Uruguay,0.18496183977641206,curt_vre,prm15_fix_wcost_re2_c2p1_co2_cut90p_tnt1
2030,Argentina,0.0,curt_vre,prm15_fix_wcost_re2_c2p1_co2_cut90p_tnt1
2030,Brazil,3.4300294194348817,curt_vre,prm15_fix_wcost_re2_c2p1_co2_cut90p_tnt1
2030,Chile,0.0,curt_vre,prm15_fix_wcost_re2_c2p1_co2_cut90p_tnt1
2030,Paraguay,0.0,curt_vre,prm15_fix_wcost_re2_c2p1_co2_cut90p_tnt1
2030,Uruguay,0.13279730425280387,curt_vre,prm15_fix_wcost_re2_c2p1_co2_cut90p_tnt1
2035,Argentina,3.865643590514617,curt_vre,prm15_fix_wcost_re2_c2p1_co2_cut90p_tnt1
2035,Brazil,8.919965758879076,curt_vre,prm15_fix_wcost_re2_c2p1_co2_cut90p_tnt1
2035,Chile,0.26945399941914466,curt_vre,prm15_fix_wcost_re2_c2p1_co2_cut90p_tnt1
2035,Paraguay,0.0,curt_vre,prm15_fix_wcost_re2_c2p1_co2_cut90p_tnt1
2035,Uruguay,0.22146955658610645,curt_vre,prm15_fix_wcost_re2_c2p1_co2_cut90p_tnt1
2040,Argentina,16.57612490035703,curt_vre,prm15_fix_wcost_re2_c2p1_co2_cut90p_tnt1
2040,Brazil,12.587667066288377,curt_vre,prm15_fix_wcost_re2_c2p1_co2_cut90p_tnt1
2040,Chile,1.4351048347106876,curt_vre,prm15_fix_wcost_re2_c2p1_co2_cut90p_tnt1
2040,Paraguay,4.974354760329313,curt_vre,prm15_fix_wcost_re2_c2p1_co2_cut90p_tnt1
2040,Uruguay,0.6598367245353643,curt_vre,prm15_fix_wcost_re2_c2p1_co2_cut90p_tnt1
2045,Argentina,41.207478500087944,curt_vre,prm15_fix_wcost_re2_c2p1_co2_cut90p_tnt1
2045,Brazil,22.99009014735584,curt_vre,prm15_fix_wcost_re2_c2p1_co2_cut90p_tnt1
2045,Chile,10.223515859094054,curt_vre,prm15_fix_wcost_re2_c2p1_co2_cut90p_tnt1
2045,Paraguay,27.31102131129488,curt_vre,prm15_fix_wcost_re2_c2p1_co2_cut90p_tnt1
2045,Uruguay,1.8980822193798261,curt_vre,prm15_fix_wcost_re2_c2p1_co2_cut90p_tnt1
2050,Argentina,114.24073429022367,curt_vre,prm15_fix_wcost_re2_c2p1_co2_cut90p_tnt1
2050,Brazil,32.128230232329024,curt_vre,prm15_fix_wcost_re2_c2p1_co2_cut90p_tnt1
2050,Chile,20.481612019539796,curt_vre,prm15_fix_wcost_re2_c2p1_co2_cut90p_tnt1
2050,Paraguay,37.83336520058825,curt_vre,prm15_fix_wcost_re2_c2p1_co2_cut90p_tnt1
2050,Uruguay,2.9308978320009227,curt_vre,prm15_fix_wcost_re2_c2p1_co2_cut90p_tnt1
2020,Argentina,0.0,curt_vre,prm15_fix_wcost_re2_c2p1_tnt1
2020,Brazil,0.019135962999999746,curt_vre,prm15_fix_wcost_re2_c2p1_tnt1
2020,Chile,0.0,curt_vre,prm15_fix_wcost_re2_c2p1_tnt1
2020,Paraguay,0.0,curt_vre,prm15_fix_wcost_re2_c2p1_tnt1
2020,Uruguay,0.10145547800000003,curt_vre,prm15_fix_wcost_re2_c2p1_tnt1
2025,Argentina,0.0,curt_vre,prm15_fix_wcost_re2_c2p1_tnt1
2025,Brazil,0.0,curt_vre,prm15_fix_wcost_re2_c2p1_tnt1
2025,Chile,0.0,curt_vre,prm15_fix_wcost_re2_c2p1_tnt1
2025,Paraguay,0.0,curt_vre,prm15_fix_wcost_re2_c2p1_tnt1
2025,Uruguay,0.008707123999999816,curt_vre,prm15_fix_wcost_re2_c2p1_tnt1
2030,Argentina,0.0,curt_vre,prm15_fix_wcost_re2_c2p1_tnt1
2030,Brazil,0.0,curt_vre,prm15_fix_wcost_re2_c2p1_tnt1
2030,Chile,0.0,curt_vre,prm15_fix_wcost_re2_c2p1_tnt1
2030,Paraguay,0.0,curt_vre,prm15_fix_wcost_re2_c2p1_tnt1
2030,Uruguay,0.0,curt_vre,prm15_fix_wcost_re2_c2p1_tnt1
2035,Argentina,0.0,curt_vre,prm15_fix_wcost_re2_c2p1_tnt1
2035,Brazil,0.0,curt_vre,prm15_fix_wcost_re2_c2p1_tnt1
2035,Chile,0.0,curt_vre,prm15_fix_wcost_re2_c2p1_tnt1
2035,Paraguay,0.0,curt_vre,prm15_fix_wcost_re2_c2p1_tnt1
2035,Uruguay,0.0,curt_vre,prm15_fix_wcost_re2_c2p1_tnt1
2040,Argentina,0.0,curt_vre,prm15_fix_wcost_re2_c2p1_tnt1
2040,Brazil,0.0,curt_vre,prm15_fix_wcost_re2_c2p1_tnt1
2040,Chile,0.0,curt_vre,prm15_fix_wcost_re2_c2p1_tnt1
2040,Paraguay,0.0,curt_vre,prm15_fix_wcost_re2_c2p1_tnt1
2040,Uruguay,0.0,curt_vre,prm15_fix_wcost_re2_c2p1_tnt1
2045,Argentina,0.0,curt_vre,prm15_fix_wcost_re2_c2p1_tnt1
2045,Brazil,0.0,curt_vre,prm15_fix_wcost_re2_c2p1_tnt1
2045,Chile,0.0,curt_vre,prm15_fix_wcost_re2_c2p1_tnt1
2045,Paraguay,1.7846570131363977,curt_vre,prm15_fix_wcost_re2_c2p1_tnt1
2045,Uruguay,0.0,curt_vre,prm15_fix_wcost_re2_c2p1_tnt1
2050,Argentina,0.0,curt_vre,prm15_fix_wcost_re2_c2p1_tnt1
2050,Brazil,0.0,curt_vre,prm15_fix_wcost_re2_c2p1_tnt1
2050,Chile,0.0,curt_vre,prm15_fix_wcost_re2_c2p1_tnt1
2050,Paraguay,7.402969462977753,curt_vre,prm15_fix_wcost_re2_c2p1_tnt1
2050,Uruguay,0.11565982950003596,curt_vre,prm15_fix_wcost_re2_c2p1_tnt1
2020,Argentina,0.0,curt_vre,prm15_fix_wcost_re3_c2p1_co2_cut90p_tnt1
2020,Brazil,0.7495519389999998,curt_vre,prm15_fix_wcost_re3_c2p1_co2_cut90p_tnt1
2020,Chile,0.0,curt_vre,prm15_fix_wcost_re3_c2p1_co2_cut90p_tnt1
2020,Paraguay,0.0,curt_vre,prm15_fix_wcost_re3_c2p1_co2_cut90p_tnt1
2020,Uruguay,0.10732096400000002,curt_vre,prm15_fix_wcost_re3_c2p1_co2_cut90p_tnt1
2025,Argentina,0.0,curt_vre,prm15_fix_wcost_re3_c2p1_co2_cut90p_tnt1
2025,Brazil,3.012253351374286,curt_vre,prm15_fix_wcost_re3_c2p1_co2_cut90p_tnt1
2025,Chile,0.0,curt_vre,prm15_fix_wcost_re3_c2p1_co2_cut90p_tnt1
2025,Paraguay,0.0,curt_vre,prm15_fix_wcost_re3_c2p1_co2_cut90p_tnt1
2025,Uruguay,0.129804738,curt_vre,prm15_fix_wcost_re3_c2p1_co2_cut90p_tnt1
2030,Argentina,0.0,curt_vre,prm15_fix_wcost_re3_c2p1_co2_cut90p_tnt1
2030,Brazil,4.199828645795188,curt_vre,prm15_fix_wcost_re3_c2p1_co2_cut90p_tnt1
2030,Chile,0.0,curt_vre,prm15_fix_wcost_re3_c2p1_co2_cut90p_tnt1
2030,Paraguay,0.0,curt_vre,prm15_fix_wcost_re3_c2p1_co2_cut90p_tnt1
2030,Uruguay,0.275728782502996,curt_vre,prm15_fix_wcost_re3_c2p1_co2_cut90p_tnt1
2035,Argentina,0.375898435331873,curt_vre,prm15_fix_wcost_re3_c2p1_co2_cut90p_tnt1
2035,Brazil,8.327263786716342,curt_vre,prm15_fix_wcost_re3_c2p1_co2_cut90p_tnt1
2035,Chile,0.3197125686463793,curt_vre,prm15_fix_wcost_re3_c2p1_co2_cut90p_tnt1
2035,Paraguay,0.0,curt_vre,prm15_fix_wcost_re3_c2p1_co2_cut90p_tnt1
2035,Uruguay,0.336460030757238,curt_vre,prm15_fix_wcost_re3_c2p1_co2_cut90p_tnt1
2040,Argentina,16.363543597679108,curt_vre,prm15_fix_wcost_re3_c2p1_co2_cut90p_tnt1
2040,Brazil,13.872768764291155,curt_vre,prm15_fix_wcost_re3_c2p1_co2_cut90p_tnt1
2040,Chile,3.5337108549118343,curt_vre,prm15_fix_wcost_re3_c2p1_co2_cut90p_tnt1
2040,Paraguay,10.954682569747417,curt_vre,prm15_fix_wcost_re3_c2p1_co2_cut90p_tnt1
2040,Uruguay,1.1181817846780258,curt_vre,prm15_fix_wcost_re3_c2p1_co2_cut90p_tnt1
2045,Argentina,54.46437623686304,curt_vre,prm15_fix_wcost_re3_c2p1_co2_cut90p_tnt1
2045,Brazil,17.390854155126284,curt_vre,prm15_fix_wcost_re3_c2p1_co2_cut90p_tnt1
2045,Chile,16.630278320095492,curt_vre,prm15_fix_wcost_re3_c2p1_co2_cut90p_tnt1
2045,Paraguay,27.473816662397727,curt_vre,prm15_fix_wcost_re3_c2p1_co2_cut90p_tnt1
2045,Uruguay,2.2142881411758473,curt_vre,prm15_fix_wcost_re3_c2p1_co2_cut90p_tnt1
2050,Argentina,120.3503365216617,curt_vre,prm15_fix_wcost_re3_c2p1_co2_cut90p_tnt1
2050,Brazil,31.3413934086313,curt_vre,prm15_fix_wcost_re3_c2p1_co2_cut90p_tnt1
2050,Chile,16.65525993018276,curt_vre,prm15_fix_wcost_re3_c2p1_co2_cut90p_tnt1
2050,Paraguay,7.238234180933003,curt_vre,prm15_fix_wcost_re3_c2p1_co2_cut90p_tnt1
2050,Uruguay,3.1061846401414566,curt_vre,prm15_fix_wcost_re3_c2p1_co2_cut90p_tnt1
2020,Argentina,0.0,curt_vre,prm15_fix_wcost_re3_c2p1_tnt1
2020,Brazil,0.0,curt_vre,prm15_fix_wcost_re3_c2p1_tnt1
2020,Chile,0.0,curt_vre,prm15_fix_wcost_re3_c2p1_tnt1
2020,Paraguay,0.0,curt_vre,prm15_fix_wcost_re3_c2p1_tnt1
2020,Uruguay,0.08835465600000002,curt_vre,prm15_fix_wcost_re3_c2p1_tnt1
2025,Argentina,0.0,curt_vre,prm15_fix_wcost_re3_c2p1_tnt1
2025,Brazil,0.0,curt_vre,prm15_fix_wcost_re3_c2p1_tnt1
2025,Chile,0.0,curt_vre,prm15_fix_wcost_re3_c2p1_tnt1
2025,Paraguay,0.0,curt_vre,prm15_fix_wcost_re3_c2p1_tnt1
2025,Uruguay,0.009202614000000001,curt_vre,prm15_fix_wcost_re3_c2p1_tnt1
2030,Argentina,0.0,curt_vre,prm15_fix_wcost_re3_c2p1_tnt1
2030,Brazil,0.0,curt_vre,prm15_fix_wcost_re3_c2p1_tnt1
2030,Chile,0.0,curt_vre,prm15_fix_wcost_re3_c2p1_tnt1
2030,Paraguay,0.0,curt_vre,prm15_fix_wcost_re3_c2p1_tnt1
2030,Uruguay,0.0,curt_vre,prm15_fix_wcost_re3_c2p1_tnt1
2035,Argentina,0.0,curt_vre,prm15_fix_wcost_re3_c2p1_tnt1
2035,Brazil,0.0,curt_vre,prm15_fix_wcost_re3_c2p1_tnt1
2035,Chile,0.0,curt_vre,prm15_fix_wcost_re3_c2p1_tnt1
2035,Paraguay,0.0,curt_vre,prm15_fix_wcost_re3_c2p1_tnt1
2035,Uruguay,0.0,curt_vre,prm15_fix_wcost_re3_c2p1_tnt1
2040,Argentina,0.0,curt_vre,prm15_fix_wcost_re3_c2p1_tnt1
2040,Brazil,0.0,curt_vre,prm15_fix_wcost_re3_c2p1_tnt1
2040,Chile,0.0,curt_vre,prm15_fix_wcost_re3_c2p1_tnt1
2040,Paraguay,0.0,curt_vre,prm15_fix_wcost_re3_c2p1_tnt1
2040,Uruguay,0.0,curt_vre,prm15_fix_wcost_re3_c2p1_tnt1
2045,Argentina,0.0,curt_vre,prm15_fix_wcost_re3_c2p1_tnt1
2045,Brazil,0.0,curt_vre,prm15_fix_wcost_re3_c2p1_tnt1
2045,Chile,0.0,curt_vre,prm15_fix_wcost_re3_c2p1_tnt1
2045,Paraguay,3.4629727723824146,curt_vre,prm15_fix_wcost_re3_c2p1_tnt1
2045,Uruguay,0.0,curt_vre,prm15_fix_wcost_re3_c2p1_tnt1
2050,Argentina,0.0,curt_vre,prm15_fix_wcost_re3_c2p1_tnt1
2050,Brazil,0.0,curt_vre,prm15_fix_wcost_re3_c2p1_tnt1
2050,Chile,0.0,curt_vre,prm15_fix_wcost_re3_c2p1_tnt1
2050,Paraguay,3.9686272732646404,curt_vre,prm15_fix_wcost_re3_c2p1_tnt1
2050,Uruguay,0.0,curt_vre,prm15_fix_wcost_re3_c2p1_tnt1
2020,Argentina,0.0,curt_vre,prm15_fix_wcost_re4_c2p1_co2_cut90p_tnt1
2020,Brazil,0.0,curt_vre,prm15_fix_wcost_re4_c2p1_co2_cut90p_tnt1
2020,Chile,0.0,curt_vre,prm15_fix_wcost_re4_c2p1_co2_cut90p_tnt1
2020,Paraguay,0.0,curt_vre,prm15_fix_wcost_re4_c2p1_co2_cut90p_tnt1
2020,Uruguay,0.09050910199999987,curt_vre,prm15_fix_wcost_re4_c2p1_co2_cut90p_tnt1
2025,Argentina,0.0,curt_vre,prm15_fix_wcost_re4_c2p1_co2_cut90p_tnt1
2025,Brazil,0.0,curt_vre,prm15_fix_wcost_re4_c2p1_co2_cut90p_tnt1
2025,Chile,0.0,curt_vre,prm15_fix_wcost_re4_c2p1_co2_cut90p_tnt1
2025,Paraguay,0.0,curt_vre,prm15_fix_wcost_re4_c2p1_co2_cut90p_tnt1
2025,Uruguay,0.04421621800000003,curt_vre,prm15_fix_wcost_re4_c2p1_co2_cut90p_tnt1
2030,Argentina,0.0,curt_vre,prm15_fix_wcost_re4_c2p1_co2_cut90p_tnt1
2030,Brazil,0.0,curt_vre,prm15_fix_wcost_re4_c2p1_co2_cut90p_tnt1
2030,Chile,0.0,curt_vre,prm15_fix_wcost_re4_c2p1_co2_cut90p_tnt1
2030,Paraguay,0.0,curt_vre,prm15_fix_wcost_re4_c2p1_co2_cut90p_tnt1
2030,Uruguay,0.048551688338217866,curt_vre,prm15_fix_wcost_re4_c2p1_co2_cut90p_tnt1
2035,Argentina,0.058733322562585205,curt_vre,prm15_fix_wcost_re4_c2p1_co2_cut90p_tnt1
2035,Brazil,0.0,curt_vre,prm15_fix_wcost_re4_c2p1_co2_cut90p_tnt1
2035,Chile,0.018808272137081757,curt_vre,prm15_fix_wcost_re4_c2p1_co2_cut90p_tnt1
2035,Paraguay,0.0,curt_vre,prm15_fix_wcost_re4_c2p1_co2_cut90p_tnt1
2035,Uruguay,0.08844560433689751,curt_vre,prm15_fix_wcost_re4_c2p1_co2_cut90p_tnt1
2040,Argentina,1.4375089302986723,curt_vre,prm15_fix_wcost_re4_c2p1_co2_cut90p_tnt1
2040,Brazil,0.0,curt_vre,prm15_fix_wcost_re4_c2p1_co2_cut90p_tnt1
2040,Chile,0.6919860296224509,curt_vre,prm15_fix_wcost_re4_c2p1_co2_cut90p_tnt1
2040,Paraguay,5.401001648918087,curt_vre,prm15_fix_wcost_re4_c2p1_co2_cut90p_tnt1
2040,Uruguay,0.09546472408806787,curt_vre,prm15_fix_wcost_re4_c2p1_co2_cut90p_tnt1
2045,Argentina,22.76254006911594,curt_vre,prm15_fix_wcost_re4_c2p1_co2_cut90p_tnt1
2045,Brazil,1.3596232036010425,curt_vre,prm15_fix_wcost_re4_c2p1_co2_cut90p_tnt1
2045,Chile,10.747631839372257,curt_vre,prm15_fix_wcost_re4_c2p1_co2_cut90p_tnt1
2045,Paraguay,21.660796545989076,curt_vre,prm15_fix_wcost_re4_c2p1_co2_cut90p_tnt1
2045,Uruguay,0.3368726051916617,curt_vre,prm15_fix_wcost_re4_c2p1_co2_cut90p_tnt1
2050,Argentina,88.81663290538746,curt_vre,prm15_fix_wcost_re4_c2p1_co2_cut90p_tnt1
2050,Brazil,5.554760827095454,curt_vre,prm15_fix_wcost_re4_c2p1_co2_cut90p_tnt1
2050,Chile,18.838448845959654,curt_vre,prm15_fix_wcost_re4_c2p1_co2_cut90p_tnt1
2050,Paraguay,45.00373897357054,curt_vre,prm15_fix_wcost_re4_c2p1_co2_cut90p_tnt1
2050,Uruguay,1.1064174151657549,curt_vre,prm15_fix_wcost_re4_c2p1_co2_cut90p_tnt1
2020,Argentina,0.0,curt_vre,prm15_fix_wcost_re4_c2p1_tnt1
2020,Brazil,0.0,curt_vre,prm15_fix_wcost_re4_c2p1_tnt1
2020,Chile,0.0,curt_vre,prm15_fix_wcost_re4_c2p1_tnt1
2020,Paraguay,0.0,curt_vre,prm15_fix_wcost_re4_c2p1_tnt1
2020,Uruguay,0.03482078399999983,curt_vre,prm15_fix_wcost_re4_c2p1_tnt1
2025,Argentina,0.0,curt_vre,prm15_fix_wcost_re4_c2p1_tnt1
2025,Brazil,0.0,curt_vre,prm15_fix_wcost_re4_c2p1_tnt1
2025,Chile,0.0,curt_vre,prm15_fix_wcost_re4_c2p1_tnt1
2025,Paraguay,0.0,curt_vre,prm15_fix_wcost_re4_c2p1_tnt1
2025,Uruguay,0.0,curt_vre,prm15_fix_wcost_re4_c2p1_tnt1
2030,Argentina,0.0,curt_vre,prm15_fix_wcost_re4_c2p1_tnt1
2030,Brazil,0.0,curt_vre,prm15_fix_wcost_re4_c2p1_tnt1
2030,Chile,0.0,curt_vre,prm15_fix_wcost_re4_c2p1_tnt1
2030,Paraguay,0.0,curt_vre,prm15_fix_wcost_re4_c2p1_tnt1
2030,Uruguay,0.0,curt_vre,prm15_fix_wcost_re4_c2p1_tnt1
2035,Argentina,0.0,curt_vre,prm15_fix_wcost_re4_c2p1_tnt1
2035,Brazil,0.0,curt_vre,prm15_fix_wcost_re4_c2p1_tnt1
2035,Chile,0.0,curt_vre,prm15_fix_wcost_re4_c2p1_tnt1
2035,Paraguay,0.0,curt_vre,prm15_fix_wcost_re4_c2p1_tnt1
2035,Uruguay,0.0,curt_vre,prm15_fix_wcost_re4_c2p1_tnt1
2040,Argentina,0.0,curt_vre,prm15_fix_wcost_re4_c2p1_tnt1
2040,Brazil,0.0,curt_vre,prm15_fix_wcost_re4_c2p1_tnt1
2040,Chile,0.0,curt_vre,prm15_fix_wcost_re4_c2p1_tnt1
2040,Paraguay,0.0,curt_vre,prm15_fix_wcost_re4_c2p1_tnt1
2040,Uruguay,0.0,curt_vre,prm15_fix_wcost_re4_c2p1_tnt1
2045,Argentina,0.0,curt_vre,prm15_fix_wcost_re4_c2p1_tnt1
2045,Brazil,0.0,curt_vre,prm15_fix_wcost_re4_c2p1_tnt1
2045,Chile,0.0,curt_vre,prm15_fix_wcost_re4_c2p1_tnt1
2045,Paraguay,2.181529572868966,curt_vre,prm15_fix_wcost_re4_c2p1_tnt1
2045,Uruguay,0.0,curt_vre,prm15_fix_wcost_re4_c2p1_tnt1
2050,Argentina,0.0,curt_vre,prm15_fix_wcost_re4_c2p1_tnt1
2050,Brazil,0.0,curt_vre,prm15_fix_wcost_re4_c2p1_tnt1
2050,Chile,0.0,curt_vre,prm15_fix_wcost_re4_c2p1_tnt1
2050,Paraguay,5.679643164890588,curt_vre,prm15_fix_wcost_re4_c2p1_tnt1
2050,Uruguay,0.0041058840590457064,curt_vre,prm15_fix_wcost_re4_c2p1_tnt1
2020,Argentina,0.0,curt_vre,prm15_fix_wcost_re5_c2p1_co2_cut90p_tnt1
2020,Brazil,0.7495519390000002,curt_vre,prm15_fix_wcost_re5_c2p1_co2_cut90p_tnt1
2020,Chile,0.0,curt_vre,prm15_fix_wcost_re5_c2p1_co2_cut90p_tnt1
2020,Paraguay,0.0,curt_vre,prm15_fix_wcost_re5_c2p1_co2_cut90p_tnt1
2020,Uruguay,0.10778296400000002,curt_vre,prm15_fix_wcost_re5_c2p1_co2_cut90p_tnt1
2025,Argentina,0.0,curt_vre,prm15_fix_wcost_re5_c2p1_co2_cut90p_tnt1
2025,Brazil,3.5311689971272795,curt_vre,prm15_fix_wcost_re5_c2p1_co2_cut90p_tnt1
2025,Chile,0.0,curt_vre,prm15_fix_wcost_re5_c2p1_co2_cut90p_tnt1
2025,Paraguay,0.0,curt_vre,prm15_fix_wcost_re5_c2p1_co2_cut90p_tnt1
2025,Uruguay,0.08800695400000001,curt_vre,prm15_fix_wcost_re5_c2p1_co2_cut90p_tnt1
2030,Argentina,0.0,curt_vre,prm15_fix_wcost_re5_c2p1_co2_cut90p_tnt1
2030,Brazil,4.280227421460516,curt_vre,prm15_fix_wcost_re5_c2p1_co2_cut90p_tnt1
2030,Chile,0.0,curt_vre,prm15_fix_wcost_re5_c2p1_co2_cut90p_tnt1
2030,Paraguay,0.0,curt_vre,prm15_fix_wcost_re5_c2p1_co2_cut90p_tnt1
2030,Uruguay,0.16644488907669286,curt_vre,prm15_fix_wcost_re5_c2p1_co2_cut90p_tnt1
2035,Argentina,3.2643795300189278,curt_vre,prm15_fix_wcost_re5_c2p1_co2_cut90p_tnt1
2035,Brazil,10.487228787167881,curt_vre,prm15_fix_wcost_re5_c2p1_co2_cut90p_tnt1
2035,Chile,0.0,curt_vre,prm15_fix_wcost_re5_c2p1_co2_cut90p_tnt1
2035,Paraguay,0.0,curt_vre,prm15_fix_wcost_re5_c2p1_co2_cut90p_tnt1
2035,Uruguay,0.23286003361013408,curt_vre,prm15_fix_wcost_re5_c2p1_co2_cut90p_tnt1
2040,Argentina,16.230303174933834,curt_vre,prm15_fix_wcost_re5_c2p1_co2_cut90p_tnt1
2040,Brazil,15.064201629490492,curt_vre,prm15_fix_wcost_re5_c2p1_co2_cut90p_tnt1
2040,Chile,1.3097752403265868,curt_vre,prm15_fix_wcost_re5_c2p1_co2_cut90p_tnt1
2040,Paraguay,2.1620086777477923,curt_vre,prm15_fix_wcost_re5_c2p1_co2_cut90p_tnt1
2040,Uruguay,1.1851322835330027,curt_vre,prm15_fix_wcost_re5_c2p1_co2_cut90p_tnt1
2045,Argentina,37.6025270177875,curt_vre,prm15_fix_wcost_re5_c2p1_co2_cut90p_tnt1
2045,Brazil,24.250115615868143,curt_vre,prm15_fix_wcost_re5_c2p1_co2_cut90p_tnt1
2045,Chile,9.506774193378368,curt_vre,prm15_fix_wcost_re5_c2p1_co2_cut90p_tnt1
2045,Paraguay,27.352597559746222,curt_vre,prm15_fix_wcost_re5_c2p1_co2_cut90p_tnt1
2045,Uruguay,2.7134243142692713,curt_vre,prm15_fix_wcost_re5_c2p1_co2_cut90p_tnt1
2050,Argentina,112.27024349593536,curt_vre,prm15_fix_wcost_re5_c2p1_co2_cut90p_tnt1
2050,Brazil,34.9830797135804,curt_vre,prm15_fix_wcost_re5_c2p1_co2_cut90p_tnt1
2050,Chile,12.721482929907951,curt_vre,prm15_fix_wcost_re5_c2p1_co2_cut90p_tnt1
2050,Paraguay,6.678865410715398,curt_vre,prm15_fix_wcost_re5_c2p1_co2_cut90p_tnt1
2050,Uruguay,3.8846361477300806,curt_vre,prm15_fix_wcost_re5_c2p1_co2_cut90p_tnt1
2020,Argentina,0.0,curt_vre,prm15_fix_wcost_re5_c2p1_tnt1
2020,Brazil,0.0,curt_vre,prm15_fix_wcost_re5_c2p1_tnt1
2020,Chile,0.0,curt_vre,prm15_fix_wcost_re5_c2p1_tnt1
2020,Paraguay,0.0,curt_vre,prm15_fix_wcost_re5_c2p1_tnt1
2020,Uruguay,0.07261986400000003,curt_vre,prm15_fix_wcost_re5_c2p1_tnt1
2025,Argentina,0.0,curt_vre,prm15_fix_wcost_re5_c2p1_tnt1
2025,Brazil,0.0,curt_vre,prm15_fix_wcost_re5_c2p1_tnt1
2025,Chile,0.0,curt_vre,prm15_fix_wcost_re5_c2p1_tnt1
2025,Paraguay,0.0,curt_vre,prm15_fix_wcost_re5_c2p1_tnt1
2025,Uruguay,0.0,curt_vre,prm15_fix_wcost_re5_c2p1_tnt1
2030,Argentina,0.0,curt_vre,prm15_fix_wcost_re5_c2p1_tnt1
2030,Brazil,0.0,curt_vre,prm15_fix_wcost_re5_c2p1_tnt1
2030,Chile,0.0,curt_vre,prm15_fix_wcost_re5_c2p1_tnt1
2030,Paraguay,0.0,curt_vre,prm15_fix_wcost_re5_c2p1_tnt1
2030,Uruguay,0.0,curt_vre,prm15_fix_wcost_re5_c2p1_tnt1
2035,Argentina,0.0,curt_vre,prm15_fix_wcost_re5_c2p1_tnt1
2035,Brazil,0.0,curt_vre,prm15_fix_wcost_re5_c2p1_tnt1
2035,Chile,0.0,curt_vre,prm15_fix_wcost_re5_c2p1_tnt1
2035,Paraguay,0.0,curt_vre,prm15_fix_wcost_re5_c2p1_tnt1
2035,Uruguay,0.0,curt_vre,prm15_fix_wcost_re5_c2p1_tnt1
2040,Argentina,0.0,curt_vre,prm15_fix_wcost_re5_c2p1_tnt1
2040,Brazil,0.0,curt_vre,prm15_fix_wcost_re5_c2p1_tnt1
2040,Chile,0.0,curt_vre,prm15_fix_wcost_re5_c2p1_tnt1
2040,Paraguay,0.0,curt_vre,prm15_fix_wcost_re5_c2p1_tnt1
2040,Uruguay,0.0,curt_vre,prm15_fix_wcost_re5_c2p1_tnt1
2045,Argentina,0.0,curt_vre,prm15_fix_wcost_re5_c2p1_tnt1
2045,Brazil,0.0,curt_vre,prm15_fix_wcost_re5_c2p1_tnt1
2045,Chile,0.0,curt_vre,prm15_fix_wcost_re5_c2p1_tnt1
2045,Paraguay,1.4584673241974169,curt_vre,prm15_fix_wcost_re5_c2p1_tnt1
2045,Uruguay,0.0011195777194441363,curt_vre,prm15_fix_wcost_re5_c2p1_tnt1
2050,Argentina,0.0,curt_vre,prm15_fix_wcost_re5_c2p1_tnt1
2050,Brazil,0.0,curt_vre,prm15_fix_wcost_re5_c2p1_tnt1
2050,Chile,0.0,curt_vre,prm15_fix_wcost_re5_c2p1_tnt1
2050,Paraguay,6.592233778628697,curt_vre,prm15_fix_wcost_re5_c2p1_tnt1
2050,Uruguay,0.18583933130646912,curt_vre,prm15_fix_wcost_re5_c2p1_tnt1
2020,Argentina,0.0,curt_vre,prm15_fix_wcost_re6_c2p1_co2_cut90p_tnt1
2020,Brazil,0.019513901,curt_vre,prm15_fix_wcost_re6_c2p1_co2_cut90p_tnt1
2020,Chile,0.0,curt_vre,prm15_fix_wcost_re6_c2p1_co2_cut90p_tnt1
2020,Paraguay,0.0,curt_vre,prm15_fix_wcost_re6_c2p1_co2_cut90p_tnt1
2020,Uruguay,0.10716304600000001,curt_vre,prm15_fix_wcost_re6_c2p1_co2_cut90p_tnt1
2025,Argentina,0.0,curt_vre,prm15_fix_wcost_re6_c2p1_co2_cut90p_tnt1
2025,Brazil,0.0,curt_vre,prm15_fix_wcost_re6_c2p1_co2_cut90p_tnt1
2025,Chile,0.0,curt_vre,prm15_fix_wcost_re6_c2p1_co2_cut90p_tnt1
2025,Paraguay,0.0,curt_vre,prm15_fix_wcost_re6_c2p1_co2_cut90p_tnt1
2025,Uruguay,0.0,curt_vre,prm15_fix_wcost_re6_c2p1_co2_cut90p_tnt1
2030,Argentina,0.0,curt_vre,prm15_fix_wcost_re6_c2p1_co2_cut90p_tnt1
2030,Brazil,0.0,curt_vre,prm15_fix_wcost_re6_c2p1_co2_cut90p_tnt1
2030,Chile,0.0,curt_vre,prm15_fix_wcost_re6_c2p1_co2_cut90p_tnt1
2030,Paraguay,0.0,curt_vre,prm15_fix_wcost_re6_c2p1_co2_cut90p_tnt1
2030,Uruguay,0.0,curt_vre,prm15_fix_wcost_re6_c2p1_co2_cut90p_tnt1
2035,Argentina,0.0,curt_vre,prm15_fix_wcost_re6_c2p1_co2_cut90p_tnt1
2035,Brazil,0.0,curt_vre,prm15_fix_wcost_re6_c2p1_co2_cut90p_tnt1
2035,Chile,0.0,curt_vre,prm15_fix_wcost_re6_c2p1_co2_cut90p_tnt1
2035,Paraguay,0.0,curt_vre,prm15_fix_wcost_re6_c2p1_co2_cut90p_tnt1
2035,Uruguay,0.11156691737881241,curt_vre,prm15_fix_wcost_re6_c2p1_co2_cut90p_tnt1
2040,Argentina,3.6915455499669285,curt_vre,prm15_fix_wcost_re6_c2p1_co2_cut90p_tnt1
2040,Brazil,0.0,curt_vre,prm15_fix_wcost_re6_c2p1_co2_cut90p_tnt1
2040,Chile,0.011073710294238186,curt_vre,prm15_fix_wcost_re6_c2p1_co2_cut90p_tnt1
2040,Paraguay,0.0,curt_vre,prm15_fix_wcost_re6_c2p1_co2_cut90p_tnt1
2040,Uruguay,0.3114586195203398,curt_vre,prm15_fix_wcost_re6_c2p1_co2_cut90p_tnt1
2045,Argentina,17.024704001445745,curt_vre,prm15_fix_wcost_re6_c2p1_co2_cut90p_tnt1
2045,Brazil,1.3898977038817568,curt_vre,prm15_fix_wcost_re6_c2p1_co2_cut90p_tnt1
2045,Chile,3.203551123888023,curt_vre,prm15_fix_wcost_re6_c2p1_co2_cut90p_tnt1
2045,Paraguay,14.716166780810656,curt_vre,prm15_fix_wcost_re6_c2p1_co2_cut90p_tnt1
2045,Uruguay,0.2069891859540902,curt_vre,prm15_fix_wcost_re6_c2p1_co2_cut90p_tnt1
2050,Argentina,69.0630496144779,curt_vre,prm15_fix_wcost_re6_c2p1_co2_cut90p_tnt1
2050,Brazil,5.537959566344774,curt_vre,prm15_fix_wcost_re6_c2p1_co2_cut90p_tnt1
2050,Chile,19.59709825733104,curt_vre,prm15_fix_wcost_re6_c2p1_co2_cut90p_tnt1
2050,Paraguay,38.46623906421379,curt_vre,prm15_fix_wcost_re6_c2p1_co2_cut90p_tnt1
2050,Uruguay,0.936567844770896,curt_vre,prm15_fix_wcost_re6_c2p1_co2_cut90p_tnt1
2020,Argentina,0.0,curt_vre,prm15_fix_wcost_re6_c2p1_tnt1
2020,Brazil,0.0,curt_vre,prm15_fix_wcost_re6_c2p1_tnt1
2020,Chile,0.0,curt_vre,prm15_fix_wcost_re6_c2p1_tnt1
2020,Paraguay,0.0,curt_vre,prm15_fix_wcost_re6_c2p1_tnt1
2020,Uruguay,0.055499538,curt_vre,prm15_fix_wcost_re6_c2p1_tnt1
2025,Argentina,0.0,curt_vre,prm15_fix_wcost_re6_c2p1_tnt1
2025,Brazil,0.0,curt_vre,prm15_fix_wcost_re6_c2p1_tnt1
2025,Chile,0.0,curt_vre,prm15_fix_wcost_re6_c2p1_tnt1
2025,Paraguay,0.0,curt_vre,prm15_fix_wcost_re6_c2p1_tnt1
2025,Uruguay,0.0,curt_vre,prm15_fix_wcost_re6_c2p1_tnt1
2030,Argentina,0.0,curt_vre,prm15_fix_wcost_re6_c2p1_tnt1
2030,Brazil,0.0,curt_vre,prm15_fix_wcost_re6_c2p1_tnt1
2030,Chile,0.0,curt_vre,prm15_fix_wcost_re6_c2p1_tnt1
2030,Paraguay,0.0,curt_vre,prm15_fix_wcost_re6_c2p1_tnt1
2030,Uruguay,0.0,curt_vre,prm15_fix_wcost_re6_c2p1_tnt1
2035,Argentina,0.0,curt_vre,prm15_fix_wcost_re6_c2p1_tnt1
2035,Brazil,0.0,curt_vre,prm15_fix_wcost_re6_c2p1_tnt1
2035,Chile,0.0,curt_vre,prm15_fix_wcost_re6_c2p1_tnt1
2035,Paraguay,0.0,curt_vre,prm15_fix_wcost_re6_c2p1_tnt1
2035,Uruguay,0.0,curt_vre,prm15_fix_wcost_re6_c2p1_tnt1
2040,Argentina,0.0,curt_vre,prm15_fix_wcost_re6_c2p1_tnt1
2040,Brazil,0.0,curt_vre,prm15_fix_wcost_re6_c2p1_tnt1
2040,Chile,0.0,curt_vre,prm15_fix_wcost_re6_c2p1_tnt1
2040,Paraguay,0.0,curt_vre,prm15_fix_wcost_re6_c2p1_tnt1
2040,Uruguay,0.0015951839314203525,curt_vre,prm15_fix_wcost_re6_c2p1_tnt1
2045,Argentina,0.0,curt_vre,prm15_fix_wcost_re6_c2p1_tnt1
2045,Brazil,0.0,curt_vre,prm15_fix_wcost_re6_c2p1_tnt1
2045,Chile,0.0,curt_vre,prm15_fix_wcost_re6_c2p1_tnt1
2045,Paraguay,0.9203214406927012,curt_vre,prm15_fix_wcost_re6_c2p1_tnt1
2045,Uruguay,0.02652375120471597,curt_vre,prm15_fix_wcost_re6_c2p1_tnt1
2050,Argentina,0.0,curt_vre,prm15_fix_wcost_re6_c2p1_tnt1
2050,Brazil,0.0,curt_vre,prm15_fix_wcost_re6_c2p1_tnt1
2050,Chile,0.0,curt_vre,prm15_fix_wcost_re6_c2p1_tnt1
2050,Paraguay,8.173680921393819,curt_vre,prm15_fix_wcost_re6_c2p1_tnt1
2050,Uruguay,0.3069303903174168,curt_vre,prm15_fix_wcost_re6_c2p1_tnt1
2020,Argentina,0.0,curt_vre,prm15_fix_wcost_re7_c2p1_co2_cut90p_tnt1
2020,Brazil,0.0,curt_vre,prm15_fix_wcost_re7_c2p1_co2_cut90p_tnt1
2020,Chile,0.0,curt_vre,prm15_fix_wcost_re7_c2p1_co2_cut90p_tnt1
2020,Paraguay,0.0,curt_vre,prm15_fix_wcost_re7_c2p1_co2_cut90p_tnt1
2020,Uruguay,0.07897186200000003,curt_vre,prm15_fix_wcost_re7_c2p1_co2_cut90p_tnt1
2025,Argentina,0.0,curt_vre,prm15_fix_wcost_re7_c2p1_co2_cut90p_tnt1
2025,Brazil,0.0,curt_vre,prm15_fix_wcost_re7_c2p1_co2_cut90p_tnt1
2025,Chile,0.0,curt_vre,prm15_fix_wcost_re7_c2p1_co2_cut90p_tnt1
2025,Paraguay,0.0,curt_vre,prm15_fix_wcost_re7_c2p1_co2_cut90p_tnt1
2025,Uruguay,0.009726016000000014,curt_vre,prm15_fix_wcost_re7_c2p1_co2_cut90p_tnt1
2030,Argentina,0.0,curt_vre,prm15_fix_wcost_re7_c2p1_co2_cut90p_tnt1
2030,Brazil,0.0,curt_vre,prm15_fix_wcost_re7_c2p1_co2_cut90p_tnt1
2030,Chile,0.0,curt_vre,prm15_fix_wcost_re7_c2p1_co2_cut90p_tnt1
2030,Paraguay,0.0,curt_vre,prm15_fix_wcost_re7_c2p1_co2_cut90p_tnt1
2030,Uruguay,0.0,curt_vre,prm15_fix_wcost_re7_c2p1_co2_cut90p_tnt1
2035,Argentina,0.004665720599999797,curt_vre,prm15_fix_wcost_re7_c2p1_co2_cut90p_tnt1
2035,Brazil,0.0,curt_vre,prm15_fix_wcost_re7_c2p1_co2_cut90p_tnt1
2035,Chile,0.0,curt_vre,prm15_fix_wcost_re7_c2p1_co2_cut90p_tnt1
2035,Paraguay,0.0,curt_vre,prm15_fix_wcost_re7_c2p1_co2_cut90p_tnt1
2035,Uruguay,0.1508579316872679,curt_vre,prm15_fix_wcost_re7_c2p1_co2_cut90p_tnt1
2040,Argentina,3.2515858043784687,curt_vre,prm15_fix_wcost_re7_c2p1_co2_cut90p_tnt1
2040,Brazil,0.0,curt_vre,prm15_fix_wcost_re7_c2p1_co2_cut90p_tnt1
2040,Chile,0.021356390406708316,curt_vre,prm15_fix_wcost_re7_c2p1_co2_cut90p_tnt1
2040,Paraguay,0.0,curt_vre,prm15_fix_wcost_re7_c2p1_co2_cut90p_tnt1
2040,Uruguay,0.3677832425771939,curt_vre,prm15_fix_wcost_re7_c2p1_co2_cut90p_tnt1
2045,Argentina,21.160265016929458,curt_vre,prm15_fix_wcost_re7_c2p1_co2_cut90p_tnt1
2045,Brazil,1.5834047332956318,curt_vre,prm15_fix_wcost_re7_c2p1_co2_cut90p_tnt1
2045,Chile,2.419407845924488,curt_vre,prm15_fix_wcost_re7_c2p1_co2_cut90p_tnt1
2045,Paraguay,18.283624887356314,curt_vre,prm15_fix_wcost_re7_c2p1_co2_cut90p_tnt1
2045,Uruguay,0.27177761938764494,curt_vre,prm15_fix_wcost_re7_c2p1_co2_cut90p_tnt1
2050,Argentina,72.47279298665583,curt_vre,prm15_fix_wcost_re7_c2p1_co2_cut90p_tnt1
2050,Brazil,7.2717438959903165,curt_vre,prm15_fix_wcost_re7_c2p1_co2_cut90p_tnt1
2050,Chile,13.217447736915776,curt_vre,prm15_fix_wcost_re7_c2p1_co2_cut90p_tnt1
2050,Paraguay,41.79021959629966,curt_vre,prm15_fix_wcost_re7_c2p1_co2_cut90p_tnt1
2050,Uruguay,0.9592874156011633,curt_vre,prm15_fix_wcost_re7_c2p1_co2_cut90p_tnt1
2020,Argentina,0.0,curt_vre,prm15_fix_wcost_re7_c2p1_tnt1
2020,Brazil,0.0,curt_vre,prm15_fix_wcost_re7_c2p1_tnt1
2020,Chile,0.0,curt_vre,prm15_fix_wcost_re7_c2p1_tnt1
2020,Paraguay,0.0,curt_vre,prm15_fix_wcost_re7_c2p1_tnt1
2020,Uruguay,0.03371170615999741,curt_vre,prm15_fix_wcost_re7_c2p1_tnt1
2025,Argentina,0.0,curt_vre,prm15_fix_wcost_re7_c2p1_tnt1
2025,Brazil,0.0,curt_vre,prm15_fix_wcost_re7_c2p1_tnt1
2025,Chile,0.0,curt_vre,prm15_fix_wcost_re7_c2p1_tnt1
2025,Paraguay,0.0,curt_vre,prm15_fix_wcost_re7_c2p1_tnt1
2025,Uruguay,0.0,curt_vre,prm15_fix_wcost_re7_c2p1_tnt1
2030,Argentina,0.0,curt_vre,prm15_fix_wcost_re7_c2p1_tnt1
2030,Brazil,0.0,curt_vre,prm15_fix_wcost_re7_c2p1_tnt1
2030,Chile,0.0,curt_vre,prm15_fix_wcost_re7_c2p1_tnt1
2030,Paraguay,0.0,curt_vre,prm15_fix_wcost_re7_c2p1_tnt1
2030,Uruguay,0.0,curt_vre,prm15_fix_wcost_re7_c2p1_tnt1
2035,Argentina,0.0,curt_vre,prm15_fix_wcost_re7_c2p1_tnt1
2035,Brazil,0.0,curt_vre,prm15_fix_wcost_re7_c2p1_tnt1
2035,Chile,0.0,curt_vre,prm15_fix_wcost_re7_c2p1_tnt1
2035,Paraguay,0.0,curt_vre,prm15_fix_wcost_re7_c2p1_tnt1
2035,Uruguay,0.0,curt_vre,prm15_fix_wcost_re7_c2p1_tnt1
2040,Argentina,0.0,curt_vre,prm15_fix_wcost_re7_c2p1_tnt1
2040,Brazil,0.0,curt_vre,prm15_fix_wcost_re7_c2p1_tnt1
2040,Chile,0.0,curt_vre,prm15_fix_wcost_re7_c2p1_tnt1
2040,Paraguay,0.0,curt_vre,prm15_fix_wcost_re7_c2p1_tnt1
2040,Uruguay,0.0,curt_vre,prm15_fix_wcost_re7_c2p1_tnt1
2045,Argentina,0.0,curt_vre,prm15_fix_wcost_re7_c2p1_tnt1
2045,Brazil,0.0,curt_vre,prm15_fix_wcost_re7_c2p1_tnt1
2045,Chile,0.0,curt_vre,prm15_fix_wcost_re7_c2p1_tnt1
2045,Paraguay,1.0974673665086945,curt_vre,prm15_fix_wcost_re7_c2p1_tnt1
2045,Uruguay,0.03134198678295602,curt_vre,prm15_fix_wcost_re7_c2p1_tnt1
2050,Argentina,0.0,curt_vre,prm15_fix_wcost_re7_c2p1_tnt1
2050,Brazil,0.0,curt_vre,prm15_fix_wcost_re7_c2p1_tnt1
2050,Chile,0.0,curt_vre,prm15_fix_wcost_re7_c2p1_tnt1
2050,Paraguay,7.549824306899153,curt_vre,prm15_fix_wcost_re7_c2p1_tnt1
2050,Uruguay,0.1843585030002668,curt_vre,prm15_fix_wcost_re7_c2p1_tnt1
2020,Argentina,0.0,curt_vre,prm15_fix_wcost_re8_c2p1_co2_cut90p_tnt1
2020,Brazil,0.0,curt_vre,prm15_fix_wcost_re8_c2p1_co2_cut90p_tnt1
2020,Chile,0.0,curt_vre,prm15_fix_wcost_re8_c2p1_co2_cut90p_tnt1
2020,Paraguay,0.0,curt_vre,prm15_fix_wcost_re8_c2p1_co2_cut90p_tnt1
2020,Uruguay,0.09042041400000002,curt_vre,prm15_fix_wcost_re8_c2p1_co2_cut90p_tnt1
2025,Argentina,0.0,curt_vre,prm15_fix_wcost_re8_c2p1_co2_cut90p_tnt1
2025,Brazil,0.0,curt_vre,prm15_fix_wcost_re8_c2p1_co2_cut90p_tnt1
2025,Chile,0.0,curt_vre,prm15_fix_wcost_re8_c2p1_co2_cut90p_tnt1
2025,Paraguay,0.0,curt_vre,prm15_fix_wcost_re8_c2p1_co2_cut90p_tnt1
2025,Uruguay,0.041558574,curt_vre,prm15_fix_wcost_re8_c2p1_co2_cut90p_tnt1
2030,Argentina,0.0,curt_vre,prm15_fix_wcost_re8_c2p1_co2_cut90p_tnt1
2030,Brazil,0.0,curt_vre,prm15_fix_wcost_re8_c2p1_co2_cut90p_tnt1
2030,Chile,0.0,curt_vre,prm15_fix_wcost_re8_c2p1_co2_cut90p_tnt1
2030,Paraguay,0.0,curt_vre,prm15_fix_wcost_re8_c2p1_co2_cut90p_tnt1
2030,Uruguay,0.02392620750163303,curt_vre,prm15_fix_wcost_re8_c2p1_co2_cut90p_tnt1
2035,Argentina,0.037875229985000036,curt_vre,prm15_fix_wcost_re8_c2p1_co2_cut90p_tnt1
2035,Brazil,0.0,curt_vre,prm15_fix_wcost_re8_c2p1_co2_cut90p_tnt1
2035,Chile,0.0,curt_vre,prm15_fix_wcost_re8_c2p1_co2_cut90p_tnt1
2035,Paraguay,0.0,curt_vre,prm15_fix_wcost_re8_c2p1_co2_cut90p_tnt1
2035,Uruguay,0.06587439545306652,curt_vre,prm15_fix_wcost_re8_c2p1_co2_cut90p_tnt1
2040,Argentina,1.7005199665206063,curt_vre,prm15_fix_wcost_re8_c2p1_co2_cut90p_tnt1
2040,Brazil,0.0,curt_vre,prm15_fix_wcost_re8_c2p1_co2_cut90p_tnt1
2040,Chile,1.6591679872181557,curt_vre,prm15_fix_wcost_re8_c2p1_co2_cut90p_tnt1
2040,Paraguay,9.57978341947929,curt_vre,prm15_fix_wcost_re8_c2p1_co2_cut90p_tnt1
2040,Uruguay,0.11656031903510684,curt_vre,prm15_fix_wcost_re8_c2p1_co2_cut90p_tnt1
2045,Argentina,29.119033618520962,curt_vre,prm15_fix_wcost_re8_c2p1_co2_cut90p_tnt1
2045,Brazil,0.785410178448195,curt_vre,prm15_fix_wcost_re8_c2p1_co2_cut90p_tnt1
2045,Chile,11.717472062530403,curt_vre,prm15_fix_wcost_re8_c2p1_co2_cut90p_tnt1
2045,Paraguay,21.352253729685664,curt_vre,prm15_fix_wcost_re8_c2p1_co2_cut90p_tnt1
2045,Uruguay,0.4328151898434842,curt_vre,prm15_fix_wcost_re8_c2p1_co2_cut90p_tnt1
2050,Argentina,91.43457853425915,curt_vre,prm15_fix_wcost_re8_c2p1_co2_cut90p_tnt1
2050,Brazil,5.207794980634479,curt_vre,prm15_fix_wcost_re8_c2p1_co2_cut90p_tnt1
2050,Chile,15.801971385931967,curt_vre,prm15_fix_wcost_re8_c2p1_co2_cut90p_tnt1
2050,Paraguay,43.18917494168895,curt_vre,prm15_fix_wcost_re8_c2p1_co2_cut90p_tnt1
2050,Uruguay,1.3135865662855566,curt_vre,prm15_fix_wcost_re8_c2p1_co2_cut90p_tnt1
2020,Argentina,0.0,curt_vre,prm15_fix_wcost_re8_c2p1_tnt1
2020,Brazil,0.018615753000000006,curt_vre,prm15_fix_wcost_re8_c2p1_tnt1
2020,Chile,0.0,curt_vre,prm15_fix_wcost_re8_c2p1_tnt1
2020,Paraguay,0.0,curt_vre,prm15_fix_wcost_re8_c2p1_tnt1
2020,Uruguay,0.06302006199999988,curt_vre,prm15_fix_wcost_re8_c2p1_tnt1
2025,Argentina,0.0,curt_vre,prm15_fix_wcost_re8_c2p1_tnt1
2025,Brazil,0.0,curt_vre,prm15_fix_wcost_re8_c2p1_tnt1
2025,Chile,0.0,curt_vre,prm15_fix_wcost_re8_c2p1_tnt1
2025,Paraguay,0.0,curt_vre,prm15_fix_wcost_re8_c2p1_tnt1
2025,Uruguay,0.0,curt_vre,prm15_fix_wcost_re8_c2p1_tnt1
2030,Argentina,0.0,curt_vre,prm15_fix_wcost_re8_c2p1_tnt1
2030,Brazil,0.0,curt_vre,prm15_fix_wcost_re8_c2p1_tnt1
2030,Chile,0.0,curt_vre,prm15_fix_wcost_re8_c2p1_tnt1
2030,Paraguay,0.0,curt_vre,prm15_fix_wcost_re8_c2p1_tnt1
2030,Uruguay,0.0,curt_vre,prm15_fix_wcost_re8_c2p1_tnt1
2035,Argentina,0.0,curt_vre,prm15_fix_wcost_re8_c2p1_tnt1
2035,Brazil,0.0,curt_vre,prm15_fix_wcost_re8_c2p1_tnt1
2035,Chile,0.0,curt_vre,prm15_fix_wcost_re8_c2p1_tnt1
2035,Paraguay,0.0,curt_vre,prm15_fix_wcost_re8_c2p1_tnt1
2035,Uruguay,0.0,curt_vre,prm15_fix_wcost_re8_c2p1_tnt1
2040,Argentina,0.0,curt_vre,prm15_fix_wcost_re8_c2p1_tnt1
2040,Brazil,0.0,curt_vre,prm15_fix_wcost_re8_c2p1_tnt1
2040,Chile,0.0,curt_vre,prm15_fix_wcost_re8_c2p1_tnt1
2040,Paraguay,0.0,curt_vre,prm15_fix_wcost_re8_c2p1_tnt1
2040,Uruguay,0.0,curt_vre,prm15_fix_wcost_re8_c2p1_tnt1
2045,Argentina,0.0,curt_vre,prm15_fix_wcost_re8_c2p1_tnt1
2045,Brazil,0.0,curt_vre,prm15_fix_wcost_re8_c2p1_tnt1
2045,Chile,0.0,curt_vre,prm15_fix_wcost_re8_c2p1_tnt1
2045,Paraguay,3.08431764698488,curt_vre,prm15_fix_wcost_re8_c2p1_tnt1
2045,Uruguay,0.0,curt_vre,prm15_fix_wcost_re8_c2p1_tnt1
2050,Argentina,0.0,curt_vre,prm15_fix_wcost_re8_c2p1_tnt1
2050,Brazil,0.0,curt_vre,prm15_fix_wcost_re8_c2p1_tnt1
2050,Chile,0.0,curt_vre,prm15_fix_wcost_re8_c2p1_tnt1
2050,Paraguay,4.373423580902047,curt_vre,prm15_fix_wcost_re8_c2p1_tnt1
2050,Uruguay,0.0,curt_vre,prm15_fix_wcost_re8_c2p1_tnt1
2020,Argentina,0.0,curt_vre,prm15_fix_wcost_re9_c2p1_co2_cut90p_tnt1
2020,Brazil,0.30570202500000004,curt_vre,prm15_fix_wcost_re9_c2p1_co2_cut90p_tnt1
2020,Chile,0.0,curt_vre,prm15_fix_wcost_re9_c2p1_co2_cut90p_tnt1
2020,Paraguay,0.0,curt_vre,prm15_fix_wcost_re9_c2p1_co2_cut90p_tnt1
2020,Uruguay,0.15595865400000003,curt_vre,prm15_fix_wcost_re9_c2p1_co2_cut90p_tnt1
2025,Argentina,0.0,curt_vre,prm15_fix_wcost_re9_c2p1_co2_cut90p_tnt1
2025,Brazil,1.3234884071104762,curt_vre,prm15_fix_wcost_re9_c2p1_co2_cut90p_tnt1
2025,Chile,0.0,curt_vre,prm15_fix_wcost_re9_c2p1_co2_cut90p_tnt1
2025,Paraguay,0.0,curt_vre,prm15_fix_wcost_re9_c2p1_co2_cut90p_tnt1
2025,Uruguay,0.20073335200000003,curt_vre,prm15_fix_wcost_re9_c2p1_co2_cut90p_tnt1
2030,Argentina,0.0,curt_vre,prm15_fix_wcost_re9_c2p1_co2_cut90p_tnt1
2030,Brazil,4.935168868603902,curt_vre,prm15_fix_wcost_re9_c2p1_co2_cut90p_tnt1
2030,Chile,0.0,curt_vre,prm15_fix_wcost_re9_c2p1_co2_cut90p_tnt1
2030,Paraguay,0.0,curt_vre,prm15_fix_wcost_re9_c2p1_co2_cut90p_tnt1
2030,Uruguay,0.09917297256633023,curt_vre,prm15_fix_wcost_re9_c2p1_co2_cut90p_tnt1
2035,Argentina,0.5245480626604961,curt_vre,prm15_fix_wcost_re9_c2p1_co2_cut90p_tnt1
2035,Brazil,8.591634946001061,curt_vre,prm15_fix_wcost_re9_c2p1_co2_cut90p_tnt1
2035,Chile,0.34606621239616353,curt_vre,prm15_fix_wcost_re9_c2p1_co2_cut90p_tnt1
2035,Paraguay,0.0,curt_vre,prm15_fix_wcost_re9_c2p1_co2_cut90p_tnt1
2035,Uruguay,0.18946310899554555,curt_vre,prm15_fix_wcost_re9_c2p1_co2_cut90p_tnt1
2040,Argentina,16.976706065625805,curt_vre,prm15_fix_wcost_re9_c2p1_co2_cut90p_tnt1
2040,Brazil,13.388104605220537,curt_vre,prm15_fix_wcost_re9_c2p1_co2_cut90p_tnt1
2040,Chile,2.997138362140108,curt_vre,prm15_fix_wcost_re9_c2p1_co2_cut90p_tnt1
2040,Paraguay,10.218363512571567,curt_vre,prm15_fix_wcost_re9_c2p1_co2_cut90p_tnt1
2040,Uruguay,0.8420425221699119,curt_vre,prm15_fix_wcost_re9_c2p1_co2_cut90p_tnt1
2045,Argentina,53.5100137556203,curt_vre,prm15_fix_wcost_re9_c2p1_co2_cut90p_tnt1
2045,Brazil,19.14661983460938,curt_vre,prm15_fix_wcost_re9_c2p1_co2_cut90p_tnt1
2045,Chile,16.642694832077126,curt_vre,prm15_fix_wcost_re9_c2p1_co2_cut90p_tnt1
2045,Paraguay,28.47579050372624,curt_vre,prm15_fix_wcost_re9_c2p1_co2_cut90p_tnt1
2045,Uruguay,1.694898300287867,curt_vre,prm15_fix_wcost_re9_c2p1_co2_cut90p_tnt1
2050,Argentina,118.12274969061299,curt_vre,prm15_fix_wcost_re9_c2p1_co2_cut90p_tnt1
2050,Brazil,32.959974527313335,curt_vre,prm15_fix_wcost_re9_c2p1_co2_cut90p_tnt1
2050,Chile,20.64404559792094,curt_vre,prm15_fix_wcost_re9_c2p1_co2_cut90p_tnt1
2050,Paraguay,43.385882257824235,curt_vre,prm15_fix_wcost_re9_c2p1_co2_cut90p_tnt1
2050,Uruguay,3.0687078262109937,curt_vre,prm15_fix_wcost_re9_c2p1_co2_cut90p_tnt1
2020,Argentina,0.0,curt_vre,prm15_fix_wcost_re9_c2p1_tnt1
2020,Brazil,0.0,curt_vre,prm15_fix_wcost_re9_c2p1_tnt1
2020,Chile,0.0,curt_vre,prm15_fix_wcost_re9_c2p1_tnt1
2020,Paraguay,0.0,curt_vre,prm15_fix_wcost_re9_c2p1_tnt1
2020,Uruguay,0.058455561999999815,curt_vre,prm15_fix_wcost_re9_c2p1_tnt1
2025,Argentina,0.0,curt_vre,prm15_fix_wcost_re9_c2p1_tnt1
2025,Brazil,0.0,curt_vre,prm15_fix_wcost_re9_c2p1_tnt1
2025,Chile,0.0,curt_vre,prm15_fix_wcost_re9_c2p1_tnt1
2025,Paraguay,0.0,curt_vre,prm15_fix_wcost_re9_c2p1_tnt1
2025,Uruguay,0.0,curt_vre,prm15_fix_wcost_re9_c2p1_tnt1
2030,Argentina,0.0,curt_vre,prm15_fix_wcost_re9_c2p1_tnt1
2030,Brazil,0.0,curt_vre,prm15_fix_wcost_re9_c2p1_tnt1
2030,Chile,0.0,curt_vre,prm15_fix_wcost_re9_c2p1_tnt1
2030,Paraguay,0.0,curt_vre,prm15_fix_wcost_re9_c2p1_tnt1
2030,Uruguay,0.0,curt_vre,prm15_fix_wcost_re9_c2p1_tnt1
2035,Argentina,0.0,curt_vre,prm15_fix_wcost_re9_c2p1_tnt1
2035,Brazil,0.0,curt_vre,prm15_fix_wcost_re9_c2p1_tnt1
2035,Chile,0.0,curt_vre,prm15_fix_wcost_re9_c2p1_tnt1
2035,Paraguay,0.0,curt_vre,prm15_fix_wcost_re9_c2p1_tnt1
2035,Uruguay,0.0,curt_vre,prm15_fix_wcost_re9_c2p1_tnt1
2040,Argentina,0.0,curt_vre,prm15_fix_wcost_re9_c2p1_tnt1
2040,Brazil,0.0,curt_vre,prm15_fix_wcost_re9_c2p1_tnt1
2040,Chile,0.0,curt_vre,prm15_fix_wcost_re9_c2p1_tnt1
2040,Paraguay,0.0,curt_vre,prm15_fix_wcost_re9_c2p1_tnt1
2040,Uruguay,0.0,curt_vre,prm15_fix_wcost_re9_c2p1_tnt1
2045,Argentina,0.0,curt_vre,prm15_fix_wcost_re9_c2p1_tnt1
2045,Brazil,0.0,curt_vre,prm15_fix_wcost_re9_c2p1_tnt1
2045,Chile,0.0,curt_vre,prm15_fix_wcost_re9_c2p1_tnt1
2045,Paraguay,3.4085507612564863,curt_vre,prm15_fix_wcost_re9_c2p1_tnt1
2045,Uruguay,0.0,curt_vre,prm15_fix_wcost_re9_c2p1_tnt1
2050,Argentina,0.0,curt_vre,prm15_fix_wcost_re9_c2p1_tnt1
2050,Brazil,0.0,curt_vre,prm15_fix_wcost_re9_c2p1_tnt1
2050,Chile,0.0,curt_vre,prm15_fix_wcost_re9_c2p1_tnt1
2050,Paraguay,5.804630731498881,curt_vre,prm15_fix_wcost_re9_c2p1_tnt1
2050,Uruguay,0.0,curt_vre,prm15_fix_wcost_re9_c2p1_tnt1
2020,Argentina,0.0,curt_vre,prm15_fix_wcost_re10_c2p1_co2_cut90p_tnt1
2020,Brazil,0.0,curt_vre,prm15_fix_wcost_re10_c2p1_co2_cut90p_tnt1
2020,Chile,0.0,curt_vre,prm15_fix_wcost_re10_c2p1_co2_cut90p_tnt1
2020,Paraguay,0.0,curt_vre,prm15_fix_wcost_re10_c2p1_co2_cut90p_tnt1
2020,Uruguay,0.13147007800000005,curt_vre,prm15_fix_wcost_re10_c2p1_co2_cut90p_tnt1
2025,Argentina,0.0,curt_vre,prm15_fix_wcost_re10_c2p1_co2_cut90p_tnt1
2025,Brazil,0.0,curt_vre,prm15_fix_wcost_re10_c2p1_co2_cut90p_tnt1
2025,Chile,0.0,curt_vre,prm15_fix_wcost_re10_c2p1_co2_cut90p_tnt1
2025,Paraguay,0.0,curt_vre,prm15_fix_wcost_re10_c2p1_co2_cut90p_tnt1
2025,Uruguay,0.0053613620000000015,curt_vre,prm15_fix_wcost_re10_c2p1_co2_cut90p_tnt1
2030,Argentina,0.0,curt_vre,prm15_fix_wcost_re10_c2p1_co2_cut90p_tnt1
2030,Brazil,0.0,curt_vre,prm15_fix_wcost_re10_c2p1_co2_cut90p_tnt1
2030,Chile,0.0,curt_vre,prm15_fix_wcost_re10_c2p1_co2_cut90p_tnt1
2030,Paraguay,0.0,curt_vre,prm15_fix_wcost_re10_c2p1_co2_cut90p_tnt1
2030,Uruguay,0.0,curt_vre,prm15_fix_wcost_re10_c2p1_co2_cut90p_tnt1
2035,Argentina,0.05933927306988574,curt_vre,prm15_fix_wcost_re10_c2p1_co2_cut90p_tnt1
2035,Brazil,0.0,curt_vre,prm15_fix_wcost_re10_c2p1_co2_cut90p_tnt1
2035,Chile,0.0,curt_vre,prm15_fix_wcost_re10_c2p1_co2_cut90p_tnt1
2035,Paraguay,0.0,curt_vre,prm15_fix_wcost_re10_c2p1_co2_cut90p_tnt1
2035,Uruguay,0.04909559394499423,curt_vre,prm15_fix_wcost_re10_c2p1_co2_cut90p_tnt1
2040,Argentina,3.6460514942112403,curt_vre,prm15_fix_wcost_re10_c2p1_co2_cut90p_tnt1
2040,Brazil,0.0,curt_vre,prm15_fix_wcost_re10_c2p1_co2_cut90p_tnt1
2040,Chile,0.0,curt_vre,prm15_fix_wcost_re10_c2p1_co2_cut90p_tnt1
2040,Paraguay,0.0,curt_vre,prm15_fix_wcost_re10_c2p1_co2_cut90p_tnt1
2040,Uruguay,0.016615996149629154,curt_vre,prm15_fix_wcost_re10_c2p1_co2_cut90p_tnt1
2045,Argentina,16.203278674875797,curt_vre,prm15_fix_wcost_re10_c2p1_co2_cut90p_tnt1
2045,Brazil,0.6545485763138156,curt_vre,prm15_fix_wcost_re10_c2p1_co2_cut90p_tnt1
2045,Chile,4.477665648426026,curt_vre,prm15_fix_wcost_re10_c2p1_co2_cut90p_tnt1
2045,Paraguay,11.287999811625097,curt_vre,prm15_fix_wcost_re10_c2p1_co2_cut90p_tnt1
2045,Uruguay,0.1799477519745826,curt_vre,prm15_fix_wcost_re10_c2p1_co2_cut90p_tnt1
2050,Argentina,57.67272916149465,curt_vre,prm15_fix_wcost_re10_c2p1_co2_cut90p_tnt1
2050,Brazil,5.315388397380031,curt_vre,prm15_fix_wcost_re10_c2p1_co2_cut90p_tnt1
2050,Chile,21.911664893150846,curt_vre,prm15_fix_wcost_re10_c2p1_co2_cut90p_tnt1
2050,Paraguay,37.03280718387176,curt_vre,prm15_fix_wcost_re10_c2p1_co2_cut90p_tnt1
2050,Uruguay,0.7662884188009575,curt_vre,prm15_fix_wcost_re10_c2p1_co2_cut90p_tnt1
2020,Argentina,0.0,curt_vre,prm15_fix_wcost_re10_c2p1_tnt1
2020,Brazil,0.01943062900000001,curt_vre,prm15_fix_wcost_re10_c2p1_tnt1
2020,Chile,0.0,curt_vre,prm15_fix_wcost_re10_c2p1_tnt1
2020,Paraguay,0.0,curt_vre,prm15_fix_wcost_re10_c2p1_tnt1
2020,Uruguay,0.08933267200000002,curt_vre,prm15_fix_wcost_re10_c2p1_tnt1
2025,Argentina,0.0,curt_vre,prm15_fix_wcost_re10_c2p1_tnt1
2025,Brazil,0.0,curt_vre,prm15_fix_wcost_re10_c2p1_tnt1
2025,Chile,0.0,curt_vre,prm15_fix_wcost_re10_c2p1_tnt1
2025,Paraguay,0.0,curt_vre,prm15_fix_wcost_re10_c2p1_tnt1
2025,Uruguay,0.0,curt_vre,prm15_fix_wcost_re10_c2p1_tnt1
2030,Argentina,0.0,curt_vre,prm15_fix_wcost_re10_c2p1_tnt1
2030,Brazil,0.0,curt_vre,prm15_fix_wcost_re10_c2p1_tnt1
2030,Chile,0.0,curt_vre,prm15_fix_wcost_re10_c2p1_tnt1
2030,Paraguay,0.0,curt_vre,prm15_fix_wcost_re10_c2p1_tnt1
2030,Uruguay,0.0,curt_vre,prm15_fix_wcost_re10_c2p1_tnt1
2035,Argentina,0.0,curt_vre,prm15_fix_wcost_re10_c2p1_tnt1
2035,Brazil,0.0,curt_vre,prm15_fix_wcost_re10_c2p1_tnt1
2035,Chile,0.0,curt_vre,prm15_fix_wcost_re10_c2p1_tnt1
2035,Paraguay,0.0,curt_vre,prm15_fix_wcost_re10_c2p1_tnt1
2035,Uruguay,0.0,curt_vre,prm15_fix_wcost_re10_c2p1_tnt1
2040,Argentina,0.0,curt_vre,prm15_fix_wcost_re10_c2p1_tnt1
2040,Brazil,0.0,curt_vre,prm15_fix_wcost_re10_c2p1_tnt1
2040,Chile,0.0,curt_vre,prm15_fix_wcost_re10_c2p1_tnt1
2040,Paraguay,0.0,curt_vre,prm15_fix_wcost_re10_c2p1_tnt1
2040,Uruguay,0.0,curt_vre,prm15_fix_wcost_re10_c2p1_tnt1
2045,Argentina,0.0,curt_vre,prm15_fix_wcost_re10_c2p1_tnt1
2045,Brazil,0.0,curt_vre,prm15_fix_wcost_re10_c2p1_tnt1
2045,Chile,0.0,curt_vre,prm15_fix_wcost_re10_c2p1_tnt1
2045,Paraguay,1.4328858294505762,curt_vre,prm15_fix_wcost_re10_c2p1_tnt1
2045,Uruguay,0.23509289263736374,curt_vre,prm15_fix_wcost_re10_c2p1_tnt1
2050,Argentina,0.0,curt_vre,prm15_fix_wcost_re10_c2p1_tnt1
2050,Brazil,0.0,curt_vre,prm15_fix_wcost_re10_c2p1_tnt1
2050,Chile,0.0,curt_vre,prm15_fix_wcost_re10_c2p1_tnt1
2050,Paraguay,12.462596225002303,curt_vre,prm15_fix_wcost_re10_c2p1_tnt1
2050,Uruguay,0.2765571803458095,curt_vre,prm15_fix_wcost_re10_c2p1_tnt1
2020,Argentina,0.0,curt_vre,prm15_fix_wcost_re11_c2p1_co2_cut90p_tnt1
2020,Brazil,0.0,curt_vre,prm15_fix_wcost_re11_c2p1_co2_cut90p_tnt1
2020,Chile,0.0,curt_vre,prm15_fix_wcost_re11_c2p1_co2_cut90p_tnt1
2020,Paraguay,0.0,curt_vre,prm15_fix_wcost_re11_c2p1_co2_cut90p_tnt1
2020,Uruguay,0.11988872957798125,curt_vre,prm15_fix_wcost_re11_c2p1_co2_cut90p_tnt1
2025,Argentina,0.0,curt_vre,prm15_fix_wcost_re11_c2p1_co2_cut90p_tnt1
2025,Brazil,0.0,curt_vre,prm15_fix_wcost_re11_c2p1_co2_cut90p_tnt1
2025,Chile,0.0,curt_vre,prm15_fix_wcost_re11_c2p1_co2_cut90p_tnt1
2025,Paraguay,0.0,curt_vre,prm15_fix_wcost_re11_c2p1_co2_cut90p_tnt1
2025,Uruguay,0.033431668000000025,curt_vre,prm15_fix_wcost_re11_c2p1_co2_cut90p_tnt1
2030,Argentina,0.0,curt_vre,prm15_fix_wcost_re11_c2p1_co2_cut90p_tnt1
2030,Brazil,0.0,curt_vre,prm15_fix_wcost_re11_c2p1_co2_cut90p_tnt1
2030,Chile,0.0,curt_vre,prm15_fix_wcost_re11_c2p1_co2_cut90p_tnt1
2030,Paraguay,0.0,curt_vre,prm15_fix_wcost_re11_c2p1_co2_cut90p_tnt1
2030,Uruguay,0.0,curt_vre,prm15_fix_wcost_re11_c2p1_co2_cut90p_tnt1
2035,Argentina,3.094461622215333,curt_vre,prm15_fix_wcost_re11_c2p1_co2_cut90p_tnt1
2035,Brazil,0.0,curt_vre,prm15_fix_wcost_re11_c2p1_co2_cut90p_tnt1
2035,Chile,0.0,curt_vre,prm15_fix_wcost_re11_c2p1_co2_cut90p_tnt1
2035,Paraguay,0.0,curt_vre,prm15_fix_wcost_re11_c2p1_co2_cut90p_tnt1
2035,Uruguay,0.235039858013352,curt_vre,prm15_fix_wcost_re11_c2p1_co2_cut90p_tnt1
2040,Argentina,14.999556444226899,curt_vre,prm15_fix_wcost_re11_c2p1_co2_cut90p_tnt1
2040,Brazil,0.0,curt_vre,prm15_fix_wcost_re11_c2p1_co2_cut90p_tnt1
2040,Chile,0.0,curt_vre,prm15_fix_wcost_re11_c2p1_co2_cut90p_tnt1
2040,Paraguay,0.0,curt_vre,prm15_fix_wcost_re11_c2p1_co2_cut90p_tnt1
2040,Uruguay,0.48415974388684957,curt_vre,prm15_fix_wcost_re11_c2p1_co2_cut90p_tnt1
2045,Argentina,40.409399800003,curt_vre,prm15_fix_wcost_re11_c2p1_co2_cut90p_tnt1
2045,Brazil,0.0,curt_vre,prm15_fix_wcost_re11_c2p1_co2_cut90p_tnt1
2045,Chile,0.0,curt_vre,prm15_fix_wcost_re11_c2p1_co2_cut90p_tnt1
2045,Paraguay,27.61133831993099,curt_vre,prm15_fix_wcost_re11_c2p1_co2_cut90p_tnt1
2045,Uruguay,0.20443084178199353,curt_vre,prm15_fix_wcost_re11_c2p1_co2_cut90p_tnt1
2050,Argentina,122.96812078849511,curt_vre,prm15_fix_wcost_re11_c2p1_co2_cut90p_tnt1
2050,Brazil,3.4086935924869213,curt_vre,prm15_fix_wcost_re11_c2p1_co2_cut90p_tnt1
2050,Chile,0.06399769561588098,curt_vre,prm15_fix_wcost_re11_c2p1_co2_cut90p_tnt1
2050,Paraguay,40.06600963388784,curt_vre,prm15_fix_wcost_re11_c2p1_co2_cut90p_tnt1
2050,Uruguay,0.9044973053569537,curt_vre,prm15_fix_wcost_re11_c2p1_co2_cut90p_tnt1
2020,Argentina,0.0,curt_vre,prm15_fix_wcost_re11_c2p1_tnt1
2020,Brazil,0.018615753000000006,curt_vre,prm15_fix_wcost_re11_c2p1_tnt1
2020,Chile,0.0,curt_vre,prm15_fix_wcost_re11_c2p1_tnt1
2020,Paraguay,0.0,curt_vre,prm15_fix_wcost_re11_c2p1_tnt1
2020,Uruguay,0.07923207999999997,curt_vre,prm15_fix_wcost_re11_c2p1_tnt1
2025,Argentina,0.0,curt_vre,prm15_fix_wcost_re11_c2p1_tnt1
2025,Brazil,0.0,curt_vre,prm15_fix_wcost_re11_c2p1_tnt1
2025,Chile,0.0,curt_vre,prm15_fix_wcost_re11_c2p1_tnt1
2025,Paraguay,0.0,curt_vre,prm15_fix_wcost_re11_c2p1_tnt1
2025,Uruguay,0.027840774000000013,curt_vre,prm15_fix_wcost_re11_c2p1_tnt1
2030,Argentina,0.0,curt_vre,prm15_fix_wcost_re11_c2p1_tnt1
2030,Brazil,0.0,curt_vre,prm15_fix_wcost_re11_c2p1_tnt1
2030,Chile,0.0,curt_vre,prm15_fix_wcost_re11_c2p1_tnt1
2030,Paraguay,0.0,curt_vre,prm15_fix_wcost_re11_c2p1_tnt1
2030,Uruguay,0.0,curt_vre,prm15_fix_wcost_re11_c2p1_tnt1
2035,Argentina,0.0,curt_vre,prm15_fix_wcost_re11_c2p1_tnt1
2035,Brazil,0.0,curt_vre,prm15_fix_wcost_re11_c2p1_tnt1
2035,Chile,0.0,curt_vre,prm15_fix_wcost_re11_c2p1_tnt1
2035,Paraguay,0.0,curt_vre,prm15_fix_wcost_re11_c2p1_tnt1
2035,Uruguay,0.0,curt_vre,prm15_fix_wcost_re11_c2p1_tnt1
2040,Argentina,0.0,curt_vre,prm15_fix_wcost_re11_c2p1_tnt1
2040,Brazil,0.0,curt_vre,prm15_fix_wcost_re11_c2p1_tnt1
2040,Chile,0.0,curt_vre,prm15_fix_wcost_re11_c2p1_tnt1
2040,Paraguay,0.0,curt_vre,prm15_fix_wcost_re11_c2p1_tnt1
2040,Uruguay,0.055049914349814745,curt_vre,prm15_fix_wcost_re11_c2p1_tnt1
2045,Argentina,0.0,curt_vre,prm15_fix_wcost_re11_c2p1_tnt1
2045,Brazil,0.0,curt_vre,prm15_fix_wcost_re11_c2p1_tnt1
2045,Chile,0.0,curt_vre,prm15_fix_wcost_re11_c2p1_tnt1
2045,Paraguay,3.857594552861368,curt_vre,prm15_fix_wcost_re11_c2p1_tnt1
2045,Uruguay,0.41872492712447285,curt_vre,prm15_fix_wcost_re11_c2p1_tnt1
2050,Argentina,0.0,curt_vre,prm15_fix_wcost_re11_c2p1_tnt1
2050,Brazil,0.0,curt_vre,prm15_fix_wcost_re11_c2p1_tnt1
2050,Chile,0.0,curt_vre,prm15_fix_wcost_re11_c2p1_tnt1
2050,Paraguay,16.458182435368677,curt_vre,prm15_fix_wcost_re11_c2p1_tnt1
2050,Uruguay,0.400251129587347,curt_vre,prm15_fix_wcost_re11_c2p1_tnt1
2020,Argentina,0.0,curt_vre,prm15_fix_wcost_re12_c2p1_co2_cut90p_tnt1
2020,Brazil,0.018801627999999997,curt_vre,prm15_fix_wcost_re12_c2p1_co2_cut90p_tnt1
2020,Chile,0.0,curt_vre,prm15_fix_wcost_re12_c2p1_co2_cut90p_tnt1
2020,Paraguay,0.0,curt_vre,prm15_fix_wcost_re12_c2p1_co2_cut90p_tnt1
2020,Uruguay,0.10024397894399958,curt_vre,prm15_fix_wcost_re12_c2p1_co2_cut90p_tnt1
2025,Argentina,0.0,curt_vre,prm15_fix_wcost_re12_c2p1_co2_cut90p_tnt1
2025,Brazil,0.0,curt_vre,prm15_fix_wcost_re12_c2p1_co2_cut90p_tnt1
2025,Chile,0.0,curt_vre,prm15_fix_wcost_re12_c2p1_co2_cut90p_tnt1
2025,Paraguay,0.0,curt_vre,prm15_fix_wcost_re12_c2p1_co2_cut90p_tnt1
2025,Uruguay,0.009974025763761881,curt_vre,prm15_fix_wcost_re12_c2p1_co2_cut90p_tnt1
2030,Argentina,0.0,curt_vre,prm15_fix_wcost_re12_c2p1_co2_cut90p_tnt1
2030,Brazil,0.0,curt_vre,prm15_fix_wcost_re12_c2p1_co2_cut90p_tnt1
2030,Chile,0.0,curt_vre,prm15_fix_wcost_re12_c2p1_co2_cut90p_tnt1
2030,Paraguay,0.0,curt_vre,prm15_fix_wcost_re12_c2p1_co2_cut90p_tnt1
2030,Uruguay,0.0,curt_vre,prm15_fix_wcost_re12_c2p1_co2_cut90p_tnt1
2035,Argentina,4.332625289015287,curt_vre,prm15_fix_wcost_re12_c2p1_co2_cut90p_tnt1
2035,Brazil,0.0,curt_vre,prm15_fix_wcost_re12_c2p1_co2_cut90p_tnt1
2035,Chile,0.0,curt_vre,prm15_fix_wcost_re12_c2p1_co2_cut90p_tnt1
2035,Paraguay,0.0,curt_vre,prm15_fix_wcost_re12_c2p1_co2_cut90p_tnt1
2035,Uruguay,0.07527193820085688,curt_vre,prm15_fix_wcost_re12_c2p1_co2_cut90p_tnt1
2040,Argentina,11.726477138049761,curt_vre,prm15_fix_wcost_re12_c2p1_co2_cut90p_tnt1
2040,Brazil,0.0,curt_vre,prm15_fix_wcost_re12_c2p1_co2_cut90p_tnt1
2040,Chile,0.0,curt_vre,prm15_fix_wcost_re12_c2p1_co2_cut90p_tnt1
2040,Paraguay,0.0,curt_vre,prm15_fix_wcost_re12_c2p1_co2_cut90p_tnt1
2040,Uruguay,0.4693651606558435,curt_vre,prm15_fix_wcost_re12_c2p1_co2_cut90p_tnt1
2045,Argentina,37.218704463998904,curt_vre,prm15_fix_wcost_re12_c2p1_co2_cut90p_tnt1
2045,Brazil,0.22016899094167122,curt_vre,prm15_fix_wcost_re12_c2p1_co2_cut90p_tnt1
2045,Chile,0.0,curt_vre,prm15_fix_wcost_re12_c2p1_co2_cut90p_tnt1
2045,Paraguay,32.19012422550475,curt_vre,prm15_fix_wcost_re12_c2p1_co2_cut90p_tnt1
2045,Uruguay,0.21214787146680805,curt_vre,prm15_fix_wcost_re12_c2p1_co2_cut90p_tnt1
2050,Argentina,154.56826055383837,curt_vre,prm15_fix_wcost_re12_c2p1_co2_cut90p_tnt1
2050,Brazil,5.048089416832992,curt_vre,prm15_fix_wcost_re12_c2p1_co2_cut90p_tnt1
2050,Chile,0.3315121014360329,curt_vre,prm15_fix_wcost_re12_c2p1_co2_cut90p_tnt1
2050,Paraguay,43.21056516257243,curt_vre,prm15_fix_wcost_re12_c2p1_co2_cut90p_tnt1
2050,Uruguay,1.1626534327183244,curt_vre,prm15_fix_wcost_re12_c2p1_co2_cut90p_tnt1
2020,Argentina,0.0,curt_vre,prm15_fix_wcost_re12_c2p1_tnt1
2020,Brazil,0.0,curt_vre,prm15_fix_wcost_re12_c2p1_tnt1
2020,Chile,0.0,curt_vre,prm15_fix_wcost_re12_c2p1_tnt1
2020,Paraguay,0.0,curt_vre,prm15_fix_wcost_re12_c2p1_tnt1
2020,Uruguay,0.07127901799999985,curt_vre,prm15_fix_wcost_re12_c2p1_tnt1
2025,Argentina,0.0,curt_vre,prm15_fix_wcost_re12_c2p1_tnt1
2025,Brazil,0.0,curt_vre,prm15_fix_wcost_re12_c2p1_tnt1
2025,Chile,0.0,curt_vre,prm15_fix_wcost_re12_c2p1_tnt1
2025,Paraguay,0.0,curt_vre,prm15_fix_wcost_re12_c2p1_tnt1
2025,Uruguay,0.0,curt_vre,prm15_fix_wcost_re12_c2p1_tnt1
2030,Argentina,0.0,curt_vre,prm15_fix_wcost_re12_c2p1_tnt1
2030,Brazil,0.0,curt_vre,prm15_fix_wcost_re12_c2p1_tnt1
2030,Chile,0.0,curt_vre,prm15_fix_wcost_re12_c2p1_tnt1
2030,Paraguay,0.0,curt_vre,prm15_fix_wcost_re12_c2p1_tnt1
2030,Uruguay,0.0,curt_vre,prm15_fix_wcost_re12_c2p1_tnt1
2035,Argentina,0.0,curt_vre,prm15_fix_wcost_re12_c2p1_tnt1
2035,Brazil,0.0,curt_vre,prm15_fix_wcost_re12_c2p1_tnt1
2035,Chile,0.0,curt_vre,prm15_fix_wcost_re12_c2p1_tnt1
2035,Paraguay,0.0,curt_vre,prm15_fix_wcost_re12_c2p1_tnt1
2035,Uruguay,0.0,curt_vre,prm15_fix_wcost_re12_c2p1_tnt1
2040,Argentina,0.0,curt_vre,prm15_fix_wcost_re12_c2p1_tnt1
2040,Brazil,0.0,curt_vre,prm15_fix_wcost_re12_c2p1_tnt1
2040,Chile,0.0,curt_vre,prm15_fix_wcost_re12_c2p1_tnt1
2040,Paraguay,0.0,curt_vre,prm15_fix_wcost_re12_c2p1_tnt1
2040,Uruguay,0.0,curt_vre,prm15_fix_wcost_re12_c2p1_tnt1
2045,Argentina,0.0,curt_vre,prm15_fix_wcost_re12_c2p1_tnt1
2045,Brazil,0.0,curt_vre,prm15_fix_wcost_re12_c2p1_tnt1
2045,Chile,0.0,curt_vre,prm15_fix_wcost_re12_c2p1_tnt1
2045,Paraguay,0.8008245693620598,curt_vre,prm15_fix_wcost_re12_c2p1_tnt1
2045,Uruguay,0.0,curt_vre,prm15_fix_wcost_re12_c2p1_tnt1
2050,Argentina,0.0,curt_vre,prm15_fix_wcost_re12_c2p1_tnt1
2050,Brazil,0.0,curt_vre,prm15_fix_wcost_re12_c2p1_tnt1
2050,Chile,0.0,curt_vre,prm15_fix_wcost_re12_c2p1_tnt1
2050,Paraguay,8.388156512730365,curt_vre,prm15_fix_wcost_re12_c2p1_tnt1
2050,Uruguay,0.0,curt_vre,prm15_fix_wcost_re12_c2p1_tnt1
2020,Argentina,0.0,curt_vre,prm15_fix_wcost_re13_c2p1_co2_cut90p_tnt1
2020,Brazil,0.343338005,curt_vre,prm15_fix_wcost_re13_c2p1_co2_cut90p_tnt1
2020,Chile,0.0,curt_vre,prm15_fix_wcost_re13_c2p1_co2_cut90p_tnt1
2020,Paraguay,0.0,curt_vre,prm15_fix_wcost_re13_c2p1_co2_cut90p_tnt1
2020,Uruguay,0.267657652,curt_vre,prm15_fix_wcost_re13_c2p1_co2_cut90p_tnt1
2025,Argentina,0.0,curt_vre,prm15_fix_wcost_re13_c2p1_co2_cut90p_tnt1
2025,Brazil,1.3902412104286297,curt_vre,prm15_fix_wcost_re13_c2p1_co2_cut90p_tnt1
2025,Chile,0.0,curt_vre,prm15_fix_wcost_re13_c2p1_co2_cut90p_tnt1
2025,Paraguay,0.0,curt_vre,prm15_fix_wcost_re13_c2p1_co2_cut90p_tnt1
2025,Uruguay,0.0887571439280263,curt_vre,prm15_fix_wcost_re13_c2p1_co2_cut90p_tnt1
2030,Argentina,0.0,curt_vre,prm15_fix_wcost_re13_c2p1_co2_cut90p_tnt1
2030,Brazil,2.3092182847581024,curt_vre,prm15_fix_wcost_re13_c2p1_co2_cut90p_tnt1
2030,Chile,0.0,curt_vre,prm15_fix_wcost_re13_c2p1_co2_cut90p_tnt1
2030,Paraguay,0.0,curt_vre,prm15_fix_wcost_re13_c2p1_co2_cut90p_tnt1
2030,Uruguay,0.04222779953268388,curt_vre,prm15_fix_wcost_re13_c2p1_co2_cut90p_tnt1
2035,Argentina,12.649718864876228,curt_vre,prm15_fix_wcost_re13_c2p1_co2_cut90p_tnt1
2035,Brazil,8.48508398617295,curt_vre,prm15_fix_wcost_re13_c2p1_co2_cut90p_tnt1
2035,Chile,0.06557436353957642,curt_vre,prm15_fix_wcost_re13_c2p1_co2_cut90p_tnt1
2035,Paraguay,0.0,curt_vre,prm15_fix_wcost_re13_c2p1_co2_cut90p_tnt1
2035,Uruguay,0.0909805828673378,curt_vre,prm15_fix_wcost_re13_c2p1_co2_cut90p_tnt1
2040,Argentina,31.467172253103207,curt_vre,prm15_fix_wcost_re13_c2p1_co2_cut90p_tnt1
2040,Brazil,11.330624986310317,curt_vre,prm15_fix_wcost_re13_c2p1_co2_cut90p_tnt1
2040,Chile,0.5573844018498092,curt_vre,prm15_fix_wcost_re13_c2p1_co2_cut90p_tnt1
2040,Paraguay,3.3296288953379345,curt_vre,prm15_fix_wcost_re13_c2p1_co2_cut90p_tnt1
2040,Uruguay,0.8443629109427335,curt_vre,prm15_fix_wcost_re13_c2p1_co2_cut90p_tnt1
2045,Argentina,75.64474636388015,curt_vre,prm15_fix_wcost_re13_c2p1_co2_cut90p_tnt1
2045,Brazil,15.090443075078667,curt_vre,prm15_fix_wcost_re13_c2p1_co2_cut90p_tnt1
2045,Chile,5.036131815172584,curt_vre,prm15_fix_wcost_re13_c2p1_co2_cut90p_tnt1
2045,Paraguay,37.965573992216264,curt_vre,prm15_fix_wcost_re13_c2p1_co2_cut90p_tnt1
2045,Uruguay,1.371452418356476,curt_vre,prm15_fix_wcost_re13_c2p1_co2_cut90p_tnt1
2050,Argentina,158.59230411620865,curt_vre,prm15_fix_wcost_re13_c2p1_co2_cut90p_tnt1
2050,Brazil,30.054947807788988,curt_vre,prm15_fix_wcost_re13_c2p1_co2_cut90p_tnt1
2050,Chile,5.462923478716711,curt_vre,prm15_fix_wcost_re13_c2p1_co2_cut90p_tnt1
2050,Paraguay,34.64483935945703,curt_vre,prm15_fix_wcost_re13_c2p1_co2_cut90p_tnt1
2050,Uruguay,2.358338636170215,curt_vre,prm15_fix_wcost_re13_c2p1_co2_cut90p_tnt1
2020,Argentina,0.0,curt_vre,prm15_fix_wcost_re13_c2p1_tnt1
2020,Brazil,0.018615753000000006,curt_vre,prm15_fix_wcost_re13_c2p1_tnt1
2020,Chile,0.0,curt_vre,prm15_fix_wcost_re13_c2p1_tnt1
2020,Paraguay,0.0,curt_vre,prm15_fix_wcost_re13_c2p1_tnt1
2020,Uruguay,0.051257344,curt_vre,prm15_fix_wcost_re13_c2p1_tnt1
2025,Argentina,0.0,curt_vre,prm15_fix_wcost_re13_c2p1_tnt1
2025,Brazil,0.0,curt_vre,prm15_fix_wcost_re13_c2p1_tnt1
2025,Chile,0.0,curt_vre,prm15_fix_wcost_re13_c2p1_tnt1
2025,Paraguay,0.0,curt_vre,prm15_fix_wcost_re13_c2p1_tnt1
2025,Uruguay,0.0,curt_vre,prm15_fix_wcost_re13_c2p1_tnt1
2030,Argentina,0.0,curt_vre,prm15_fix_wcost_re13_c2p1_tnt1
2030,Brazil,0.0,curt_vre,prm15_fix_wcost_re13_c2p1_tnt1
2030,Chile,0.0,curt_vre,prm15_fix_wcost_re13_c2p1_tnt1
2030,Paraguay,0.0,curt_vre,prm15_fix_wcost_re13_c2p1_tnt1
2030,Uruguay,0.0,curt_vre,prm15_fix_wcost_re13_c2p1_tnt1
2035,Argentina,0.0,curt_vre,prm15_fix_wcost_re13_c2p1_tnt1
2035,Brazil,0.0,curt_vre,prm15_fix_wcost_re13_c2p1_tnt1
2035,Chile,0.0,curt_vre,prm15_fix_wcost_re13_c2p1_tnt1
2035,Paraguay,0.0,curt_vre,prm15_fix_wcost_re13_c2p1_tnt1
2035,Uruguay,0.0,curt_vre,prm15_fix_wcost_re13_c2p1_tnt1
2040,Argentina,0.0,curt_vre,prm15_fix_wcost_re13_c2p1_tnt1
2040,Brazil,0.0,curt_vre,prm15_fix_wcost_re13_c2p1_tnt1
2040,Chile,0.0,curt_vre,prm15_fix_wcost_re13_c2p1_tnt1
2040,Paraguay,0.0,curt_vre,prm15_fix_wcost_re13_c2p1_tnt1
2040,Uruguay,0.0,curt_vre,prm15_fix_wcost_re13_c2p1_tnt1
2045,Argentina,0.0,curt_vre,prm15_fix_wcost_re13_c2p1_tnt1
2045,Brazil,0.0,curt_vre,prm15_fix_wcost_re13_c2p1_tnt1
2045,Chile,0.0,curt_vre,prm15_fix_wcost_re13_c2p1_tnt1
2045,Paraguay,0.9688090292150023,curt_vre,prm15_fix_wcost_re13_c2p1_tnt1
2045,Uruguay,0.0,curt_vre,prm15_fix_wcost_re13_c2p1_tnt1
2050,Argentina,0.0,curt_vre,prm15_fix_wcost_re13_c2p1_tnt1
2050,Brazil,0.0,curt_vre,prm15_fix_wcost_re13_c2p1_tnt1
2050,Chile,0.0,curt_vre,prm15_fix_wcost_re13_c2p1_tnt1
2050,Paraguay,7.347692234183569,curt_vre,prm15_fix_wcost_re13_c2p1_tnt1
2050,Uruguay,0.0,curt_vre,prm15_fix_wcost_re13_c2p1_tnt1
2020,Argentina,0.0,curt_vre,prm15_fix_wcost_re14_c2p1_co2_cut90p_tnt1
2020,Brazil,0.018801627999999997,curt_vre,prm15_fix_wcost_re14_c2p1_co2_cut90p_tnt1
2020,Chile,0.0,curt_vre,prm15_fix_wcost_re14_c2p1_co2_cut90p_tnt1
2020,Paraguay,0.0,curt_vre,prm15_fix_wcost_re14_c2p1_co2_cut90p_tnt1
2020,Uruguay,0.09371683600000003,curt_vre,prm15_fix_wcost_re14_c2p1_co2_cut90p_tnt1
2025,Argentina,0.0,curt_vre,prm15_fix_wcost_re14_c2p1_co2_cut90p_tnt1
2025,Brazil,0.0,curt_vre,prm15_fix_wcost_re14_c2p1_co2_cut90p_tnt1
2025,Chile,0.0,curt_vre,prm15_fix_wcost_re14_c2p1_co2_cut90p_tnt1
2025,Paraguay,0.0,curt_vre,prm15_fix_wcost_re14_c2p1_co2_cut90p_tnt1
2025,Uruguay,0.018729694,curt_vre,prm15_fix_wcost_re14_c2p1_co2_cut90p_tnt1
2030,Argentina,0.0,curt_vre,prm15_fix_wcost_re14_c2p1_co2_cut90p_tnt1
2030,Brazil,0.0,curt_vre,prm15_fix_wcost_re14_c2p1_co2_cut90p_tnt1
2030,Chile,0.0,curt_vre,prm15_fix_wcost_re14_c2p1_co2_cut90p_tnt1
2030,Paraguay,0.0,curt_vre,prm15_fix_wcost_re14_c2p1_co2_cut90p_tnt1
2030,Uruguay,0.0,curt_vre,prm15_fix_wcost_re14_c2p1_co2_cut90p_tnt1
2035,Argentina,4.449440859812386,curt_vre,prm15_fix_wcost_re14_c2p1_co2_cut90p_tnt1
2035,Brazil,0.0,curt_vre,prm15_fix_wcost_re14_c2p1_co2_cut90p_tnt1
2035,Chile,0.0,curt_vre,prm15_fix_wcost_re14_c2p1_co2_cut90p_tnt1
2035,Paraguay,0.0,curt_vre,prm15_fix_wcost_re14_c2p1_co2_cut90p_tnt1
2035,Uruguay,0.009520572282616524,curt_vre,prm15_fix_wcost_re14_c2p1_co2_cut90p_tnt1
2040,Argentina,11.454759685172464,curt_vre,prm15_fix_wcost_re14_c2p1_co2_cut90p_tnt1
2040,Brazil,0.0,curt_vre,prm15_fix_wcost_re14_c2p1_co2_cut90p_tnt1
2040,Chile,0.0,curt_vre,prm15_fix_wcost_re14_c2p1_co2_cut90p_tnt1
2040,Paraguay,0.0,curt_vre,prm15_fix_wcost_re14_c2p1_co2_cut90p_tnt1
2040,Uruguay,0.4388271247596295,curt_vre,prm15_fix_wcost_re14_c2p1_co2_cut90p_tnt1
2045,Argentina,38.41609065040084,curt_vre,prm15_fix_wcost_re14_c2p1_co2_cut90p_tnt1
2045,Brazil,0.15650128775151875,curt_vre,prm15_fix_wcost_re14_c2p1_co2_cut90p_tnt1
2045,Chile,0.10413863391334001,curt_vre,prm15_fix_wcost_re14_c2p1_co2_cut90p_tnt1
2045,Paraguay,33.90341119842946,curt_vre,prm15_fix_wcost_re14_c2p1_co2_cut90p_tnt1
2045,Uruguay,0.24138592626273322,curt_vre,prm15_fix_wcost_re14_c2p1_co2_cut90p_tnt1
2050,Argentina,159.5806240915067,curt_vre,prm15_fix_wcost_re14_c2p1_co2_cut90p_tnt1
2050,Brazil,4.94503137177088,curt_vre,prm15_fix_wcost_re14_c2p1_co2_cut90p_tnt1
2050,Chile,1.072875275618248,curt_vre,prm15_fix_wcost_re14_c2p1_co2_cut90p_tnt1
2050,Paraguay,43.06616347251235,curt_vre,prm15_fix_wcost_re14_c2p1_co2_cut90p_tnt1
2050,Uruguay,1.1322738971247133,curt_vre,prm15_fix_wcost_re14_c2p1_co2_cut90p_tnt1
2020,Argentina,0.0,curt_vre,prm15_fix_wcost_re14_c2p1_tnt1
2020,Brazil,0.0,curt_vre,prm15_fix_wcost_re14_c2p1_tnt1
2020,Chile,0.0,curt_vre,prm15_fix_wcost_re14_c2p1_tnt1
2020,Paraguay,0.0,curt_vre,prm15_fix_wcost_re14_c2p1_tnt1
2020,Uruguay,0.04418141399999985,curt_vre,prm15_fix_wcost_re14_c2p1_tnt1
2025,Argentina,0.0,curt_vre,prm15_fix_wcost_re14_c2p1_tnt1
2025,Brazil,0.0,curt_vre,prm15_fix_wcost_re14_c2p1_tnt1
2025,Chile,0.0,curt_vre,prm15_fix_wcost_re14_c2p1_tnt1
2025,Paraguay,0.0,curt_vre,prm15_fix_wcost_re14_c2p1_tnt1
2025,Uruguay,0.0,curt_vre,prm15_fix_wcost_re14_c2p1_tnt1
2030,Argentina,0.0,curt_vre,prm15_fix_wcost_re14_c2p1_tnt1
2030,Brazil,0.0,curt_vre,prm15_fix_wcost_re14_c2p1_tnt1
2030,Chile,0.0,curt_vre,prm15_fix_wcost_re14_c2p1_tnt1
2030,Paraguay,0.0,curt_vre,prm15_fix_wcost_re14_c2p1_tnt1
2030,Uruguay,0.0,curt_vre,prm15_fix_wcost_re14_c2p1_tnt1
2035,Argentina,0.0,curt_vre,prm15_fix_wcost_re14_c2p1_tnt1
2035,Brazil,0.0,curt_vre,prm15_fix_wcost_re14_c2p1_tnt1
2035,Chile,0.0,curt_vre,prm15_fix_wcost_re14_c2p1_tnt1
2035,Paraguay,0.0,curt_vre,prm15_fix_wcost_re14_c2p1_tnt1
2035,Uruguay,0.0,curt_vre,prm15_fix_wcost_re14_c2p1_tnt1
2040,Argentina,0.0,curt_vre,prm15_fix_wcost_re14_c2p1_tnt1
2040,Brazil,0.0,curt_vre,prm15_fix_wcost_re14_c2p1_tnt1
2040,Chile,0.0,curt_vre,prm15_fix_wcost_re14_c2p1_tnt1
2040,Paraguay,0.0,curt_vre,prm15_fix_wcost_re14_c2p1_tnt1
2040,Uruguay,0.0,curt_vre,prm15_fix_wcost_re14_c2p1_tnt1
2045,Argentina,0.0,curt_vre,prm15_fix_wcost_re14_c2p1_tnt1
2045,Brazil,0.0,curt_vre,prm15_fix_wcost_re14_c2p1_tnt1
2045,Chile,0.0,curt_vre,prm15_fix_wcost_re14_c2p1_tnt1
2045,Paraguay,0.42101586952611,curt_vre,prm15_fix_wcost_re14_c2p1_tnt1
2045,Uruguay,0.0,curt_vre,prm15_fix_wcost_re14_c2p1_tnt1
2050,Argentina,0.0,curt_vre,prm15_fix_wcost_re14_c2p1_tnt1
2050,Brazil,0.0,curt_vre,prm15_fix_wcost_re14_c2p1_tnt1
2050,Chile,0.0,curt_vre,prm15_fix_wcost_re14_c2p1_tnt1
2050,Paraguay,7.003308272958116,curt_vre,prm15_fix_wcost_re14_c2p1_tnt1
2050,Uruguay,0.0,curt_vre,prm15_fix_wcost_re14_c2p1_tnt1
2020,Argentina,0.0,curt_vre,prm15_fix_wcost_re15_c2p1_co2_cut90p_tnt1
2020,Brazil,0.7495519389999997,curt_vre,prm15_fix_wcost_re15_c2p1_co2_cut90p_tnt1
2020,Chile,0.0,curt_vre,prm15_fix_wcost_re15_c2p1_co2_cut90p_tnt1
2020,Paraguay,0.0,curt_vre,prm15_fix_wcost_re15_c2p1_co2_cut90p_tnt1
2020,Uruguay,0.10732096400000002,curt_vre,prm15_fix_wcost_re15_c2p1_co2_cut90p_tnt1
2025,Argentina,0.0,curt_vre,prm15_fix_wcost_re15_c2p1_co2_cut90p_tnt1
2025,Brazil,3.1057730739999996,curt_vre,prm15_fix_wcost_re15_c2p1_co2_cut90p_tnt1
2025,Chile,0.0,curt_vre,prm15_fix_wcost_re15_c2p1_co2_cut90p_tnt1
2025,Paraguay,0.0,curt_vre,prm15_fix_wcost_re15_c2p1_co2_cut90p_tnt1
2025,Uruguay,0.089364281412862,curt_vre,prm15_fix_wcost_re15_c2p1_co2_cut90p_tnt1
2030,Argentina,0.0,curt_vre,prm15_fix_wcost_re15_c2p1_co2_cut90p_tnt1
2030,Brazil,2.6785182730476054,curt_vre,prm15_fix_wcost_re15_c2p1_co2_cut90p_tnt1
2030,Chile,0.0,curt_vre,prm15_fix_wcost_re15_c2p1_co2_cut90p_tnt1
2030,Paraguay,0.0,curt_vre,prm15_fix_wcost_re15_c2p1_co2_cut90p_tnt1
2030,Uruguay,0.06571117800000001,curt_vre,prm15_fix_wcost_re15_c2p1_co2_cut90p_tnt1
2035,Argentina,10.28386982711951,curt_vre,prm15_fix_wcost_re15_c2p1_co2_cut90p_tnt1
2035,Brazil,9.363829279788776,curt_vre,prm15_fix_wcost_re15_c2p1_co2_cut90p_tnt1
2035,Chile,0.0,curt_vre,prm15_fix_wcost_re15_c2p1_co2_cut90p_tnt1
2035,Paraguay,0.0,curt_vre,prm15_fix_wcost_re15_c2p1_co2_cut90p_tnt1
2035,Uruguay,0.20376349932622373,curt_vre,prm15_fix_wcost_re15_c2p1_co2_cut90p_tnt1
2040,Argentina,30.89329396538438,curt_vre,prm15_fix_wcost_re15_c2p1_co2_cut90p_tnt1
2040,Brazil,9.427088728456832,curt_vre,prm15_fix_wcost_re15_c2p1_co2_cut90p_tnt1
2040,Chile,0.0,curt_vre,prm15_fix_wcost_re15_c2p1_co2_cut90p_tnt1
2040,Paraguay,0.0,curt_vre,prm15_fix_wcost_re15_c2p1_co2_cut90p_tnt1
2040,Uruguay,1.1216366818564438,curt_vre,prm15_fix_wcost_re15_c2p1_co2_cut90p_tnt1
2045,Argentina,59.62164458000013,curt_vre,prm15_fix_wcost_re15_c2p1_co2_cut90p_tnt1
2045,Brazil,22.74998185643592,curt_vre,prm15_fix_wcost_re15_c2p1_co2_cut90p_tnt1
2045,Chile,0.0,curt_vre,prm15_fix_wcost_re15_c2p1_co2_cut90p_tnt1
2045,Paraguay,32.51769649466031,curt_vre,prm15_fix_wcost_re15_c2p1_co2_cut90p_tnt1
2045,Uruguay,1.7995184863227873,curt_vre,prm15_fix_wcost_re15_c2p1_co2_cut90p_tnt1
2050,Argentina,186.9256901000132,curt_vre,prm15_fix_wcost_re15_c2p1_co2_cut90p_tnt1
2050,Brazil,26.271825989962366,curt_vre,prm15_fix_wcost_re15_c2p1_co2_cut90p_tnt1
2050,Chile,0.0045795322811172726,curt_vre,prm15_fix_wcost_re15_c2p1_co2_cut90p_tnt1
2050,Paraguay,6.3792955445514625,curt_vre,prm15_fix_wcost_re15_c2p1_co2_cut90p_tnt1
2050,Uruguay,3.464779774042914,curt_vre,prm15_fix_wcost_re15_c2p1_co2_cut90p_tnt1
2020,Argentina,0.0,curt_vre,prm15_fix_wcost_re15_c2p1_tnt1
2020,Brazil,0.0,curt_vre,prm15_fix_wcost_re15_c2p1_tnt1
2020,Chile,0.0,curt_vre,prm15_fix_wcost_re15_c2p1_tnt1
2020,Paraguay,0.0,curt_vre,prm15_fix_wcost_re15_c2p1_tnt1
2020,Uruguay,0.029943391999999777,curt_vre,prm15_fix_wcost_re15_c2p1_tnt1
2025,Argentina,0.0,curt_vre,prm15_fix_wcost_re15_c2p1_tnt1
2025,Brazil,0.0,curt_vre,prm15_fix_wcost_re15_c2p1_tnt1
2025,Chile,0.0,curt_vre,prm15_fix_wcost_re15_c2p1_tnt1
2025,Paraguay,0.0,curt_vre,prm15_fix_wcost_re15_c2p1_tnt1
2025,Uruguay,0.0,curt_vre,prm15_fix_wcost_re15_c2p1_tnt1
2030,Argentina,0.0,curt_vre,prm15_fix_wcost_re15_c2p1_tnt1
2030,Brazil,0.0,curt_vre,prm15_fix_wcost_re15_c2p1_tnt1
2030,Chile,0.0,curt_vre,prm15_fix_wcost_re15_c2p1_tnt1
2030,Paraguay,0.0,curt_vre,prm15_fix_wcost_re15_c2p1_tnt1
2030,Uruguay,0.0,curt_vre,prm15_fix_wcost_re15_c2p1_tnt1
2035,Argentina,0.0,curt_vre,prm15_fix_wcost_re15_c2p1_tnt1
2035,Brazil,0.0,curt_vre,prm15_fix_wcost_re15_c2p1_tnt1
2035,Chile,0.0,curt_vre,prm15_fix_wcost_re15_c2p1_tnt1
2035,Paraguay,0.0,curt_vre,prm15_fix_wcost_re15_c2p1_tnt1
2035,Uruguay,0.0,curt_vre,prm15_fix_wcost_re15_c2p1_tnt1
2040,Argentina,0.0,curt_vre,prm15_fix_wcost_re15_c2p1_tnt1
2040,Brazil,0.0,curt_vre,prm15_fix_wcost_re15_c2p1_tnt1
2040,Chile,0.0,curt_vre,prm15_fix_wcost_re15_c2p1_tnt1
2040,Paraguay,0.0,curt_vre,prm15_fix_wcost_re15_c2p1_tnt1
2040,Uruguay,0.0,curt_vre,prm15_fix_wcost_re15_c2p1_tnt1
2045,Argentina,0.0,curt_vre,prm15_fix_wcost_re15_c2p1_tnt1
2045,Brazil,0.0,curt_vre,prm15_fix_wcost_re15_c2p1_tnt1
2045,Chile,0.0,curt_vre,prm15_fix_wcost_re15_c2p1_tnt1
2045,Paraguay,0.7543531355903704,curt_vre,prm15_fix_wcost_re15_c2p1_tnt1
2045,Uruguay,0.0,curt_vre,prm15_fix_wcost_re15_c2p1_tnt1
2050,Argentina,0.0,curt_vre,prm15_fix_wcost_re15_c2p1_tnt1
2050,Brazil,0.0,curt_vre,prm15_fix_wcost_re15_c2p1_tnt1
2050,Chile,0.0,curt_vre,prm15_fix_wcost_re15_c2p1_tnt1
2050,Paraguay,7.85510337615144,curt_vre,prm15_fix_wcost_re15_c2p1_tnt1
2050,Uruguay,0.10224042405156074,curt_vre,prm15_fix_wcost_re15_c2p1_tnt1
2020,Argentina,0.0,curt_vre,prm15_fix_wcost_re16_c2p1_co2_cut90p_tnt1
2020,Brazil,0.018801627999999997,curt_vre,prm15_fix_wcost_re16_c2p1_co2_cut90p_tnt1
2020,Chile,0.0,curt_vre,prm15_fix_wcost_re16_c2p1_co2_cut90p_tnt1
2020,Paraguay,0.0,curt_vre,prm15_fix_wcost_re16_c2p1_co2_cut90p_tnt1
2020,Uruguay,0.08890589599999987,curt_vre,prm15_fix_wcost_re16_c2p1_co2_cut90p_tnt1
2025,Argentina,0.0,curt_vre,prm15_fix_wcost_re16_c2p1_co2_cut90p_tnt1
2025,Brazil,0.0,curt_vre,prm15_fix_wcost_re16_c2p1_co2_cut90p_tnt1
2025,Chile,0.0,curt_vre,prm15_fix_wcost_re16_c2p1_co2_cut90p_tnt1
2025,Paraguay,0.0,curt_vre,prm15_fix_wcost_re16_c2p1_co2_cut90p_tnt1
2025,Uruguay,0.0033958060000000272,curt_vre,prm15_fix_wcost_re16_c2p1_co2_cut90p_tnt1
2030,Argentina,0.0,curt_vre,prm15_fix_wcost_re16_c2p1_co2_cut90p_tnt1
2030,Brazil,0.0,curt_vre,prm15_fix_wcost_re16_c2p1_co2_cut90p_tnt1
2030,Chile,0.0,curt_vre,prm15_fix_wcost_re16_c2p1_co2_cut90p_tnt1
2030,Paraguay,0.0,curt_vre,prm15_fix_wcost_re16_c2p1_co2_cut90p_tnt1
2030,Uruguay,0.0,curt_vre,prm15_fix_wcost_re16_c2p1_co2_cut90p_tnt1
2035,Argentina,3.7318708763719766,curt_vre,prm15_fix_wcost_re16_c2p1_co2_cut90p_tnt1
2035,Brazil,0.0,curt_vre,prm15_fix_wcost_re16_c2p1_co2_cut90p_tnt1
2035,Chile,0.0,curt_vre,prm15_fix_wcost_re16_c2p1_co2_cut90p_tnt1
2035,Paraguay,0.0,curt_vre,prm15_fix_wcost_re16_c2p1_co2_cut90p_tnt1
2035,Uruguay,0.1923559900200534,curt_vre,prm15_fix_wcost_re16_c2p1_co2_cut90p_tnt1
2040,Argentina,14.424158126106077,curt_vre,prm15_fix_wcost_re16_c2p1_co2_cut90p_tnt1
2040,Brazil,0.0,curt_vre,prm15_fix_wcost_re16_c2p1_co2_cut90p_tnt1
2040,Chile,0.0,curt_vre,prm15_fix_wcost_re16_c2p1_co2_cut90p_tnt1
2040,Paraguay,0.0,curt_vre,prm15_fix_wcost_re16_c2p1_co2_cut90p_tnt1
2040,Uruguay,0.5130925392824182,curt_vre,prm15_fix_wcost_re16_c2p1_co2_cut90p_tnt1
2045,Argentina,38.478039447245045,curt_vre,prm15_fix_wcost_re16_c2p1_co2_cut90p_tnt1
2045,Brazil,0.0,curt_vre,prm15_fix_wcost_re16_c2p1_co2_cut90p_tnt1
2045,Chile,0.0,curt_vre,prm15_fix_wcost_re16_c2p1_co2_cut90p_tnt1
2045,Paraguay,27.92367777265092,curt_vre,prm15_fix_wcost_re16_c2p1_co2_cut90p_tnt1
2045,Uruguay,0.22895438176729485,curt_vre,prm15_fix_wcost_re16_c2p1_co2_cut90p_tnt1
2050,Argentina,127.78413855106885,curt_vre,prm15_fix_wcost_re16_c2p1_co2_cut90p_tnt1
2050,Brazil,4.834638847132089,curt_vre,prm15_fix_wcost_re16_c2p1_co2_cut90p_tnt1
2050,Chile,0.09079543093101541,curt_vre,prm15_fix_wcost_re16_c2p1_co2_cut90p_tnt1
2050,Paraguay,40.524538950166715,curt_vre,prm15_fix_wcost_re16_c2p1_co2_cut90p_tnt1
2050,Uruguay,1.094870273586832,curt_vre,prm15_fix_wcost_re16_c2p1_co2_cut90p_tnt1
2020,Argentina,0.0,curt_vre,prm15_fix_wcost_re16_c2p1_tnt1
2020,Brazil,0.018568962999999918,curt_vre,prm15_fix_wcost_re16_c2p1_tnt1
2020,Chile,0.0,curt_vre,prm15_fix_wcost_re16_c2p1_tnt1
2020,Paraguay,0.0,curt_vre,prm15_fix_wcost_re16_c2p1_tnt1
2020,Uruguay,0.025241993999999837,curt_vre,prm15_fix_wcost_re16_c2p1_tnt1
2025,Argentina,0.0,curt_vre,prm15_fix_wcost_re16_c2p1_tnt1
2025,Brazil,0.0,curt_vre,prm15_fix_wcost_re16_c2p1_tnt1
2025,Chile,0.0,curt_vre,prm15_fix_wcost_re16_c2p1_tnt1
2025,Paraguay,0.0,curt_vre,prm15_fix_wcost_re16_c2p1_tnt1
2025,Uruguay,0.018729694,curt_vre,prm15_fix_wcost_re16_c2p1_tnt1
2030,Argentina,0.0,curt_vre,prm15_fix_wcost_re16_c2p1_tnt1
2030,Brazil,0.0,curt_vre,prm15_fix_wcost_re16_c2p1_tnt1
2030,Chile,0.0,curt_vre,prm15_fix_wcost_re16_c2p1_tnt1
2030,Paraguay,0.0,curt_vre,prm15_fix_wcost_re16_c2p1_tnt1
2030,Uruguay,0.0,curt_vre,prm15_fix_wcost_re16_c2p1_tnt1
2035,Argentina,0.0,curt_vre,prm15_fix_wcost_re16_c2p1_tnt1
2035,Brazil,0.0,curt_vre,prm15_fix_wcost_re16_c2p1_tnt1
2035,Chile,0.0,curt_vre,prm15_fix_wcost_re16_c2p1_tnt1
2035,Paraguay,0.0,curt_vre,prm15_fix_wcost_re16_c2p1_tnt1
2035,Uruguay,0.0,curt_vre,prm15_fix_wcost_re16_c2p1_tnt1
2040,Argentina,0.0,curt_vre,prm15_fix_wcost_re16_c2p1_tnt1
2040,Brazil,0.0,curt_vre,prm15_fix_wcost_re16_c2p1_tnt1
2040,Chile,0.0,curt_vre,prm15_fix_wcost_re16_c2p1_tnt1
2040,Paraguay,0.0,curt_vre,prm15_fix_wcost_re16_c2p1_tnt1
2040,Uruguay,0.0171471674150114,curt_vre,prm15_fix_wcost_re16_c2p1_tnt1
2045,Argentina,0.0,curt_vre,prm15_fix_wcost_re16_c2p1_tnt1
2045,Brazil,0.0,curt_vre,prm15_fix_wcost_re16_c2p1_tnt1
2045,Chile,0.0,curt_vre,prm15_fix_wcost_re16_c2p1_tnt1
2045,Paraguay,3.8368824440939338,curt_vre,prm15_fix_wcost_re16_c2p1_tnt1
2045,Uruguay,0.3290287129330328,curt_vre,prm15_fix_wcost_re16_c2p1_tnt1
2050,Argentina,0.0,curt_vre,prm15_fix_wcost_re16_c2p1_tnt1
2050,Brazil,0.0,curt_vre,prm15_fix_wcost_re16_c2p1_tnt1
2050,Chile,0.0,curt_vre,prm15_fix_wcost_re16_c2p1_tnt1
2050,Paraguay,16.683559554666694,curt_vre,prm15_fix_wcost_re16_c2p1_tnt1
2050,Uruguay,0.5722479768984828,curt_vre,prm15_fix_wcost_re16_c2p1_tnt1
2020,Argentina,0.0,curt_vre,prm15_fix_wcost_re17_c2p1_co2_cut90p_tnt1
2020,Brazil,0.34449016400000004,curt_vre,prm15_fix_wcost_re17_c2p1_co2_cut90p_tnt1
2020,Chile,0.0,curt_vre,prm15_fix_wcost_re17_c2p1_co2_cut90p_tnt1
2020,Paraguay,0.0,curt_vre,prm15_fix_wcost_re17_c2p1_co2_cut90p_tnt1
2020,Uruguay,0.2597458120000001,curt_vre,prm15_fix_wcost_re17_c2p1_co2_cut90p_tnt1
2025,Argentina,0.0,curt_vre,prm15_fix_wcost_re17_c2p1_co2_cut90p_tnt1
2025,Brazil,2.5423679449999996,curt_vre,prm15_fix_wcost_re17_c2p1_co2_cut90p_tnt1
2025,Chile,0.0,curt_vre,prm15_fix_wcost_re17_c2p1_co2_cut90p_tnt1
2025,Paraguay,0.0,curt_vre,prm15_fix_wcost_re17_c2p1_co2_cut90p_tnt1
2025,Uruguay,0.1684637122400101,curt_vre,prm15_fix_wcost_re17_c2p1_co2_cut90p_tnt1
2030,Argentina,0.0,curt_vre,prm15_fix_wcost_re17_c2p1_co2_cut90p_tnt1
2030,Brazil,2.429574443792324,curt_vre,prm15_fix_wcost_re17_c2p1_co2_cut90p_tnt1
2030,Chile,0.0,curt_vre,prm15_fix_wcost_re17_c2p1_co2_cut90p_tnt1
2030,Paraguay,0.0,curt_vre,prm15_fix_wcost_re17_c2p1_co2_cut90p_tnt1
2030,Uruguay,0.07575020045665658,curt_vre,prm15_fix_wcost_re17_c2p1_co2_cut90p_tnt1
2035,Argentina,10.69839775824419,curt_vre,prm15_fix_wcost_re17_c2p1_co2_cut90p_tnt1
2035,Brazil,6.128604123912428,curt_vre,prm15_fix_wcost_re17_c2p1_co2_cut90p_tnt1
2035,Chile,0.0,curt_vre,prm15_fix_wcost_re17_c2p1_co2_cut90p_tnt1
2035,Paraguay,0.0,curt_vre,prm15_fix_wcost_re17_c2p1_co2_cut90p_tnt1
2035,Uruguay,0.14451453854449953,curt_vre,prm15_fix_wcost_re17_c2p1_co2_cut90p_tnt1
2040,Argentina,28.963032504831755,curt_vre,prm15_fix_wcost_re17_c2p1_co2_cut90p_tnt1
2040,Brazil,10.390915297654109,curt_vre,prm15_fix_wcost_re17_c2p1_co2_cut90p_tnt1
2040,Chile,0.0,curt_vre,prm15_fix_wcost_re17_c2p1_co2_cut90p_tnt1
2040,Paraguay,0.0,curt_vre,prm15_fix_wcost_re17_c2p1_co2_cut90p_tnt1
2040,Uruguay,0.9093276774183783,curt_vre,prm15_fix_wcost_re17_c2p1_co2_cut90p_tnt1
2045,Argentina,59.9469675982009,curt_vre,prm15_fix_wcost_re17_c2p1_co2_cut90p_tnt1
2045,Brazil,22.09349678179351,curt_vre,prm15_fix_wcost_re17_c2p1_co2_cut90p_tnt1
2045,Chile,0.0,curt_vre,prm15_fix_wcost_re17_c2p1_co2_cut90p_tnt1
2045,Paraguay,30.815086331558568,curt_vre,prm15_fix_wcost_re17_c2p1_co2_cut90p_tnt1
2045,Uruguay,1.5592858011747244,curt_vre,prm15_fix_wcost_re17_c2p1_co2_cut90p_tnt1
2050,Argentina,169.35513435339183,curt_vre,prm15_fix_wcost_re17_c2p1_co2_cut90p_tnt1
2050,Brazil,33.81736362314753,curt_vre,prm15_fix_wcost_re17_c2p1_co2_cut90p_tnt1
2050,Chile,0.0008296818788595999,curt_vre,prm15_fix_wcost_re17_c2p1_co2_cut90p_tnt1
2050,Paraguay,37.41610970900976,curt_vre,prm15_fix_wcost_re17_c2p1_co2_cut90p_tnt1
2050,Uruguay,3.0434934548294184,curt_vre,prm15_fix_wcost_re17_c2p1_co2_cut90p_tnt1
2020,Argentina,0.0,curt_vre,prm15_fix_wcost_re17_c2p1_tnt1
2020,Brazil,0.0,curt_vre,prm15_fix_wcost_re17_c2p1_tnt1
2020,Chile,0.0,curt_vre,prm15_fix_wcost_re17_c2p1_tnt1
2020,Paraguay,0.0,curt_vre,prm15_fix_wcost_re17_c2p1_tnt1
2020,Uruguay,0.039222587999999864,curt_vre,prm15_fix_wcost_re17_c2p1_tnt1
2025,Argentina,0.0,curt_vre,prm15_fix_wcost_re17_c2p1_tnt1
2025,Brazil,0.0,curt_vre,prm15_fix_wcost_re17_c2p1_tnt1
2025,Chile,0.0,curt_vre,prm15_fix_wcost_re17_c2p1_tnt1
2025,Paraguay,0.0,curt_vre,prm15_fix_wcost_re17_c2p1_tnt1
2025,Uruguay,0.004206886000000005,curt_vre,prm15_fix_wcost_re17_c2p1_tnt1
2030,Argentina,0.0,curt_vre,prm15_fix_wcost_re17_c2p1_tnt1
2030,Brazil,0.0,curt_vre,prm15_fix_wcost_re17_c2p1_tnt1
2030,Chile,0.0,curt_vre,prm15_fix_wcost_re17_c2p1_tnt1
2030,Paraguay,0.0,curt_vre,prm15_fix_wcost_re17_c2p1_tnt1
2030,Uruguay,0.0,curt_vre,prm15_fix_wcost_re17_c2p1_tnt1
2035,Argentina,0.0,curt_vre,prm15_fix_wcost_re17_c2p1_tnt1
2035,Brazil,0.0,curt_vre,prm15_fix_wcost_re17_c2p1_tnt1
2035,Chile,0.0,curt_vre,prm15_fix_wcost_re17_c2p1_tnt1
2035,Paraguay,0.0,curt_vre,prm15_fix_wcost_re17_c2p1_tnt1
2035,Uruguay,0.0,curt_vre,prm15_fix_wcost_re17_c2p1_tnt1
2040,Argentina,0.0,curt_vre,prm15_fix_wcost_re17_c2p1_tnt1
2040,Brazil,0.0,curt_vre,prm15_fix_wcost_re17_c2p1_tnt1
2040,Chile,0.0,curt_vre,prm15_fix_wcost_re17_c2p1_tnt1
2040,Paraguay,0.0,curt_vre,prm15_fix_wcost_re17_c2p1_tnt1
2040,Uruguay,0.0,curt_vre,prm15_fix_wcost_re17_c2p1_tnt1
2045,Argentina,0.0,curt_vre,prm15_fix_wcost_re17_c2p1_tnt1
2045,Brazil,0.0,curt_vre,prm15_fix_wcost_re17_c2p1_tnt1
2045,Chile,0.0,curt_vre,prm15_fix_wcost_re17_c2p1_tnt1
2045,Paraguay,0.5133305039310665,curt_vre,prm15_fix_wcost_re17_c2p1_tnt1
2045,Uruguay,0.0060221776880797495,curt_vre,prm15_fix_wcost_re17_c2p1_tnt1
2050,Argentina,0.0,curt_vre,prm15_fix_wcost_re17_c2p1_tnt1
2050,Brazil,0.0,curt_vre,prm15_fix_wcost_re17_c2p1_tnt1
2050,Chile,0.0,curt_vre,prm15_fix_wcost_re17_c2p1_tnt1
2050,Paraguay,8.838611987581775,curt_vre,prm15_fix_wcost_re17_c2p1_tnt1
2050,Uruguay,0.15803683753035153,curt_vre,prm15_fix_wcost_re17_c2p1_tnt1
2020,Argentina,0.0,curt_vre,prm15_fix_wcost_re18_c2p1_co2_cut90p_tnt1
2020,Brazil,0.018801627999999997,curt_vre,prm15_fix_wcost_re18_c2p1_co2_cut90p_tnt1
2020,Chile,0.0,curt_vre,prm15_fix_wcost_re18_c2p1_co2_cut90p_tnt1
2020,Paraguay,0.0,curt_vre,prm15_fix_wcost_re18_c2p1_co2_cut90p_tnt1
2020,Uruguay,0.13842365,curt_vre,prm15_fix_wcost_re18_c2p1_co2_cut90p_tnt1
2025,Argentina,0.0,curt_vre,prm15_fix_wcost_re18_c2p1_co2_cut90p_tnt1
2025,Brazil,0.0,curt_vre,prm15_fix_wcost_re18_c2p1_co2_cut90p_tnt1
2025,Chile,0.0,curt_vre,prm15_fix_wcost_re18_c2p1_co2_cut90p_tnt1
2025,Paraguay,0.0,curt_vre,prm15_fix_wcost_re18_c2p1_co2_cut90p_tnt1
2025,Uruguay,0.017476696000000014,curt_vre,prm15_fix_wcost_re18_c2p1_co2_cut90p_tnt1
2030,Argentina,0.0,curt_vre,prm15_fix_wcost_re18_c2p1_co2_cut90p_tnt1
2030,Brazil,0.0,curt_vre,prm15_fix_wcost_re18_c2p1_co2_cut90p_tnt1
2030,Chile,0.0,curt_vre,prm15_fix_wcost_re18_c2p1_co2_cut90p_tnt1
2030,Paraguay,0.0,curt_vre,prm15_fix_wcost_re18_c2p1_co2_cut90p_tnt1
2030,Uruguay,0.0,curt_vre,prm15_fix_wcost_re18_c2p1_co2_cut90p_tnt1
2035,Argentina,3.9666294895459937,curt_vre,prm15_fix_wcost_re18_c2p1_co2_cut90p_tnt1
2035,Brazil,0.0,curt_vre,prm15_fix_wcost_re18_c2p1_co2_cut90p_tnt1
2035,Chile,0.005128377895671801,curt_vre,prm15_fix_wcost_re18_c2p1_co2_cut90p_tnt1
2035,Paraguay,0.0,curt_vre,prm15_fix_wcost_re18_c2p1_co2_cut90p_tnt1
2035,Uruguay,0.10587876480647739,curt_vre,prm15_fix_wcost_re18_c2p1_co2_cut90p_tnt1
2040,Argentina,11.852102988610604,curt_vre,prm15_fix_wcost_re18_c2p1_co2_cut90p_tnt1
2040,Brazil,0.0,curt_vre,prm15_fix_wcost_re18_c2p1_co2_cut90p_tnt1
2040,Chile,0.04520467935701808,curt_vre,prm15_fix_wcost_re18_c2p1_co2_cut90p_tnt1
2040,Paraguay,0.0,curt_vre,prm15_fix_wcost_re18_c2p1_co2_cut90p_tnt1
2040,Uruguay,0.43117334663493806,curt_vre,prm15_fix_wcost_re18_c2p1_co2_cut90p_tnt1
2045,Argentina,44.60998130296918,curt_vre,prm15_fix_wcost_re18_c2p1_co2_cut90p_tnt1
2045,Brazil,0.07845393193770749,curt_vre,prm15_fix_wcost_re18_c2p1_co2_cut90p_tnt1
2045,Chile,3.1942186469729856,curt_vre,prm15_fix_wcost_re18_c2p1_co2_cut90p_tnt1
2045,Paraguay,37.391502455991706,curt_vre,prm15_fix_wcost_re18_c2p1_co2_cut90p_tnt1
2045,Uruguay,0.2343707285013624,curt_vre,prm15_fix_wcost_re18_c2p1_co2_cut90p_tnt1
2050,Argentina,131.73961523986733,curt_vre,prm15_fix_wcost_re18_c2p1_co2_cut90p_tnt1
2050,Brazil,6.699109658441359,curt_vre,prm15_fix_wcost_re18_c2p1_co2_cut90p_tnt1
2050,Chile,0.9535271075106122,curt_vre,prm15_fix_wcost_re18_c2p1_co2_cut90p_tnt1
2050,Paraguay,39.049085682467314,curt_vre,prm15_fix_wcost_re18_c2p1_co2_cut90p_tnt1
2050,Uruguay,0.8746829205381133,curt_vre,prm15_fix_wcost_re18_c2p1_co2_cut90p_tnt1
2020,Argentina,0.0,curt_vre,prm15_fix_wcost_re18_c2p1_tnt1
2020,Brazil,0.0,curt_vre,prm15_fix_wcost_re18_c2p1_tnt1
2020,Chile,0.0,curt_vre,prm15_fix_wcost_re18_c2p1_tnt1
2020,Paraguay,0.0,curt_vre,prm15_fix_wcost_re18_c2p1_tnt1
2020,Uruguay,0.04062071200000001,curt_vre,prm15_fix_wcost_re18_c2p1_tnt1
2025,Argentina,0.0,curt_vre,prm15_fix_wcost_re18_c2p1_tnt1
2025,Brazil,0.0,curt_vre,prm15_fix_wcost_re18_c2p1_tnt1
2025,Chile,0.0,curt_vre,prm15_fix_wcost_re18_c2p1_tnt1
2025,Paraguay,0.0,curt_vre,prm15_fix_wcost_re18_c2p1_tnt1
2025,Uruguay,0.0,curt_vre,prm15_fix_wcost_re18_c2p1_tnt1
2030,Argentina,0.0,curt_vre,prm15_fix_wcost_re18_c2p1_tnt1
2030,Brazil,0.0,curt_vre,prm15_fix_wcost_re18_c2p1_tnt1
2030,Chile,0.0,curt_vre,prm15_fix_wcost_re18_c2p1_tnt1
2030,Paraguay,0.0,curt_vre,prm15_fix_wcost_re18_c2p1_tnt1
2030,Uruguay,0.0,curt_vre,prm15_fix_wcost_re18_c2p1_tnt1
2035,Argentina,0.0,curt_vre,prm15_fix_wcost_re18_c2p1_tnt1
2035,Brazil,0.0,curt_vre,prm15_fix_wcost_re18_c2p1_tnt1
2035,Chile,0.0,curt_vre,prm15_fix_wcost_re18_c2p1_tnt1
2035,Paraguay,0.0,curt_vre,prm15_fix_wcost_re18_c2p1_tnt1
2035,Uruguay,0.0,curt_vre,prm15_fix_wcost_re18_c2p1_tnt1
2040,Argentina,0.0,curt_vre,prm15_fix_wcost_re18_c2p1_tnt1
2040,Brazil,0.0,curt_vre,prm15_fix_wcost_re18_c2p1_tnt1
2040,Chile,0.0,curt_vre,prm15_fix_wcost_re18_c2p1_tnt1
2040,Paraguay,0.0,curt_vre,prm15_fix_wcost_re18_c2p1_tnt1
2040,Uruguay,0.0,curt_vre,prm15_fix_wcost_re18_c2p1_tnt1
2045,Argentina,0.0,curt_vre,prm15_fix_wcost_re18_c2p1_tnt1
2045,Brazil,0.0,curt_vre,prm15_fix_wcost_re18_c2p1_tnt1
2045,Chile,0.0,curt_vre,prm15_fix_wcost_re18_c2p1_tnt1
2045,Paraguay,0.719897676574497,curt_vre,prm15_fix_wcost_re18_c2p1_tnt1
2045,Uruguay,0.0,curt_vre,prm15_fix_wcost_re18_c2p1_tnt1
2050,Argentina,0.0,curt_vre,prm15_fix_wcost_re18_c2p1_tnt1
2050,Brazil,0.0,curt_vre,prm15_fix_wcost_re18_c2p1_tnt1
2050,Chile,0.0,curt_vre,prm15_fix_wcost_re18_c2p1_tnt1
2050,Paraguay,7.8031480295610125,curt_vre,prm15_fix_wcost_re18_c2p1_tnt1
2050,Uruguay,0.0,curt_vre,prm15_fix_wcost_re18_c2p1_tnt1
2020,Argentina,0.0,curt_vre,prm15_fix_wcost_re19_c2p1_co2_cut90p_tnt1
2020,Brazil,0.020038812,curt_vre,prm15_fix_wcost_re19_c2p1_co2_cut90p_tnt1
2020,Chile,0.0,curt_vre,prm15_fix_wcost_re19_c2p1_co2_cut90p_tnt1
2020,Paraguay,0.0,curt_vre,prm15_fix_wcost_re19_c2p1_co2_cut90p_tnt1
2020,Uruguay,0.08792185199999998,curt_vre,prm15_fix_wcost_re19_c2p1_co2_cut90p_tnt1
2025,Argentina,0.0,curt_vre,prm15_fix_wcost_re19_c2p1_co2_cut90p_tnt1
2025,Brazil,0.0,curt_vre,prm15_fix_wcost_re19_c2p1_co2_cut90p_tnt1
2025,Chile,0.0,curt_vre,prm15_fix_wcost_re19_c2p1_co2_cut90p_tnt1
2025,Paraguay,0.0,curt_vre,prm15_fix_wcost_re19_c2p1_co2_cut90p_tnt1
2025,Uruguay,0.009726016000000014,curt_vre,prm15_fix_wcost_re19_c2p1_co2_cut90p_tnt1
2030,Argentina,0.0,curt_vre,prm15_fix_wcost_re19_c2p1_co2_cut90p_tnt1
2030,Brazil,0.0,curt_vre,prm15_fix_wcost_re19_c2p1_co2_cut90p_tnt1
2030,Chile,0.0,curt_vre,prm15_fix_wcost_re19_c2p1_co2_cut90p_tnt1
2030,Paraguay,0.0,curt_vre,prm15_fix_wcost_re19_c2p1_co2_cut90p_tnt1
2030,Uruguay,0.0,curt_vre,prm15_fix_wcost_re19_c2p1_co2_cut90p_tnt1
2035,Argentina,4.438163500525293,curt_vre,prm15_fix_wcost_re19_c2p1_co2_cut90p_tnt1
2035,Brazil,0.0,curt_vre,prm15_fix_wcost_re19_c2p1_co2_cut90p_tnt1
2035,Chile,0.03495196718192751,curt_vre,prm15_fix_wcost_re19_c2p1_co2_cut90p_tnt1
2035,Paraguay,0.0,curt_vre,prm15_fix_wcost_re19_c2p1_co2_cut90p_tnt1
2035,Uruguay,0.03310235410418636,curt_vre,prm15_fix_wcost_re19_c2p1_co2_cut90p_tnt1
2040,Argentina,11.869766356674553,curt_vre,prm15_fix_wcost_re19_c2p1_co2_cut90p_tnt1
2040,Brazil,0.0,curt_vre,prm15_fix_wcost_re19_c2p1_co2_cut90p_tnt1
2040,Chile,0.25992565523842454,curt_vre,prm15_fix_wcost_re19_c2p1_co2_cut90p_tnt1
2040,Paraguay,0.0,curt_vre,prm15_fix_wcost_re19_c2p1_co2_cut90p_tnt1
2040,Uruguay,0.42275322883744576,curt_vre,prm15_fix_wcost_re19_c2p1_co2_cut90p_tnt1
2045,Argentina,43.93051445311943,curt_vre,prm15_fix_wcost_re19_c2p1_co2_cut90p_tnt1
2045,Brazil,0.03166776942474169,curt_vre,prm15_fix_wcost_re19_c2p1_co2_cut90p_tnt1
2045,Chile,4.355444240722642,curt_vre,prm15_fix_wcost_re19_c2p1_co2_cut90p_tnt1
2045,Paraguay,35.94768967845344,curt_vre,prm15_fix_wcost_re19_c2p1_co2_cut90p_tnt1
2045,Uruguay,0.8143740405054727,curt_vre,prm15_fix_wcost_re19_c2p1_co2_cut90p_tnt1
2050,Argentina,122.34267477096012,curt_vre,prm15_fix_wcost_re19_c2p1_co2_cut90p_tnt1
2050,Brazil,5.486825107950042,curt_vre,prm15_fix_wcost_re19_c2p1_co2_cut90p_tnt1
2050,Chile,4.441495912530328,curt_vre,prm15_fix_wcost_re19_c2p1_co2_cut90p_tnt1
2050,Paraguay,40.49734073563408,curt_vre,prm15_fix_wcost_re19_c2p1_co2_cut90p_tnt1
2050,Uruguay,1.0008739053357492,curt_vre,prm15_fix_wcost_re19_c2p1_co2_cut90p_tnt1
2020,Argentina,0.0,curt_vre,prm15_fix_wcost_re19_c2p1_tnt1
2020,Brazil,0.0,curt_vre,prm15_fix_wcost_re19_c2p1_tnt1
2020,Chile,0.0,curt_vre,prm15_fix_wcost_re19_c2p1_tnt1
2020,Paraguay,0.0,curt_vre,prm15_fix_wcost_re19_c2p1_tnt1
2020,Uruguay,0.04917357800000001,curt_vre,prm15_fix_wcost_re19_c2p1_tnt1
2025,Argentina,0.0,curt_vre,prm15_fix_wcost_re19_c2p1_tnt1
2025,Brazil,0.0,curt_vre,prm15_fix_wcost_re19_c2p1_tnt1
2025,Chile,0.0,curt_vre,prm15_fix_wcost_re19_c2p1_tnt1
2025,Paraguay,0.0,curt_vre,prm15_fix_wcost_re19_c2p1_tnt1
2025,Uruguay,0.0,curt_vre,prm15_fix_wcost_re19_c2p1_tnt1
2030,Argentina,0.0,curt_vre,prm15_fix_wcost_re19_c2p1_tnt1
2030,Brazil,0.0,curt_vre,prm15_fix_wcost_re19_c2p1_tnt1
2030,Chile,0.0,curt_vre,prm15_fix_wcost_re19_c2p1_tnt1
2030,Paraguay,0.0,curt_vre,prm15_fix_wcost_re19_c2p1_tnt1
2030,Uruguay,0.0,curt_vre,prm15_fix_wcost_re19_c2p1_tnt1
2035,Argentina,0.0,curt_vre,prm15_fix_wcost_re19_c2p1_tnt1
2035,Brazil,0.0,curt_vre,prm15_fix_wcost_re19_c2p1_tnt1
2035,Chile,0.0,curt_vre,prm15_fix_wcost_re19_c2p1_tnt1
2035,Paraguay,0.0,curt_vre,prm15_fix_wcost_re19_c2p1_tnt1
2035,Uruguay,0.0,curt_vre,prm15_fix_wcost_re19_c2p1_tnt1
2040,Argentina,0.0,curt_vre,prm15_fix_wcost_re19_c2p1_tnt1
2040,Brazil,0.0,curt_vre,prm15_fix_wcost_re19_c2p1_tnt1
2040,Chile,0.0,curt_vre,prm15_fix_wcost_re19_c2p1_tnt1
2040,Paraguay,0.0,curt_vre,prm15_fix_wcost_re19_c2p1_tnt1
2040,Uruguay,0.0,curt_vre,prm15_fix_wcost_re19_c2p1_tnt1
2045,Argentina,0.0,curt_vre,prm15_fix_wcost_re19_c2p1_tnt1
2045,Brazil,0.0,curt_vre,prm15_fix_wcost_re19_c2p1_tnt1
2045,Chile,0.0,curt_vre,prm15_fix_wcost_re19_c2p1_tnt1
2045,Paraguay,0.8063641784999651,curt_vre,prm15_fix_wcost_re19_c2p1_tnt1
2045,Uruguay,0.0,curt_vre,prm15_fix_wcost_re19_c2p1_tnt1
2050,Argentina,0.0,curt_vre,prm15_fix_wcost_re19_c2p1_tnt1
2050,Brazil,0.0,curt_vre,prm15_fix_wcost_re19_c2p1_tnt1
2050,Chile,0.0,curt_vre,prm15_fix_wcost_re19_c2p1_tnt1
2050,Paraguay,7.74653776908766,curt_vre,prm15_fix_wcost_re19_c2p1_tnt1
2050,Uruguay,0.0,curt_vre,prm15_fix_wcost_re19_c2p1_tnt1
2020,Argentina,0.0,curt_vre,prm15_fix_wcost_re20_c2p1_co2_cut90p_tnt1
2020,Brazil,0.019513901,curt_vre,prm15_fix_wcost_re20_c2p1_co2_cut90p_tnt1
2020,Chile,0.0,curt_vre,prm15_fix_wcost_re20_c2p1_co2_cut90p_tnt1
2020,Paraguay,0.0,curt_vre,prm15_fix_wcost_re20_c2p1_co2_cut90p_tnt1
2020,Uruguay,0.11935020399999985,curt_vre,prm15_fix_wcost_re20_c2p1_co2_cut90p_tnt1
2025,Argentina,0.0,curt_vre,prm15_fix_wcost_re20_c2p1_co2_cut90p_tnt1
2025,Brazil,0.0,curt_vre,prm15_fix_wcost_re20_c2p1_co2_cut90p_tnt1
2025,Chile,0.0,curt_vre,prm15_fix_wcost_re20_c2p1_co2_cut90p_tnt1
2025,Paraguay,0.0,curt_vre,prm15_fix_wcost_re20_c2p1_co2_cut90p_tnt1
2025,Uruguay,0.011021731999999963,curt_vre,prm15_fix_wcost_re20_c2p1_co2_cut90p_tnt1
2030,Argentina,0.0,curt_vre,prm15_fix_wcost_re20_c2p1_co2_cut90p_tnt1
2030,Brazil,0.0,curt_vre,prm15_fix_wcost_re20_c2p1_co2_cut90p_tnt1
2030,Chile,0.0,curt_vre,prm15_fix_wcost_re20_c2p1_co2_cut90p_tnt1
2030,Paraguay,0.0,curt_vre,prm15_fix_wcost_re20_c2p1_co2_cut90p_tnt1
2030,Uruguay,0.005886402667329608,curt_vre,prm15_fix_wcost_re20_c2p1_co2_cut90p_tnt1
2035,Argentina,3.352637208248603,curt_vre,prm15_fix_wcost_re20_c2p1_co2_cut90p_tnt1
2035,Brazil,0.0,curt_vre,prm15_fix_wcost_re20_c2p1_co2_cut90p_tnt1
2035,Chile,0.0,curt_vre,prm15_fix_wcost_re20_c2p1_co2_cut90p_tnt1
2035,Paraguay,0.0,curt_vre,prm15_fix_wcost_re20_c2p1_co2_cut90p_tnt1
2035,Uruguay,0.17950814864827988,curt_vre,prm15_fix_wcost_re20_c2p1_co2_cut90p_tnt1
2040,Argentina,15.641412341249836,curt_vre,prm15_fix_wcost_re20_c2p1_co2_cut90p_tnt1
2040,Brazil,0.0,curt_vre,prm15_fix_wcost_re20_c2p1_co2_cut90p_tnt1
2040,Chile,0.0,curt_vre,prm15_fix_wcost_re20_c2p1_co2_cut90p_tnt1
2040,Paraguay,0.0,curt_vre,prm15_fix_wcost_re20_c2p1_co2_cut90p_tnt1
2040,Uruguay,0.5888377802402027,curt_vre,prm15_fix_wcost_re20_c2p1_co2_cut90p_tnt1
2045,Argentina,42.3059911758353,curt_vre,prm15_fix_wcost_re20_c2p1_co2_cut90p_tnt1
2045,Brazil,0.0,curt_vre,prm15_fix_wcost_re20_c2p1_co2_cut90p_tnt1
2045,Chile,0.0,curt_vre,prm15_fix_wcost_re20_c2p1_co2_cut90p_tnt1
2045,Paraguay,27.339478840077366,curt_vre,prm15_fix_wcost_re20_c2p1_co2_cut90p_tnt1
2045,Uruguay,0.20375965848756603,curt_vre,prm15_fix_wcost_re20_c2p1_co2_cut90p_tnt1
2050,Argentina,107.69458723328836,curt_vre,prm15_fix_wcost_re20_c2p1_co2_cut90p_tnt1
2050,Brazil,2.2732073593275555,curt_vre,prm15_fix_wcost_re20_c2p1_co2_cut90p_tnt1
2050,Chile,0.10919149406455837,curt_vre,prm15_fix_wcost_re20_c2p1_co2_cut90p_tnt1
2050,Paraguay,39.27837136395063,curt_vre,prm15_fix_wcost_re20_c2p1_co2_cut90p_tnt1
2050,Uruguay,0.8502148353763609,curt_vre,prm15_fix_wcost_re20_c2p1_co2_cut90p_tnt1
2020,Argentina,0.0,curt_vre,prm15_fix_wcost_re20_c2p1_tnt1
2020,Brazil,0.018615753000000006,curt_vre,prm15_fix_wcost_re20_c2p1_tnt1
2020,Chile,0.0,curt_vre,prm15_fix_wcost_re20_c2p1_tnt1
2020,Paraguay,0.0,curt_vre,prm15_fix_wcost_re20_c2p1_tnt1
2020,Uruguay,0.09326154523999952,curt_vre,prm15_fix_wcost_re20_c2p1_tnt1
2025,Argentina,0.0,curt_vre,prm15_fix_wcost_re20_c2p1_tnt1
2025,Brazil,0.0,curt_vre,prm15_fix_wcost_re20_c2p1_tnt1
2025,Chile,0.0,curt_vre,prm15_fix_wcost_re20_c2p1_tnt1
2025,Paraguay,0.0,curt_vre,prm15_fix_wcost_re20_c2p1_tnt1
2025,Uruguay,0.0029164859999998914,curt_vre,prm15_fix_wcost_re20_c2p1_tnt1
2030,Argentina,0.0,curt_vre,prm15_fix_wcost_re20_c2p1_tnt1
2030,Brazil,0.0,curt_vre,prm15_fix_wcost_re20_c2p1_tnt1
2030,Chile,0.0,curt_vre,prm15_fix_wcost_re20_c2p1_tnt1
2030,Paraguay,0.0,curt_vre,prm15_fix_wcost_re20_c2p1_tnt1
2030,Uruguay,0.0,curt_vre,prm15_fix_wcost_re20_c2p1_tnt1
2035,Argentina,0.0,curt_vre,prm15_fix_wcost_re20_c2p1_tnt1
2035,Brazil,0.0,curt_vre,prm15_fix_wcost_re20_c2p1_tnt1
2035,Chile,0.0,curt_vre,prm15_fix_wcost_re20_c2p1_tnt1
2035,Paraguay,0.0,curt_vre,prm15_fix_wcost_re20_c2p1_tnt1
2035,Uruguay,0.0,curt_vre,prm15_fix_wcost_re20_c2p1_tnt1
2040,Argentina,0.0,curt_vre,prm15_fix_wcost_re20_c2p1_tnt1
2040,Brazil,0.0,curt_vre,prm15_fix_wcost_re20_c2p1_tnt1
2040,Chile,0.0,curt_vre,prm15_fix_wcost_re20_c2p1_tnt1
2040,Paraguay,0.0,curt_vre,prm15_fix_wcost_re20_c2p1_tnt1
2040,Uruguay,0.04537514095328975,curt_vre,prm15_fix_wcost_re20_c2p1_tnt1
2045,Argentina,0.0,curt_vre,prm15_fix_wcost_re20_c2p1_tnt1
2045,Brazil,0.0,curt_vre,prm15_fix_wcost_re20_c2p1_tnt1
2045,Chile,0.0,curt_vre,prm15_fix_wcost_re20_c2p1_tnt1
2045,Paraguay,4.653470373832284,curt_vre,prm15_fix_wcost_re20_c2p1_tnt1
2045,Uruguay,0.41535307173416514,curt_vre,prm15_fix_wcost_re20_c2p1_tnt1
2050,Argentina,0.0,curt_vre,prm15_fix_wcost_re20_c2p1_tnt1
2050,Brazil,0.0,curt_vre,prm15_fix_wcost_re20_c2p1_tnt1
2050,Chile,0.0,curt_vre,prm15_fix_wcost_re20_c2p1_tnt1
2050,Paraguay,18.448390508787103,curt_vre,prm15_fix_wcost_re20_c2p1_tnt1
2050,Uruguay,0.7008818209434031,curt_vre,prm15_fix_wcost_re20_c2p1_tnt1
